message,label
Pls dont restrict her from eating anythin she likes for the next two days.,ham
Same to u...,ham
Urgent Ur £500 guaranteed award is still unclaimed! Call 09066368327 NOW closingdate04/09/02 claimcode M39M51 £1.50pmmorefrommobile2Bremoved-MobyPOBox734LS27YF,spam
"Sorry, I can't help you on this.",ham
But we havent got da topic yet rite?,ham
Sorry me going home first... Daddy come fetch ü later...,ham
Send to someone else :-),ham
HI DARLIN ITS KATE ARE U UP FOR DOIN SOMETHIN TONIGHT? IM GOING TO A PUB CALLED THE SWAN OR SOMETHING WITH MY PARENTS FOR ONE DRINK SO PHONE ME IF U CAN,ham
I hope you arnt pissed off but id would really like to see you tomorrow. Love me xxxxxxxxxxxxxX,ham
Kind of. Took it to garage. Centre part of exhaust needs replacing. Part ordered n taking it to be fixed tomo morning.,ham
But i juz remembered i gotta bathe my dog today..,ham
Message from . I am at Truro Hospital on ext. You can phone me here. as I have a phone by my side,ham
"I sent my scores to sophas and i had to do secondary application for a few schools. I think if you are thinking of applying, do a research on cost also. Contact joke ogunrinde, her school is one me the less expensive ones",ham
You have won a Nokia 7250i. This is what you get when you win our FREE auction. To take part send Nokia to 86021 now. HG/Suite342/2Lands Row/W1JHL 16+,spam
"1000's flirting NOW! Txt GIRL or BLOKE & ur NAME & AGE, eg GIRL ZOE 18 to 8007 to join and get chatting!",spam
You'd like that wouldn't you? Jerk!,ham
FREE>Ringtone! Reply REAL or POLY eg REAL1 1. PushButton 2. DontCha 3. BabyGoodbye 4. GoldDigger 5. WeBeBurnin 1st tone FREE and 6 more when u join for £3/wk,spam
Play w computer? Aiyah i tok 2 u lor?,ham
"You are always putting your business out there. You put pictures of your ass on facebook. You are one of the most open people i've ever met. Why would i think a picture of your room would hurt you, make you feel violated.",ham
Then ur physics get a-?,ham
YOU HAVE WON! As a valued Vodafone customer our computer has picked YOU to win a £150 prize. To collect is easy. Just call 09061743386,spam
Jay's getting really impatient and belligerent,ham
"Cool, I'll text you in a few",ham
"Orange customer, you may now claim your FREE CAMERA PHONE upgrade for your loyalty. Call now on 0207 153 9996. Offer ends 14thMarch. T&C's apply. Opt-out availa",spam
Anything...,ham
Just curious because my cuz asked what I was up to,ham
hows my favourite person today? r u workin hard? couldn't sleep again last nite nearly rang u at 4.30,ham
Pls accept me for one day. Or am begging you change the number.,ham
I am getting threats from your sales executive Shifad as i raised complaint against him. Its an official message.,ham
I'm home. Ard wat time will u reach?,ham
Dunno he jus say go lido. Same time 930.,ham
Havent.,ham
Am on the uworld site. Am i buying the qbank only or am i buying it with the self assessment also?,ham
It's é only $140 ard...É rest all ard $180 at least...Which is é price 4 é 2 bedrm ($900),ham
"Got fujitsu, ibm, hp, toshiba... Got a lot of model how to say...",ham
Yup... Hey then one day on fri we can ask miwa and jiayin take leave go karaoke,ham
2 laptop... I noe infra but too slow lar... I wan fast one,ham
Please call our customer service representative on FREEPHONE 0808 145 4742 between 9am-11pm as you have WON a guaranteed £1000 cash or £5000 prize!,spam
"Superb Thought- ""Be grateful that u dont have everything u want. That means u still have an opportunity to be happier tomorrow than u are today."":-)",ham
"True. It is passable. And if you get a high score and apply for phd, you get 5years of salary. So it makes life easier.",ham
K...k...when will you give treat?,ham
Anyway holla at me whenever you're around because I need an excuse to go creep on people in sarasota,ham
URGENT! We are trying to contact U. Todays draw shows that you have won a £2000 prize GUARANTEED. Call 09066358361 from land line. Claim Y87. Valid 12hrs only,spam
"He will, you guys close?",ham
"I keep seeing weird shit and bein all ""woah"" then realising it's actually reasonable and I'm all ""oh""",ham
Yes..he is really great..bhaji told kallis best cricketer after sachin in world:).very tough to get out.,ham
Mmm so yummy babe ... Nice jolt to the suzy,ham
Pls give her the food preferably pap very slowly with loads of sugar. You can take up to an hour to give it. And then some water. Very very slowly.,ham
Ok...,ham
Promotion Number: 8714714 - UR awarded a City Break and could WIN a £200 Summer Shopping spree every WK. Txt STORE to 88039 . SkilGme. TsCs087147403231Winawk!Age16 £1.50perWKsub,spam
U have a Secret Admirer who is looking 2 make contact with U-find out who they R*reveal who thinks UR so special-call on 09065171142-stopsms-08,spam
Thanks and ! Or bomb and date as my phone wanted to say!,ham
Lovely smell on this bus and it ain't tobacco...,ham
Good night. Am going to sleep.,ham
"that would be good … I'll phone you tomo lunchtime, shall I, to organise something?",ham
Pls help me tell Ashley that i cant find her number oh,ham
Unfortunately i've just found out that we have to pick my sister up from the airport that evening so don't think i'll be going out at all. We should try to go out one of th,ham
Ok. But i finish at 6.,ham
How long does applebees fucking take,ham
Hello hun how ru? Its here by the way. Im good. Been on 2 dates with that guy i met in walkabout so far. We have to meet up soon. Hows everyone else?,ham
"Coffee cake, i guess...",ham
Tell me they're female :V how're you throwing in? We're deciding what all to get now,ham
"Thanx 4 the time weve spent 2geva, its bin mint! Ur my Baby and all I want is u!xxxx",ham
But you were together so you should be thinkin about him,ham
Gudnite....tc...practice going on,ham
Ranjith cal drpd Deeraj and deepak 5min hold,ham
+123 Congratulations - in this week's competition draw u have won the £1450 prize to claim just call 09050002311 b4280703. T&Cs/stop SMS 08718727868. Over 18 only 150ppm,spam
IM FINE BABES AINT BEEN UP 2 MUCH THO! SAW SCARY MOVIE YEST ITS QUITE FUNNY! WANT 2MRW AFTERNOON? AT TOWN OR MALL OR SUMTHIN?xx,ham
S.this will increase the chance of winning.,ham
Lol great now im getting hungry.,ham
Just finished eating. Got u a plate. NOT leftovers this time.,ham
"This is the 2nd time we have tried 2 contact u. U have won the 750 Pound prize. 2 claim is easy, call 08712101358 NOW! Only 10p per min. BT-national-rate",spam
K..then come wenever u lik to come and also tel vikky to come by getting free time..:-),ham
ree entry in 2 a weekly comp for a chance to win an ipod. Txt POD to 80182 to get entry (std txt rate) T&C's apply 08452810073 for details 18+,spam
Don know..he is watching film in computer..,ham
Think + da. You wil do.,ham
"I can make it up there, squeezed &lt;#&gt; bucks out of my dad",ham
Ok lor ü reaching then message me.,ham
"Actually, my mobile is full of msg. And i m doing a work online, where i need to send them &lt;#&gt; sent msg i wil explain u later.",ham
These won't do. Have to move on to morphine,ham
I'm leaving my house now...,ham
I accidentally brought em home in the box,ham
"Hey, I missed you tm of last night as my phone was on the charge ... *smiles* ... I am meeting a friend shortly",ham
Did u turn on the heater? The heater was on and set to &lt;#&gt; degrees.,ham
I;m reaching in another 2 stops.,ham
Ü got wat to buy tell us then ü no need to come in again.,ham
"Ya ok, then had dinner?",ham
"For ur chance to win a £250 wkly shopping spree TXT: SHOP to 80878. T's&C's www.txt-2-shop.com custcare 08715705022, 1x150p/wk",spam
No da. . Vijay going to talk in jaya tv,ham
"Now, whats your house # again ? And do you have any beer there ?",ham
Old Orchard near univ. How about you?,ham
"The world is running and i am still.maybe all are feeling the same,so be it.or i have to admit,i am mad.then where is the correction?or let me call this is life.and keep running with the world,may be u r also running.lets run.",ham
Free any day but i finish at 6 on mon n thurs...,ham
What he said is not the matter. My mind saying some other matter is there.,ham
"Win the newest “Harry Potter and the Order of the Phoenix (Book 5) reply HARRY, answer 5 questions - chance to be the first among readers!",spam
"Also north carolina and texas atm, you would just go to the gre site and pay for the test results to be sent.",ham
I HAVE A DATE ON SUNDAY WITH WILL!!,ham
"Do 1 thing! Change that sentence into: ""Because i want 2 concentrate in my educational career im leaving here..""",ham
No..few hours before.went to hair cut .,ham
Normally i use to drink more water daily:),ham
"3 FREE TAROT TEXTS! Find out about your love life now! TRY 3 FOR FREE! Text CHANCE to 85555 16 only! After 3 Free, Msgs £1.50 each",spam
Yes princess! I want to please you every night. Your wish is my command...,ham
Y?WHERE U AT DOGBREATH? ITS JUST SOUNDING LIKE JAN C THATS AL!!!!!!!!!,ham
As a Registered Subscriber yr draw 4 a £100 gift voucher will b entered on receipt of a correct ans. When are the next olympics. Txt ans to 80062,spam
You didn't have to tell me that...now i'm thinking. Plus he's going to stop all your runs,ham
"wiskey Brandy Rum Gin Beer Vodka Scotch Shampain Wine ""KUDI""yarasu dhina vaazhthukkal. ..",ham
Just sleeping..and surfing,ham
Who u talking about?,ham
"Also sir, i sent you an email about how to log into the usc payment portal. I.ll send you another message that should explain how things are back home. Have a great weekend.",ham
money!!! you r a lucky winner ! 2 claim your prize text money 2 88600 over £1million to give away ! ppt150x3+normal text rate box403 w1t1jy,spam
Daddy will take good care of you :),ham
You were supposed to wake ME up &gt;:(,ham
Wat time ü finish?,ham
Oh. U must have taken your REAL Valentine out shopping first.,ham
Done it but internet connection v slow and can‘t send it. Will try again later or first thing tomo.,ham
Tell them u have a headache and just want to use 1 hour of sick time.,ham
Why you keeping me away like this,ham
FREE for 1st week! No1 Nokia tone 4 ur mob every week just txt NOKIA to 87077 Get txting and tell ur mates. zed POBox 36504 W45WQ norm150p/tone 16+,spam
MAYBE IF YOU WOKE UP BEFORE FUCKING 3 THIS WOULDN'T BE A PROBLEM.,ham
Nice talking to you! please dont forget my pix :) i want to see all of you...,ham
Are u awake? Is there snow there?,ham
So its to be poking man everyday that they teach you in canada abi! How are you. Just saying hi.,ham
Nope watching tv at home... Not going out. V bored...,ham
"By the way, i've put a skip right outside the front of the house so you can see which house it is. Just pull up before it.",ham
Babe? You said 2 hours and it's been almost 4 ... Is your internet down ?,ham
Yupz... I've oredi booked slots 4 my weekends liao...,ham
"You aren't coming home between class, right? I need to work out and shower!",ham
Can you call me plz. Your number shows out of coveragd area. I have urgnt call in vasai &amp; have to reach before 4'o clock so call me plz,ham
Am also doing in cbe only. But have to pay.,ham
I wish! I don't think its gonna snow that much. But it will be more than those flurries we usually get that melt before they hit the ground. Eek! We haven't had snow since &lt;#&gt; before I was even born!,ham
"It doesnt make sense to take it there unless its free. If you need to know more, wikipedia.com",ham
Boooo you always work. Just quit.,ham
Ok then i come n pick u at engin?,ham
After completed degree. There is no use in joining finance.,ham
Sun ah... Thk mayb can if dun have anythin on... Thk have to book e lesson... E pilates is at orchard mrt u noe hor...,ham
No need lar i go engin? Cos my sis at arts today...,ham
"Solve d Case : A Man Was Found Murdered On &lt;DECIMAL&gt; . &lt;#&gt; AfterNoon. 1,His wife called Police. 2,Police questioned everyone. 3,Wife: Sir,I was sleeping, when the murder took place. 4.Cook: I was cooking. 5.Gardener: I was picking vegetables. 6.House-Maid: I went 2 d post office. 7.Children: We went 2 play. 8.Neighbour: We went 2 a marriage. Police arrested d murderer Immediately. Who's It? Reply With Reason, If U r Brilliant.",ham
cud u tell ppl im gona b a bit l8 cos 2 buses hav gon past cos they were full & im still waitin 4 1. Pete x,ham
Ard 530 lor. I ok then message ü lor.,ham
He neva grumble but i sad lor... Hee... Buy tmr lor aft lunch. But we still meetin 4 lunch tmr a not. Neva hear fr them lei. Ü got a lot of work ar?,ham
Are you this much buzy,ham
"Machan you go to gym tomorrow, i wil come late goodnight.",ham
Going on nothing great.bye,ham
At 4. Let's go to bill millers,ham
God's love has no limit. God's grace has no measure. God's power has no boundaries. May u have God's endless blessings always in ur life...!! Gud ni8,ham
Well done ENGLAND! Get the official poly ringtone or colour flag on yer mobile! text TONE or FLAG to 84199 NOW! Opt-out txt ENG STOP. Box39822 W111WX £1.50,spam
I will take care of financial problem.i will help:),ham
"Babe, I need your advice",ham
"Ya ok, vikky vl c witin &lt;#&gt; mins and il reply u..",ham
Oh yeah! And my diet just flew out the window,ham
"I think your mentor is , but not 100 percent sure.",ham
Where r we meeting?,ham
ALSO TELL HIM I SAID HAPPY BIRTHDAY,ham
Bugis oso near wat...,ham
I've been searching for the right words to thank you for this breather. I promise i wont take your help for granted and will fulfil my promise. You have been wonderful and a blessing at all times.,ham
He said i look pretty wif long hair wat. But i thk he's cutting quite short 4 me leh.,ham
K...k:)why cant you come here and search job:),ham
Remember to ask alex about his pizza,ham
Im good! I have been thinking about you...,ham
Appt is at &lt;TIME&gt; am. Not my fault u don't listen. I told u twice,ham
Sounds like something that someone testing me would sayy,ham
The battery is for mr adewale my uncle. Aka Egbon,ham
Email AlertFrom: Jeri StewartSize: 2KBSubject: Low-cost prescripiton drvgsTo listen to email call 123,spam
Cant think of anyone with * spare room off * top of my head,ham
Height of recycling: Read twice- People spend time for earning money and the same money is spent for spending time!;-) Good morning.. keep smiling:-),ham
GENT! We are trying to contact you. Last weekends draw shows that you won a £1000 prize GUARANTEED. Call 09064012160. Claim Code K52. Valid 12hrs only. 150ppm,spam
Captain vijaykanth is doing comedy in captain tv..he is drunken :),ham
Sad story of a Man - Last week was my b'day. My Wife did'nt wish me. My Parents forgot n so did my Kids . I went to work. Even my Colleagues did not wish.,ham
It's ok i wun b angry. Msg u aft i come home tonight.,ham
"I can. But it will tell quite long, cos i haven't finish my film yet...",ham
University of southern california.,ham
It certainly puts things into perspective when something like this happens,ham
"Thanks for your ringtone order, ref number K718. Your mobile will be charged £4.50. Should your tone not arrive please call customer services on 09065069120",spam
"Hm good morning, headache anyone? :-)",ham
So now my dad is gonna call after he gets out of work and ask all these crazy questions.,ham
Good morning pookie pie! Lol hope I didn't wake u up,ham
Going to join tomorrow.,ham
"Hi ya babe x u 4goten bout me?' scammers getting smart..Though this is a regular vodafone no, if you respond you get further prem rate msg/subscription. Other nos used also. Beware!",spam
I'm reaching home in 5 min.,ham
Hi I'm sue. I am 20 years old and work as a lapdancer. I love sex. Text me live - I'm i my bedroom now. text SUE to 89555. By TextOperator G2 1DA 150ppmsg 18+,spam
BIG BROTHER ALERT! The computer has selected u for 10k cash or #150 voucher. Call 09064018838. NTT PO Box CRO1327 18+ BT Landline Cost 150ppm mobiles vary,spam
I couldn't say no as he is a dying man and I feel sad for him so I will go and I just wanted you to know I would probably be gone late into your night,ham
Sorry da:)i was thought of calling you lot of times:)lil busy.i will call you at noon..,ham
Yo do you know anyone &lt;#&gt; or otherwise able to buy liquor? Our guy flaked and right now if we don't get a hold of somebody its just 4 loko all night,ham
I'm always looking for an excuse to be in the city.,ham
"Had your contract mobile 11 Mnths? Latest Motorola, Nokia etc. all FREE! Double Mins & Text on Orange tariffs. TEXT YES for callback, no to remove from records",spam
The bus leaves at &lt;#&gt;,ham
Ü say until like dat i dun buy ericsson oso cannot oredi lar...,ham
I dunno they close oredi not... Ü v ma fan...,ham
Nt joking seriously i told,ham
"Urgent! Please call 09066612661 from your landline, your complimentary 4* Lux Costa Del Sol holiday or £1000 CASH await collection. ppm 150 SAE T&Cs James 28, EH74RR",spam
"Do you realize that in about 40 years, we'll have thousands of old ladies running around with tattoos?",spam
"Like I made him throw up when we were smoking in our friend's car one time, it was awesome",ham
Hey... are you going to quit soon? Xuhui and i working till end of the month,ham
645,ham
Ya srsly better than yi tho,ham
Yar lor... Keep raining non stop... Or u wan 2 go elsewhere?,ham
Sexy Singles are waiting for you! Text your AGE followed by your GENDER as wither M or F E.G.23F. For gay men text your AGE followed by a G. e.g.23G.,spam
"GOD ASKED, ""What is forgiveness?"" A little child gave lovely reply, ""It is d wonderful fruit that a tree gives when it is being hurt by a stone.. Good night......",ham
Boo I'm on my way to my moms. She's making tortilla soup. Yummmm,ham
"Haha better late than ever, any way I could swing by?",ham
"Sorry, I'll call later",ham
Then ur sis how?,ham
My darling sister. How are you doing. When's school resuming. Is there a minimum wait period before you reapply? Do take care,ham
Well. Balls. Time to make calls,ham
I dun believe u. I thk u told him.,ham
You have 1 new message. Please call 08712400200.,spam
And he's apparently bffs with carly quick now,ham
A link to your picture has been sent. You can also use http://alto18.co.uk/wave/wave.asp?o=44345,spam
The length is e same but e top shorter n i got a fringe now. I thk i'm not going liao. Too lazy. Dun wan 2 distract u also.,ham
You are a winner U have been specially selected 2 receive £1000 cash or a 4* holiday (flights inc) speak to a live operator 2 claim 0871277810810,spam
"Call me. I m unable to cal. Lets meet bhaskar, and deep",ham
Then we wait 4 u lor... No need 2 feel bad lar...,ham
You have to pls make a note of all she.s exposed to. Also find out from her school if anyone else was vomiting. Is there a dog or cat in the house? Let me know later.,ham
Ok.. Ü finishing soon?,ham
Want to finally have lunch today?,ham
In other news after hassling me to get him weed for a week andres has no money. HAUGHAIGHGTUJHYGUJ,ham
Yup... From what i remb... I think should be can book...,ham
"Yes, my reg is Ciao!",ham
No plans yet. What are you doing ?,ham
"* Was really good to see you the other day dudette, been missing you!",ham
Guessin you ain't gonna be here before 9?,ham
I'm doing da intro covers energy trends n pros n cons... Brief description of nuclear fusion n oso brief history of iter n jet got abt 7 n half pages..,ham
"Got what it takes 2 take part in the WRC Rally in Oz? U can with Lucozade Energy! Text RALLY LE to 61200 (25p), see packs or lucozade.co.uk/wrc & itcould be u!",spam
"Tee hee. Off to lecture, cheery bye bye.",ham
I send the print outs da.,ham
Yes:)sura in sun tv.:)lol.,ham
"Isn't frnd a necesity in life? imagine urself witout a frnd.. hw'd u feel at ur colleg? wat'll u do wth ur cell? wat abt functions? thnk abt events espe'll cared, missed &amp; irritated u? 4wrd it to all those dear-loving frnds wthout whom u cant live.. I jst did it.. Takecare..:) GOODMORNING",ham
Hey i've booked the pilates and yoga lesson already... Haha,ham
DO U WANT 2 MEET UP 2MORRO,ham
"I hav almost reached. Call, i m unable to connect u.",ham
is your hamster dead? Hey so tmr i meet you at 1pm orchard mrt?,ham
"I thought i'd get him a watch, just cos thats the kind of thing u get4an18th. And he loves so much!",ham
Hhahhaahahah rofl wtf nig was leonardo in your room or something,ham
I notice you like looking in the shit mirror youre turning into a right freak,ham
But that's on ebay it might be less elsewhere.,ham
I have to take exam with in march 3,ham
Jus finish watching tv... U?,ham
"Chinatown got porridge, claypot rice, yam cake, fishhead beehoon... Either we eat cheap den go cafe n tok or go nydc or somethin...",ham
Actually i deleted my old website..now i m blogging at magicalsongs.blogspot.com,ham
"Thanks for your Ringtone Order, Reference T91. You will be charged GBP 4 per week. You can unsubscribe at anytime by calling customer services on 09057039994",spam
Did u see what I posted on your Facebook?,ham
Dad says hurry the hell up,ham
"I'll text carlos and let you know, hang on",ham
I come n pick ü up... Come out immediately aft ur lesson...,ham
Aight well keep me informed,ham
7 lor... Change 2 suntec... Wat time u coming?,ham
I got lousy sleep. I kept waking up every 2 hours to see if my cat wanted to come in. I worry about him when its cold :(,ham
Sian... Aft meeting supervisor got work 2 do liao... U working now?,ham
Hello! How's you and how did saturday go? I was just texting to see if you'd decided to do anything tomo. Not that i'm trying to invite myself or anything!,ham
HELLO U.CALL WEN U FINISH WRK.I FANCY MEETIN UP WIV U ALL TONITE AS I NEED A BREAK FROM DABOOKS. DID 4 HRS LAST NITE+2 TODAY OF WRK!,ham
"You have come into my life and brought the sun ..Shiny down on me, warming my heart. Putting a constant smile on my face ... Making me feel loved and cared for",ham
Why you Dint come with us.,ham
"It's not that you make me cry. It's just that when all our stuff happens on top of everything else, it pushes me over the edge. You don't underdtand how often i cry over my sorry, sorry life.",ham
LOL that would be awesome payback.,ham
What time should I tell my friend to be around?,ham
Asking do u knw them or nt? May be ur frnds or classmates?,ham
There is a first time for everything :),ham
I told your number to gautham..,ham
"You have won ?1,000 cash or a ?2,000 prize! To claim, call09050000327",spam
U coming 2 pick me?,ham
"Dear Matthew please call 09063440451 from a landline, your complimentary 4*Lux Tenerife holiday or £1000 CASH await collection. ppm150 SAE T&Cs Box334 SK38XH.",spam
You best watch what you say cause I get drunk as a motherfucker,ham
How will I creep on you now? ;_;,ham
"Had your mobile 10 mths? Update to the latest Camera/Video phones for FREE. KEEP UR SAME NUMBER, Get extra free mins/texts. Text YES for a call",spam
You need to get up. Now.,ham
"K, makes sense, btw carlos is being difficult so you guys are gonna smoke while I go pick up the second batch and get gas",ham
Yes we were outside for like 2 hours. And I called my whole family to wake them up cause it started at 1 am,ham
Do you want a New Nokia 3510i Colour Phone Delivered Tomorrow? With 200 FREE minutes to any mobile + 100 FREE text + FREE camcorder Reply or Call 08000930705,spam
HAPPY NEW YEAR MY NO.1 MAN,ham
**FREE MESSAGE**Thanks for using the Auction Subscription Service. 18 . 150p/MSGRCVD 2 Skip an Auction txt OUT. 2 Unsubscribe txt STOP CustomerCare 08718726270,spam
Oh sorry please its over,ham
I'm reading the text i just sent you. Its meant to be a joke. So read it in that light,ham
Sorry i'm not free...,ham
"SMS. ac Blind Date 4U!: Rodds1 is 21/m from Aberdeen, United Kingdom. Check Him out http://img. sms. ac/W/icmb3cktz8r7!-4 no Blind Dates send HIDE",spam
It is only yesterday true true.,ham
* You gonna ring this weekend or wot?,ham
Leave it wif me lar... Ü wan to carry meh so heavy... Is da num 98321561 familiar to ü?,ham
Dont show yourself. How far. Put new pictures up on facebook.,ham
"Hi there, 2nights ur lucky night! Uve been invited 2 XCHAT, the Uks wildest chat! Txt CHAT to 86688 now! 150p/MsgrcvdHG/Suite342/2Lands/Row/W1J6HL LDN 18yrs",spam
"Ya, i'm referin to mei's ex wat... No ah, waitin 4 u to treat, somebody shld b rich liao...So gd, den u dun have to work frm tmr onwards...",ham
When is school starting. Where will you stay. What's the weather like. And the food. Do you have a social support system like friends in the school. All these things are important.,ham
Ü thk of wat to eat tonight.,ham
Do you want a New Nokia 3510i colour phone DeliveredTomorrow? With 300 free minutes to any mobile + 100 free texts + Free Camcorder reply or call 08000930705.,spam
Wah... Okie okie... Muz make use of e unlimited... Haha...,ham
"My life Means a lot to me, Not because I love my life, But because I love the people in my life, The world calls them friends, I call them my World:-).. Ge:-)..",ham
Sday only joined.so training we started today:),ham
I only work from mon to thurs but Sat i cant leh... Booked liao... Which other day u free?,ham
"Haha awesome, I've been to 4u a couple times. Who all's coming?",ham
"URGENT, IMPORTANT INFORMATION FOR O2 USER. TODAY IS YOUR LUCKY DAY! 2 FIND OUT WHY LOG ONTO HTTP://WWW.URAWINNER.COM THERE IS A FANTASTIC SURPRISE AWAITING FOR YOU",spam
You have an important customer service announcement. Call FREEPHONE 0800 542 0825 now!,spam
He's an adult and would learn from the experience. There's no real danger. I just dont like peeps using drugs they dont need. But no comment,ham
Update your face book status frequently :),ham
"Funny fact Nobody teaches volcanoes 2 erupt, tsunamis 2 arise, hurricanes 2 sway aroundn no 1 teaches hw 2 choose a wife Natural disasters just happens",ham
"As a valued customer, I am pleased to advise you that following recent review of your Mob No. you are awarded with a £1500 Bonus Prize, call 09066368470",spam
"And that's fine, I got enough bud to last most of the night at least",ham
Yup but not studying surfing lor. I'm in e lazy mode today.,ham
", im .. On the snowboarding trip. I was wondering if your planning to get everyone together befor we go..a meet and greet kind of affair? Cheers,",ham
From tomorrow onwards eve 6 to 3 work.,ham
"Sunshine Hols. To claim ur med holiday send a stamped self address envelope to Drinks on Us UK, PO Box 113, Bray, Wicklow, Eire. Quiz Starts Saturday! Unsub Stop",spam
Was actually about to send you a reminder today. Have a wonderful weekend,ham
"Yeah why not, is the gang all ready",ham
Yes. They replied my mail. I'm going to the management office later. Plus will in to bank later also.or on wednesday.,ham
Most of the tiime when i don't let you hug me it's so i don't break into tears.,ham
"'An Amazing Quote'' - ""Sometimes in life its difficult to decide whats wrong!! a lie that brings a smile or the truth that brings a tear....""",ham
URGENT! We are trying to contact U. Todays draw shows that you have won a £800 prize GUARANTEED. Call 09050003091 from land line. Claim C52. Valid12hrs only,spam
"My mobile number.pls sms ur mail id.convey regards to achan,amma.Rakhesh.Qatar",ham
IM GONNAMISSU SO MUCH!!I WOULD SAY IL SEND U A POSTCARD BUTTHERES ABOUTAS MUCH CHANCE OF MEREMEMBERIN ASTHERE IS OFSI NOT BREAKIN HIS CONTRACT!! LUV Yaxx,ham
"Sun cant come to earth but send luv as rays. cloud cant come to river but send luv as rain. I cant come to meet U, but can send my care as msg to U. Gud evng",ham
As per your request 'Maangalyam (Alaipayuthe)' has been set as your callertune for all Callers. Press *9 to copy your friends Callertune,ham
Call Germany for only 1 pence per minute! Call from a fixed line via access number 0844 861 85 85. No prepayment. Direct access!,spam
Don know. I did't msg him recently.,ham
You have 1 new message. Please call 08715205273,spam
Hey cutie. How goes it? Here in WALES its kinda ok. There is like hills and shit but i still avent killed myself.,ham
Will you be here for food,ham
Noooooooo please. Last thing I need is stress. For once in your life be fair.,ham
Ok... Then r we meeting later?,ham
"Yeah, I'll leave in a couple minutes &amp; let you know when I get to mu",ham
"Good afternoon, my boytoy ... How are you feeling today ? Better I hope? Are you being my good boy? Are you my obedient, slave? Do you please your Queen?",ham
"I just got home babe, are you still awake ?",ham
And now electricity just went out fml.,ham
"Babe, I'm back ... Come back to me ...",ham
I know she called me,ham
Hello beautiful r u ok? I've kinda ad a row wiv and he walked out the pub?? I wanted a night wiv u Miss u,ham
"Call me da, i am waiting for your call.",ham
The monthly amount is not that terrible and you will not pay anything till 6months after finishing school.,ham
"Today's Offer! Claim ur £150 worth of discount vouchers! Text YES to 85023 now! SavaMob, member offers mobile! T Cs 08717898035. £3.00 Sub. 16 . Unsub reply X",spam
Todays Voda numbers ending 1225 are selected to receive a £50award. If you have a match please call 08712300220 quoting claim code 3100 standard rates app,spam
Same as u... Dun wan... Y u dun like me already ah... Wat u doing now? Still eating?,ham
Ha... Then we must walk to everywhere... Cannot take tram. My cousin said can walk to vic market from our hotel,ham
The new deus ex game comin early next yr,ham
Go fool dont cheat others ok,ham
staff.science.nus.edu.sg/~phyhcmk/teaching/pc1323,ham
Dont put your phone on silent mode ok,ham
SMS. ac Sptv: The New Jersey Devils and the Detroit Red Wings play Ice Hockey. Correct or Incorrect? End? Reply END SPTV,spam
"So anyways, you can just go to your gym or whatever, my love *smiles* I hope your ok and having a good day babe ... I miss you so much already",ham
I think the other two still need to get cash but we can def be ready by 9,ham
I'm job profile seems like bpo..,ham
Fuck cedar key and fuck her (come over anyway tho),ham
Pls what's the full name of joke's school cos fees in university of florida seem to actually be &lt;#&gt; k. Pls holla back,ham
1Apple/Day=No Doctor. 1Tulsi Leaf/Day=No Cancer. 1Lemon/Day=No Fat. 1Cup Milk/day=No Bone Problms 3 Litres Watr/Day=No Diseases Snd ths 2 Whom U Care..:-),ham
"OH YEAH,AND HAV A GREAT TIME IN NEWQUAY-SEND ME A POSTCARD !1 LOOK AFTER ALL THE GIRLS WHILE IM GONE(U KNOW THE 1IM TALKIN BOUT!)xx",ham
Yar... I tot u knew dis would happen long ago already.,ham
"Waqt se pehle or naseeb se zyada kisi ko kuch nahi milta,Zindgi wo nahi he jo hum sochte hai Zindgi wo hai jo ham jeetey hai..........",ham
"He has lots of used ones babe, but the model doesn't help. Youi have to bring it over and he'll match it up",ham
Re your call; You didn't see my facebook huh?,ham
Nationwide auto centre (or something like that) on Newport road. I liked them there,ham
"Wow. I never realized that you were so embarassed by your accomodations. I thought you liked it, since i was doing the best i could and you always seemed so happy about ""the cave"". I'm sorry I didn't and don't have more to give. I'm sorry i offered. I'm sorry your room was so embarassing.",ham
So ü pay first lar... Then when is da stock comin...,ham
Am i that much bad to avoid like this?,ham
Ok i am on the way to home hi hi,ham
Please leave this topic..sorry for telling that..,ham
"accordingly. I repeat, just text the word ok on your mobile phone and send",spam
Compliments to you. Was away from the system. How your side.,ham
I also thk too fast... Xy suggest one not me. U dun wan it's ok. Going 2 rain leh where got gd.,ham
Rats. Hey did u ever vote for the next themes?,ham
somewhere out there beneath the pale moon light someone think in of u some where out there where dreams come true... goodnite &amp; sweet dreams,ham
What happen dear tell me,ham
Last chance 2 claim ur £150 worth of discount vouchers-Text YES to 85023 now!SavaMob-member offers mobile T Cs 08717898035. £3.00 Sub. 16 . Remove txt X or STOP,spam
Come by our room at some point so we can iron out the plan for this weekend,ham
I'm not coming home 4 dinner.,ham
Does not operate after &lt;#&gt; or what,ham
Well at this right I'm gonna have to get up and check today's steam sales/pee so text me when you want me to come get you,ham
Friendship poem: Dear O Dear U R Not Near But I Can Hear Dont Get Fear Live With Cheer No More Tear U R Always my Dear. Gud ni8,ham
K..k:)how much does it cost?,ham
Leaving to qatar tonite in search of an opportunity.all went fast.pls add me in ur prayers dear.Rakhesh,ham
Not planned yet :)going to join company on jan 5 only.don know what will happen after that.,ham
Dare i ask... Any luck with sorting out the car?,ham
"Just checked out, heading out to drop off my stuff now",ham
Ok... Ur typical reply...,ham
"(And my man carlos is definitely coming by mu tonight, no excuses)",ham
Yes princess! I want to make you happy...,ham
Huh i cant thk of more oredi how many pages do we have?,ham
Are you plans with your family set in stone ?,ham
5 nights...We nt staying at port step liao...Too ex,ham
Hi here. have birth at on the to at 8lb 7oz. Mother and baby doing brilliantly.,ham
"I didnt get ur full msg..sometext is missing, send it again",ham
Did u find out what time the bus is at coz i need to sort some stuff out.,ham
"The fact that you're cleaning shows you know why i'm upset. Your priority is constantly ""what i want to do,"" not ""what i need to do.""",ham
"Cool, text me when you head out",ham
K I'll take care of it,ham
"Urgent! call 09061749602 from Landline. Your complimentary 4* Tenerife Holiday or £10,000 cash await collection SAE T&Cs BOX 528 HP20 1YF 150ppm 18+",spam
Weightloss! No more girl friends. Make loads of money on ebay or something. And give thanks to God.,ham
Ok how you dear. Did you call chechi,ham
"Sounds good, keep me posted",ham
Cos i was out shopping wif darren jus now n i called him 2 ask wat present he wan lor. Then he started guessing who i was wif n he finally guessed darren lor.,ham
Yeah. I got a list with only u and Joanna if I'm feeling really anti social,ham
Not to worry. I'm sure you'll get it.,ham
"You are being contacted by our Dating Service by someone you know! To find out who it is, call from your mobile or landline 09064017305 PoBox75LDNS7",spam
Oi when you gonna ring,ham
Get a FREE mobile video player FREE movie. To collect text GO to 89105. Its free! Extra films can be ordered t's and c's apply. 18 yrs only,spam
U too...,ham
"Excellent, I'll see what riley's plans are",ham
"Sorry, I'll call later in meeting any thing related to trade please call Arul. &lt;#&gt;",ham
And I don't plan on staying the night but I prolly won't be back til late,ham
What happen to her tell the truth,ham
Lol! Nah wasn't too bad thanks. Its good to b home but its been quite a reality check. Hows ur day been? Did u do anything with website?,ham
Nope thats fine. I might have a nap tho!,ham
That means from february to april i'll be getting a place to stay down there so i don't have to hustle back and forth during audition season as i have since my sister moved away from harlem.,ham
Dude avatar 3d was imp. At one point i thought there were actually flies in the room and almost tried hittng one as a reflex,ham
And whenever you and i see we can still hook up too.,ham
Can ü call me at 10:10 to make sure dat i've woken up...,ham
The message sent is askin for &lt;#&gt; dollars. Shoul i pay &lt;#&gt; or &lt;#&gt; ?,ham
ROMCAPspam Everyone around should be responding well to your presence since you are so warm and outgoing. You are bringing in a real breath of sunshine.,spam
Yar lor wait 4 my mum 2 finish sch then have lunch lor... I whole morning stay at home clean my room now my room quite clean... Hee...,ham
"Haha figures, well I found the piece and priscilla's bowl",ham
Lol no. Just trying to make your day a little more interesting,ham
I have gone into get info bt dont know what to do,ham
RT-KIng Pro Video Club>> Need help? info@ringtoneking.co.uk or call 08701237397 You must be 16+ Club credits redeemable at www.ringtoneking.co.uk! Enjoy!,spam
LOL ... Have you made plans for new years?,ham
"Dear all, as we know &lt;#&gt; th is the &lt;#&gt; th birthday of our loving Gopalettan. We are planning to give a small gift on that day. Those who like to participate in that you are welcome. Please contact our admin team for more details",ham
If you're not in my car in an hour and a half I'm going apeshit,ham
network operator. The service is free. For T & C's visit 80488.biz,spam
Try to do something dear. You read something for exams,ham
I surely dont forgot to come:)i will always be in touch in with you:-),ham
Everybody had fun this evening. Miss you.,ham
Just hopeing that wasn‘t too pissed up to remember and has gone off to his sisters or something!,ham
"I‘ll leave around four, ok?",ham
No. She's currently in scotland for that.,ham
Oh that was a forwarded message. I thought you send that to me,ham
wamma get laid?want real doggin locations sent direct to your mobile? join the UKs largest dogging network. txt dogs to 69696 now!nyt. ec2a. 3lp £1.50/msg.,spam
"SYMPTOMS when U are in love: ""1.U like listening songs 2.U get stopped where u see the name of your beloved 3.U won't get angry when your",ham
Are you the cutest girl in the world or what,ham
"Do whatever you want. You know what the rules are. We had a talk earlier this week about what had to start happening, you showing responsibility. Yet, every week it's can i bend the rule this way? What about that way? Do whatever. I'm tired of having thia same argument with you every week. And a &lt;#&gt; movie DOESNT inlude the previews. You're still getting in after 1.",ham
Delhi and chennai still silent.,ham
Have you heard about that job? I'm going to that wildlife talk again tonight if u want2come. Its that2worzels and a wizzle or whatever it is?!,ham
Yay can't wait to party together!,ham
"What do u reckon as need 2 arrange transport if u can't do it, thanks",ham
Lmao. Take a pic and send it to me.,ham
Also remember to get dobby's bowl from your car,ham
Customer Loyalty Offer:The NEW Nokia6650 Mobile from ONLY £10 at TXTAUCTION! Txt word: START to No: 81151 & get yours Now! 4T&Ctxt TC 150p/MTmsg,spam
Am surfing online store. For offers do you want to buy any thing.,ham
"Sir, waiting for your letter.",ham
"FREE MESSAGE Activate your 500 FREE Text Messages by replying to this message with the word FREE For terms & conditions, visit www.07781482378.com",spam
Omg I want to scream. I weighed myself and I lost more weight! Woohoo!,ham
Ok. C u then.,ham
BABE !!! I miiiiiiissssssssss you ! I need you !!! I crave you !!! :-( ... Geeee ... I'm so sad without you babe ... I love you ...,ham
At home watching tv lor.,ham
"That's cool he'll be here all night, lemme know when you're around",ham
All will come alive.better correct any good looking figure there itself..,ham
Love that holiday Monday feeling even if I have to go to the dentists in an hour,ham
Hi. Customer Loyalty Offer:The NEW Nokia6650 Mobile from ONLY £10 at TXTAUCTION! Txt word: START to No: 81151 & get yours Now! 4T&Ctxt TC 150p/MTmsg,spam
Jus came back fr lunch wif my sis only. U leh?,ham
You are right. Meanwhile how's project twins comin up,ham
U havent lost me ill always b here 4u.i didnt intend 2 hurt u but I never knew how u felt about me when Iwas+marine&thats what itried2tell urmom.i careabout u,ham
Thank you. do you generally date the brothas?,ham
Just wait till end of march when el nino gets himself. Oh.,ham
Ding me on ya break fassyole! Blacko from londn,ham
Why don't you go tell your friend you're not sure you want to live with him because he smokes too much then spend hours begging him to come smoke,ham
Just come home. I don't want u to be miserable,ham
Yeah just open chat and click friend lists. Then make the list. Easy as pie,ham
"Sorry vikky, i'm Watching olave mandara movie kano in trishul theatre wit my frnds..",ham
But i'm really really broke oh. No amount is too small even &lt;#&gt;,ham
All e best 4 ur driving tmr :-),ham
Great comedy..cant stop laughing da:),ham
If u dun drive then how i go 2 sch.,ham
Had your mobile 11mths ? Update for FREE to Oranges latest colour camera mobiles & unlimited weekend calls. Call Mobile Upd8 on freefone 08000839402 or 2StopTxt,spam
If you still havent collected the dough pls let me know so i can go to the place i sent it to get the control number,ham
Dear we are going to our rubber place,ham
Purity of friendship between two is not about smiling after reading the forwarded message..Its about smiling just by seeing the name. Gud evng,ham
"Hi frnd, which is best way to avoid missunderstding wit our beloved one's?",ham
Watching tv lor... Y she so funny we bluff her 4 wat. Izzit because she thk it's impossible between us?,ham
"Yeah, probably earlier than that",ham
Just forced myself to eat a slice. I'm really not hungry tho. This sucks. Mark is getting worried. He knows I'm sick when I turn down pizza. Lol,ham
One day a crab was running on the sea shore..The waves came n cleared the footprints of the crab.. Crab asked: being my frnd y r u clearing my beautiful footprints? Waves replied: A fox was following ur footprints to catch you! thats y i cleared it off:) frndsship never lets u dwn :-) GUD nyt..,ham
"Dear, will call Tmorrow.pls accomodate.",ham
Ur cash-balance is currently 500 pounds - to maximize ur cash-in now send GO to 86688 only 150p/msg. CC: 08718720201 PO BOX 114/14 TCR/W1,spam
Que pases un buen tiempo or something like that,ham
"Hottest pics straight to your phone!! See me getting Wet and Wanting, just for you xx Text PICS to 89555 now! txt costs 150p textoperator g696ga 18 XxX",spam
1 in cbe. 2 in chennai.,ham
Customer place i will call you,ham
have * good weekend.,ham
You are now unsubscribed all services. Get tons of sexy babes or hunks straight to your phone! go to http://gotbabes.co.uk. No subscriptions.,spam
Yup bathe liao...,ham
That's one of the issues but california is okay. No snow so its manageable,ham
Dunno y u ask me.,ham
Where r e meeting tmr?,ham
Shuhui has bought ron's present it's a swatch watch...,ham
"To the wonderful Okors, have a great month. We cherish you guys and wish you well each day. MojiBiola",ham
Haven't eaten all day. I'm sitting here staring at this juicy pizza and I can't eat it. These meds are ruining my life.,ham
Been up to ne thing interesting. Did you have a good birthday? When are u wrking nxt? I started uni today.,ham
"I sent you the prices and do you mean the &lt;#&gt; g,",ham
Dude sux for snake. He got old and raiden got buff,ham
"SIX chances to win CASH! From 100 to 20,000 pounds txt> CSH11 and send to 87575. Cost 150p/day, 6days, 16+ TsandCs apply Reply HL 4 info",spam
LOL ... No just was busy,ham
Huh so slow i tot u reach long ago liao... U 2 more days only i 4 more leh...,ham
"Goodmorning, today i am late for &lt;DECIMAL&gt; min.",ham
"Sorry, my battery died, I can come by but I'm only getting a gram for now, where's your place?",ham
Ok i vl..do u know i got adsense approved..,ham
I know you mood off today,ham
I like to talk pa but am not able to. I dont know y.,ham
"HOT LIVE FANTASIES call now 08707500020 Just 20p per min NTT Ltd, PO Box 1327 Croydon CR9 5WB 0870 is a national rate call",spam
"Tell you what, if you make a little spreadsheet and track whose idea it was to smoke to determine who ""smokes too much"" for the entire month of february, I'll come up",ham
My birthday is on feb &lt;#&gt; da. .,ham
I'm going for bath will msg you next &lt;#&gt; min..,ham
PRIVATE! Your 2003 Account Statement for 07808 XXXXXX shows 800 un-redeemed S. I. M. points. Call 08719899217 Identifier Code: 41685 Expires 07/11/04,spam
Do you know when the result.,ham
U buy newspapers already?,ham
"our mobile number has won £5000, to claim calls us back or ring the claims hot line on 09050005321.",spam
I will once i get home,ham
Hey what are you doing. Y no reply pa..,ham
"Hey...Great deal...Farm tour 9am to 5pm $95/pax, $50 deposit by 16 May",ham
Aiyah u did ok already lar. E nydc at wheellock?,ham
Babe ? I lost you ... :-(,ham
Waaaat?? Lololo ok next time then!,ham
Free entry in 2 a weekly comp for a chance to win an ipod. Txt POD to 80182 to get entry (std txt rate) T&C's apply 08452810073 for details 18+,spam
Audrie lousy autocorrect,ham
"OH RITE. WELL IM WITH MY BEST MATE PETE, WHO I WENT OUT WITH 4 A WEEK+ NOW WERE 2GEVA AGAIN. ITS BEEN LONGER THAN A WEEK.",ham
"Hello lover! How goes that new job? Are you there now? Are you happy? Do you think of me? I wake, my slave and send you a teasing kiss from across the sea",ham
S:-)if we have one good partnership going we will take lead:),ham
"Night night, see you tomorrow",ham
I am great princess! What are you thinking about me? :),ham
This pen thing is beyond a joke. Wont a Biro do? Don't do a masters as can't do this ever again!,ham
"Yeah we wouldn't leave for an hour at least, how's 4 sound?",ham
There is os called ubandu which will run without installing in hard disk...you can use that os to copy the important files in system and give it to repair shop..,ham
Call FREEPHONE 0800 542 0578 now!,spam
Check wid corect speling i.e. Sarcasm,ham
"So check your errors and if you had difficulties, do correction.",ham
You should change your fb to jaykwon thuglyfe falconerf,ham
"Dear,shall mail tonite.busy in the street,shall update you tonite.things are looking ok.varunnathu edukkukayee raksha ollu.but a good one in real sense.",ham
Is fujitsu s series lifebook good?,ham
Call Germany for only 1 pence per minute! Call from a fixed line via access number 0844 861 85 85. No prepayment. Direct access! www.telediscount.co.uk,spam
"We are hoping to get away by 7, from Langport. You still up for town tonight?",ham
Esplanade lor. Where else...,ham
Ya it came a while ago,ham
This weekend is fine (an excuse not to do too much decorating),ham
Ok no problem... Yup i'm going to sch at 4 if i rem correctly...,ham
All e best 4 ur exam later.,ham
"Haha yeah I see that now, be there in a sec",ham
How are you doing. How's the queen. Are you going for the royal wedding,ham
Ü still got lessons? Ü in sch?,ham
"Science tells that chocolate will melt under the sunlight. Please don't walk under the sunlight. BCoz,I don't want to loss a sweet friend.",ham
K tell me anything about you.,ham
K...k...yesterday i was in cbe .,ham
Hi darlin im on helens fone im gonna b up the princes 2 nite please come up tb love Kate,ham
I'm going 4 lunch now wif my family then aft dat i go str 2 orchard lor.,ham
When are you going to ride your bike?,ham
Not yet chikku..wat abt u?,ham
"5 Free Top Polyphonic Tones call 087018728737, National Rate. Get a toppoly tune sent every week, just text SUBPOLY to 81618, £3 per pole. UnSub 08718727870.",spam
"Thank you. And by the way, I just lost.",ham
See? I thought it all through,ham
Then u go back urself lor...,ham
You call him and tell now infront of them. Call him now.,ham
Good. Good job. I like entrepreneurs,ham
"Thanks, I'll keep that in mind",ham
How's ur paper?,ham
Show ur colours! Euro 2004 2-4-1 Offer! Get an England Flag & 3Lions tone on ur phone! Click on the following service message for info!,spam
"URGENT!! Your 4* Costa Del Sol Holiday or £5000 await collection. Call 09050090044 Now toClaim. SAE, TC s, POBox334, Stockport, SK38xh, Cost£1.50/pm, Max10mins",spam
Can... I'm free...,ham
Good sleep is about rhythm. The person has to establish a rhythm that the body will learn and use. If you want to know more :-),ham
"K, wait chikku..il send aftr &lt;#&gt; mins",ham
U GOIN OUT 2NITE?,ham
"Okay, good, no problem, and thanx!",ham
Don't b floppy... b snappy & happy! Only gay chat service with photo upload call 08718730666 (10p/min). 2 stop our texts call 08712460324,spam
I donno its in your genes or something,ham
"Say this slowly.? GOD,I LOVE YOU &amp; I NEED YOU,CLEAN MY HEART WITH YOUR BLOOD.Send this to Ten special people &amp; u c miracle tomorrow, do it,pls,pls do it...",ham
Dunno lei... I thk mum lazy to go out... I neva ask her yet...,ham
"Yep, the great loxahatchee xmas tree burning of &lt;#&gt; starts in an hour",ham
Then u drive lor.,ham
"Awesome, think we can get an 8th at usf some time tonight?",ham
Just got outta class gonna go gym.,ham
Thats cool princess! I will cover your face in hot sticky cum :),ham
"Hi hope u get this txt~journey hasnt been gd,now about 50 mins late I think.",ham
Home so we can always chat,ham
"wow. You're right! I didn't mean to do that. I guess once i gave up on boston men and changed my search location to nyc, something changed. Cuz on my signin page it still says boston.",ham
"Oh, my love, it's soooo good to hear from you. Omg I missed you so much today. I'm sorry your having problems with the provider but thank you for tming me",ham
Its just the effect of irritation. Just ignore it,ham
Nope... Think i will go for it on monday... Sorry i replied so late,ham
&lt;DECIMAL&gt; m but its not a common car here so its better to buy from china or asia. Or if i find it less expensive. I.ll holla,ham
"URGENT! Your mobile No *********** WON a £2,000 Bonus Caller Prize on 02/06/03! This is the 2nd attempt to reach YOU! Call 09066362220 ASAP! BOX97N7QP, 150ppm",spam
"U've been selected to stay in 1 of 250 top British hotels - FOR NOTHING! Holiday valued at £350! Dial 08712300220 to claim - National Rate Call. Bx526, SW73SS",spam
Unni thank you dear for the recharge..Rakhesh,ham
"Someone U know has asked our dating service 2 contact you! Cant guess who? CALL 09058095107 NOW all will be revealed. POBox 7, S3XY 150p",spam
Never try alone to take the weight of a tear that comes out of ur heart and falls through ur eyes... Always remember a STUPID FRIEND is here to share... BSLVYL,ham
Ugh. Gotta drive back to sd from la. My butt is sore.,ham
"Shit that is really shocking and scary, cant imagine for a second. Def up for night out. Do u think there is somewhere i could crash for night, save on taxi?",ham
<Forwarded from 21870000>Hi - this is your Mailbox Messaging SMS alert. You have 40 matches. Please call back on 09056242159 to retrieve your messages and matches cc100p/min,spam
Dear good morning now only i am up,ham
Good morning. At the repair shop--the ONLY reason i'm up at this hour.,ham
Haha... Yup hopefully we will lose a few kg by mon. after hip hop can go orchard and weigh again,ham
Yeah my usual guy's out of town but there're definitely people around I know,ham
I'm really sorry I lit your hair on fire,ham
PRIVATE! Your 2003 Account Statement for 07753741225 shows 800 un-redeemed S. I. M. points. Call 08715203677 Identifier Code: 42478 Expires 24/10/04,spam
Today is ACCEPT DAY..U Accept me as? Brother Sister Lover Dear1 Best1 Clos1 Lvblefrnd Jstfrnd Cutefrnd Lifpartnr Belovd Swtheart Bstfrnd No rply means enemy,ham
Apart from the one i told you about yesterday?,ham
I would but I'm still cozy. And exhausted from last night.nobody went to school or work. Everything is closed.,ham
If you are not coughing then its nothing,ham
Tell me again what your address is,ham
How was txting and driving,ham
When did i use soc... I use it only at home... Ü dunno how 2 type it in word ar...,ham
Doing project w frens lor.,ham
Okie...,ham
"Urgent UR awarded a complimentary trip to EuroDisinc Trav, Aco&Entry41 Or £1000. To claim txt DIS to 87121 18+6*£1.50(moreFrmMob. ShrAcomOrSglSuplt)10, LS1 3AJ",spam
It has everything to do with the weather. Keep extra warm. Its a cold but nothing serious. Pls lots of vitamin c,ham
You could have seen me..i did't recognise you Face.:),ham
What's ur pin?,ham
when you and derek done with class?,ham
"Dear friends, sorry for the late information. Today is the birthday of our loving Ar.Praveesh. for more details log on to face book and see. Its his number + &lt;#&gt; . Dont miss a delicious treat.",ham
"Poyyarikatur,kolathupalayam,unjalur post,erode dis, &lt;#&gt; .",ham
Not tonight mate. Catching up on some sleep. This is my new number by the way.,ham
"Yep, at derek's house now, see you Sunday &lt;3",ham
"I'm an actor. When i work, i work in the evening and sleep late. Since i'm unemployed at the moment, i ALWAYS sleep late. When you're unemployed, every day is saturday.",ham
No. 1 Nokia Tone 4 ur mob every week! Just txt NOK to 87021. 1st Tone FREE ! so get txtin now and tell ur friends. 150p/tone. 16 reply HL 4info,spam
"Sorry, I'll call later &lt;#&gt; mins",ham
Is there coming friday is leave for pongal?do you get any news from your work place.,ham
We tried to contact you re your reply to our offer of a Video Handset? 750 anytime any networks mins? UNLIMITED TEXT? Camcorder? Reply or call 08000930705 NOW,spam
Hi mom we might be back later than &lt;#&gt;,ham
"Vikky, come around &lt;TIME&gt; ..",ham
Hello. Damn this christmas thing. I think i have decided to keep this mp3 that doesnt work.,ham
Love has one law; Make happy the person you love. In the same way friendship has one law; Never make ur friend feel alone until you are alive.... Gud night,ham
Oh is it! Which brand?,ham
Does uncle timi help in clearing cars,ham
I anything lor.,ham
"When you get free, call me",ham
It only does simple arithmetic not percentages.,ham
"Customer service announcement. We recently tried to make a delivery to you but were unable to do so, please call 07090298926 to re-schedule. Ref:9307622",spam
hiya hows it going in sunny africa? hope u r avin a good time. give that big old silver back a big kiss from me.,ham
FreeMsg: Txt: CALL to No: 86888 & claim your reward of 3 hours talk time to use from your phone now! Subscribe6GBP/mnth inc 3hrs 16 stop?txtStop,spam
Fancy a shag? I do.Interested? sextextuk.com txt XXUK SUZY to 69876. Txts cost 1.50 per msg. TnCs on website. X,spam
I emailed yifeng my part oredi.. Can ü get it fr him..,ham
I re-met alex nichols from middle school and it turns out he's dealing!,ham
Like a personal sized or what,ham
"Omw back to tampa from west palm, you hear what happened?",ham
You have 1 new message. Call 0207-083-6089,spam
Not..tel software name..,ham
Havent shopping now lor i juz arrive only,ham
"I'm not sure, I was just checking out what was happening around the area",ham
Cos darren say ü considering mah so i ask ü...,ham
I wont do anything de.,ham
Haf u found him? I feel so stupid da v cam was working.,ham
"Think ur smart ? Win £200 this week in our weekly quiz, text PLAY to 85222 now!T&Cs WinnersClub PO BOX 84, M26 3UZ. 16+. GBP1.50/week",spam
I've sent ü my part..,ham
That's y u haf 2 keep me busy...,ham
Sent me ur email id soon,ham
I will reach office around &lt;DECIMAL&gt; . &amp; my mobile have problem. You cann't get my voice. So call you asa i'll free,ham
I have a rather prominent bite mark on my right cheek,ham
What i told before i tell. Stupid hear after i wont tell anything to you. You dad called to my brother and spoken. Not with me.,ham
"Aight, let me know when you're gonna be around usf",ham
Sry da..jst nw only i came to home..,ham
Msgs r not time pass.They silently say that I am thinking of U right now and also making U think of me at least 4 a moment. Gd nt.swt drms @Shesil,ham
Pete can you please ring meive hardly gotany credit,ham
Win a £1000 cash prize or a prize worth £5000,spam
WIN URGENT! Your mobile number has been awarded with a £2000 prize GUARANTEED call 09061790121 from land line. claim 3030 valid 12hrs only 150ppm,spam
Hello. We need some posh birds and chaps to user trial prods for champneys. Can i put you down? I need your address and dob asap. Ta r,spam
Do you want 750 anytime any network mins 150 text and a NEW VIDEO phone for only five pounds per week call 08002888812 or reply for delivery tomorrow,spam
Infact happy new year. How are you where are you when are we seeing,ham
"Short But Cute: ""Be a good person, but dont try to prove it.."" .Gud noon....",ham
Wishing you a beautiful day. Each moment revealing even more things to keep you smiling. Do enjoy it.,ham
Yo chad which gymnastics class do you wanna take? The site says Christians class is full..,ham
"Looks like you found something to do other than smoke, great job!",ham
Ee msg na poortiyagi odalebeku: Hanumanji 7 name 1-Hanuman 2-Bajarangabali 3-Maruti 4-Pavanaputra 5-Sankatmochan 6-Ramaduth 7-Mahaveer ee 7 name &lt;#&gt; janarige ivatte kalisidare next saturday olage ondu good news keluviri...! Maretare inde 1 dodda problum nalli siguviri idu matra &lt;#&gt; % true.. Don't neglet.,ham
Dear U've been invited to XCHAT. This is our final attempt to contact u! Txt CHAT to 86688,spam
Of course. I guess god's just got me on hold right now.,ham
No you'll just get a headache trying to figure it out. U can trust me to do the math. I promise. O:-),ham
Have you emigrated or something? Ok maybe 5.30 was a bit hopeful...,ham
Sorry! U can not unsubscribe yet. THE MOB offer package has a min term of 54 weeks> pls resubmit request after expiry. Reply THEMOB HELP 4 more info,spam
Should I be stalking u?,ham
Hi kindly give us back our documents which we submitted for loan from STAPATI,ham
I want to go to perumbavoor,ham
I pocked you up there before,ham
Once free call me sir. I am waiting for you.,ham
How are you holding up?,ham
Hi..i got the money da:),ham
PRIVATE! Your 2003 Account Statement for 07815296484 shows 800 un-redeemed S.I.M. points. Call 08718738001 Identifier Code 41782 Expires 18/11/04,spam
Hey sathya till now we dint meet not even a single time then how can i saw the situation sathya.,ham
I thk u dun haf 2 hint in e forum already lor... Cos i told ron n darren is going 2 tell shuhui.,ham
ARE YOU IN TOWN? THIS IS V. IMPORTANT,ham
Ok... C ya...,ham
Are you happy baby ? Are you alright ? Did you take that job ? I hope your fine. I send you a kiss to make you smile from across the sea ... *kiss* *kiss*,ham
Just nw i came to hme da..,ham
Wanna do some art?! :D,ham
"Me not waking up until 4 in the afternoon, sup",ham
AH POOR BABY!HOPE URFEELING BETTERSN LUV! PROBTHAT OVERDOSE OF WORK HEY GO CAREFUL SPK 2 U SN LOTS OF LOVEJEN XXX.,ham
* Will be september by then!,ham
Aight ill get on fb in a couple minutes,ham
Pls confirm the time to collect the cheque.,ham
"Hmmm ... I thought we said 2 hours slave, not 3 ... You are late ... How should I punish you ?",ham
Anything lor. Juz both of us lor.,ham
They r giving a second chance to rahul dengra.,ham
Please CALL 08712402779 immediately as there is an urgent message waiting for you,spam
Why didn't u call on your lunch?,ham
"Fuuuuck I need to stop sleepin, sup",ham
In sch but neva mind u eat 1st lor..,ham
She.s find. I sent you an offline message to know how anjola's now.,ham
yes baby! I need to stretch open your pussy!,ham
I am in office:)whats the matter..msg me now.i will call you at break:).,ham
Hey... Why dont we just go watch x men and have lunch... Haha,ham
Super da:)good replacement for murali,ham
How did you find out in a way that didn't include all of these details,ham
For real when u getting on yo? I only need 2 more tickets and one more jacket and I'm done. I already used all my multis.,ham
Not getting anywhere with this damn job hunting over here!,ham
At WHAT TIME should i come tomorrow,ham
K:)k:)good:)study well.,ham
"Er yeah, i will b there at 15:26, sorry! Just tell me which pub/cafe to sit in and come wen u can",ham
Thats cool. i am a gentleman and will treat you with dignity and respect.,ham
LIFE has never been this much fun and great until you came in. You made it truly special for me. I won't forget you! enjoy @ one gbp/sms,spam
X2 &lt;#&gt; . Are you going to get that,ham
"The &lt;#&gt; g that i saw a few days ago, the guy wants sell wifi only for &lt;#&gt; and with 3g for &lt;#&gt; . That's why i blanked him.",ham
Dont think you need yellow card for uk travel. Ask someone that has gone before. If you do its just &lt;#&gt; bucks,ham
Ugh hopefully the asus ppl dont randomly do a reformat.,ham
"Rose needs water, season needs change, poet needs imagination..My phone needs ur sms and i need ur lovely frndship forever....",ham
on a Tuesday night r u 4 real,ham
I dont have any of your file in my bag..i was in work when you called me.i 'll tell you if i find anything in my room.,ham
V nice! Off 2 sheffield tom 2 air my opinions on categories 2 b used 2 measure ethnicity in next census. Busy transcribing. :-),ham
SO IS TH GOWER MATE WHICH IS WHERE I AM!?! HOW R U MAN? ALL IS GOOD IN WALES ILL B BACK MORROW. C U THIS WK? WHO WAS THE MSG 4? RANDOM!,ham
"I got arrested for possession at, I shit you not, &lt;TIME&gt; pm",ham
Oh god i am happy to see your message after 3 days,ham
"My friend, she's studying at warwick, we've planned to go shopping and to concert tmw, but it may be canceled, havn't seen for ages, yeah we should get together sometime!",ham
Ha... Both of us doing e same thing. But i got tv 2 watch. U can thk of where 2 go tonight or u already haf smth in mind...,ham
Get down in gandhipuram and walk to cross cut road. Right side &lt;#&gt; street road and turn at first right.,ham
We tried to contact you re our offer of New Video Phone 750 anytime any network mins HALF PRICE Rental camcorder call 08000930705 or reply for delivery Wed,spam
How's it feel? Mr. Your not my real Valentine just my yo Valentine even tho u hardly play!!,ham
Also that chat was awesome but don't make it regular unless you can see her in person,ham
Hey you told your name to gautham ah?,ham
You have WON a guaranteed £1000 cash or a £2000 prize.To claim yr prize call our customer service representative on,spam
I'll reach in ard 20 mins ok...,ham
I don't want you to leave. But i'm barely doing what i can to stay sane. fighting with you constantly isn't helping.,ham
Its a great day. Do have yourself a beautiful one.,ham
"My planning usually stops at ""find hella weed, smoke hella weed""",ham
Call me when you get the chance plz &lt;3,ham
I'm going 2 orchard now laready me reaching soon. U reaching?,ham
I dont know oh. Hopefully this month.,ham
Why de. You looking good only:-)..,ham
"That's good, because I need drugs",ham
No screaming means shouting..,ham
4mths half price Orange line rental & latest camera phones 4 FREE. Had your phone 11mths+? Call MobilesDirect free on 08000938767 to update now! or2stoptxt T&Cs,spam
You have won a guaranteed £200 award or even £1000 cashto claim UR award call free on 08000407165 (18+) 2 stop getstop on 88222 PHP. RG21 4JX,spam
Come aftr &lt;DECIMAL&gt; ..now i m cleaning the house,ham
My slave! I want you to take 2 or 3 pictures of yourself today in bright light on your cell phone! Bright light!,ham
Po de :-):):-):-):-). No need job aha.,ham
This phone has the weirdest auto correct.,ham
"Nah it's straight, if you can just bring bud or drinks or something that's actually a little more useful than straight cash",ham
Aight do you still want to get money,ham
No dear i do have free messages without any recharge. Hi hi hi,ham
cThen i thk shd b enuff.. Still got conclusion n contents pg n references.. I'll b doing da contents pg n cover pg..,ham
Ya that one is slow as poo,ham
K still are you loving me.,ham
Yes.i'm in office da:),ham
"Yes, princess. Toledo.",ham
Meeting u is my work. . . Tel me when shall i do my work tomorrow,ham
How much for an eighth?,ham
"09066362231 URGENT! Your mobile No 07xxxxxxxxx won a £2,000 bonus caller prize on 02/06/03! this is the 2nd attempt to reach YOU! call 09066362231 ASAP!",spam
"Oh fine, I'll be by tonight",ham
I thought slide is enough.,ham
There are no other charges after transfer charges and you can withdraw anyhow you like,ham
alright. Thanks for the advice. Enjoy your night out. I'ma try to get some sleep...,ham
We live in the next &lt;#&gt; mins,ham
"Sure, if I get an acknowledgement from you that it's astoundingly tactless and generally faggy to demand a blood oath fo",ham
XCLUSIVE@CLUBSAISAI 2MOROW 28/5 SOIREE SPECIALE ZOUK WITH NICHOLS FROM PARIS.FREE ROSES 2 ALL LADIES !!! info: 07946746291/07880867867,spam
Hey mr whats the name of that bill brison book the one about language and words,ham
&lt;#&gt; mins but i had to stop somewhere first.,ham
"You can stop further club tones by replying ""STOP MIX"" See my-tone.com/enjoy. html for terms. Club tones cost GBP4.50/week. MFL, PO Box 1146 MK45 2WT (2/3)",spam
I'm in office now da:)where are you?,ham
Reply to win £100 weekly! What professional sport does Tiger Woods play? Send STOP to 87239 to end service,spam
Dont think so. It turns off like randomlly within 5min of opening,ham
Now get step 2 outta the way. Congrats again.,ham
Yep get with the program. You're slacking.,ham
U really pig leh sleep so much. My dad wake me up at 10 smth 2 eat lunch today.,ham
"I just lov this line: ""Hurt me with the truth, I don't mind,i wil tolerat.bcs ur my someone..... But, Never comfort me with a lie"" gud ni8 and sweet dreams",ham
Ew are you one of them?,ham
PRIVATE! Your 2003 Account Statement for shows 800 un-redeemed S.I.M. points. Call 08718738001 Identifier Code: 49557 Expires 26/11/04,spam
Ok... Sweet dreams...,ham
Hi good mornin.. Thanku wish u d same..,ham
"Sir, I am waiting for your mail.",ham
My sister got placed in birla soft da:-),ham
Valentines Day Special! Win over £1000 in our quiz and take your partner on the trip of a lifetime! Send GO to 83600 now. 150p/msg rcvd. CustCare:08718720201,spam
Takin a shower now but yeah I'll leave when I'm done,ham
"Sir, hope your day is going smoothly. i really hoped i wont have to bother you about this. I have some bills that i can't settle this month. I am out of all extra cash. I know this is a challenging time for you also but i have to let you know.",ham
Gud ni8 dear..slp well..take care..swt dreams..Muah..,ham
Later i guess. I needa do mcat study too.,ham
I place all ur points on e cultures module already.,ham
Merry christmas to u too annie!,ham
Did you show him and wot did he say or could u not c him 4 dust?,ham
I'm sorry. I've joined the league of people that dont keep in touch. You mean a great deal to me. You have been a friend at all times even at great personal cost. Do have a great week.|,ham
"I'm gonna be home soon and i don't want to talk about this stuff anymore tonight, k? I've cried enough today.",ham
I just really need shit before tomorrow and I know you won't be awake before like 6,ham
"Thank you so much. When we skyped wit kz and sura, we didnt get the pleasure of your company. Hope you are good. We've given you ultimatum oh! We are countin down to aburo. Enjoy! This is the message i sent days ago",ham
"Rose for red,red for blood,blood for heart,heart for u. But u for me.... Send tis to all ur friends.. Including me.. If u like me.. If u get back, 1-u r poor in relation! 2-u need some 1 to support 3-u r frnd 2 many 4-some1 luvs u 5+- some1 is praying god to marry u.:-) try it....",ham
"Well imma definitely need to restock before thanksgiving, I'll let you know when I'm out",ham
Hey next sun 1030 there's a basic yoga course... at bugis... We can go for that... Pilates intro next sat.... Tell me what time you r free,ham
"And very importantly, all we discuss is between u and i only.",ham
Eh ur laptop got no stock lei... He say mon muz come again to take a look c got a not...,ham
"Beautiful Truth against Gravity.. Read carefully: ""Our heart feels light when someone is in it.. But it feels very heavy when someone leaves it.."" GOODMORNING",ham
The guy did some bitching but I acted like i'd be interested in buying something else next week and he gave it to us for free,ham
Doesn't g have class early tomorrow and thus shouldn't be trying to smoke at &lt;#&gt;,ham
Purity of friendship between two is not about smiling after reading the forwarded message..Its about smiling just by seeing the name. Gud evng musthu,ham
I've told you everything will stop. Just dont let her get dehydrated.,ham
Da is good good player.why he is unsold.,ham
Come to my home for one last time i wont do anything. Trust me.,ham
I dled 3d its very imp,ham
No da:)he is stupid da..always sending like this:)don believe any of those message.pandy is a mental:),ham
We tried to contact you re your reply to our offer of 750 mins 150 textand a new video phone call 08002988890 now or reply for free delivery tomorrow,spam
"Get 3 Lions England tone, reply lionm 4 mono or lionp 4 poly. 4 more go 2 www.ringtones.co.uk, the original n best. Tones 3GBP network operator rates apply.",spam
Oh k. . I will come tomorrow,ham
"Buzz! Hey, my Love ! I think of you and hope your day goes well. Did you sleep in ? I miss you babe. I long for the moment we are together again*loving smile*",ham
10 min later k...,ham
We don call like &lt;#&gt; times oh. No give us hypertension oh.,ham
I absolutely LOVE South Park! I only recently started watching the office.,ham
Rofl betta invest in some anti aging products,ham
Not heard from U4 a while. Call 4 rude chat private line 01223585334 to cum. Wan 2C pics of me gettin shagged then text PIX to 8552. 2End send STOP 8552 SAM xxx,spam
Hey mate. Spoke to the mag people. We‘re on. the is deliver by the end of the month. Deliver on the 24th sept. Talk later.,ham
Hey so this sat are we going for the intro pilates only? Or the kickboxing too?,ham
Yes. that will be fine. Love you. Be safe.,ham
Yeah sure I'll leave in a min,ham
Super msg da:)nalla timing.,ham
Were somewhere on Fredericksburg,ham
"Dear Sir,Salam Alaikkum.Pride and Pleasure meeting you today at the Tea Shop.We are pleased to send you our contact number at Qatar.Rakhesh an Indian.Pls save our Number.Respectful Regards.",ham
I tagged MY friends that you seemed to count as YOUR friends.,ham
"Can you please ask macho what his price range is, does he want something new or used plus it he only interfued in the blackberry bold &lt;#&gt; or any bb",ham
Are you comingdown later?,ham
Well keep in mind I've only got enough gas for one more round trip barring a sudden influx of cash,ham
"HEY KATE, HOPE UR OK... WILL GIVE U A BUZ WEDLUNCH. GO OUTSOMEWHERE 4 ADRINK IN TOWN..CUD GO 2WATERSHD 4 A BIT? PPL FROMWRK WILL BTHERE. LOVE PETEXXX.",ham
If we win its really no 1 side for long time.,ham
Ok anyway no need to change with what you said,ham
He remains a bro amongst bros,ham
How about getting in touch with folks waiting for company? Just txt back your NAME and AGE to opt in! Enjoy the community (150p/SMS),spam
Hey check it da. I have listed da.,ham
I am on the way to tirupur.,ham
Wish u many many returns of the day.. Happy birthday vikky..,ham
"Hello, As per request from &lt;#&gt; Rs.5 has been transfered to you",ham
Lol yes. But it will add some spice to your day.,ham
Pick you up bout 7.30ish? What time are and that going?,ham
Thanx...,ham
Well there's a pattern emerging of my friends telling me to drive up and come smoke with them and then telling me that I'm a weed fiend/make them smoke too much/impede their doing other things so you see how I'm hesitant,ham
If i not meeting ü all rite then i'll go home lor. If ü dun feel like comin it's ok.,ham
You tell what happen dont behave like this to me. Ok no need to say,ham
"Carlos took a while (again), we leave in a minute",ham
Those cocksuckers. If it makes you feel better ipads are worthless garbage novelty items and you should feel bad for even wanting one,ham
Where to get those?,ham
Yar lor... How u noe? U used dat route too?,ham
08714712388 between 10am-7pm Cost 10p,spam
Did you try making another butt.,ham
How much is torch in 9ja.,ham
"Your account has been credited with 500 FREE Text Messages. To activate, just txt the word: CREDIT to No: 80488 T&Cs www.80488.biz",spam
Hmm thinking lor...,ham
"Hey Boys. Want hot XXX pics sent direct 2 ur phone? Txt PORN to 69855, 24Hrs free and then just 50p per day. To stop text STOPBCM SF WC1N3XX",spam
Do you mind if I ask what happened? You dont have to say if it is uncomfortable.,ham
Bring tat cd don forget,ham
"(No promises on when though, haven't even gotten dinner yet)",ham
Moji just informed me that you saved our lives. Thanks.,ham
We took hooch for a walk toaday and i fell over! Splat! Grazed my knees and everything! Should have stayed at home! See you tomorrow!,ham
Yup... How ü noe leh...,ham
U sick still can go shopping?,ham
Babe !!!! I LOVE YOU !!!! *covers your face in kisses*,ham
todays vodafone numbers ending with 0089(my last four digits) are selected to received a £350 award. If your number matches please call 09063442151 to claim your £350 award,spam
"Watching cartoon, listening music &amp; at eve had to go temple &amp; church.. What about u?",ham
"By march ending, i should be ready. But will call you for sure. The problem is that my capital never complete. How far with you. How's work and the ladies",ham
4mths half price Orange line rental & latest camera phones 4 FREE. Had your phone 11mths ? Call MobilesDirect free on 08000938767 to update now! or2stoptxt,spam
"came to look at the flat, seems ok, in his 50s? * Is away alot wiv work. Got woman coming at 6.30 too.",ham
So what do you guys do.,ham
You still at the game?,ham
True lov n care wil nevr go unrecognized. though somone often makes mistakes when valuing it. but they will definitly undrstnd once when they start missing it.,ham
"Ok that would b lovely, if u r sure. Think about wot u want to do, drinkin, dancin, eatin, cinema, in, out, about... Up to u! Wot about ?",ham
"Urgent! call 09066612661 from landline. Your complementary 4* Tenerife Holiday or £10,000 cash await collection SAE T&Cs PO Box 3 WA14 2PX 150ppm 18+ Sender: Hol Offer",spam
WOT STUDENT DISCOUNT CAN U GET ON BOOKS?,ham
Hope you are having a great day.,ham
Usually the person is unconscious that's in children but in adults they may just behave abnormally. I.ll call you now,ham
Reverse is cheating. That is not mathematics.,ham
Lil fever:) now fine:),ham
Ok no prob... I'll come after lunch then...,ham
We confirm eating at esplanade?,ham
"Easy mate, * guess the quick drink was bit ambitious.",ham
I love u 2 my little pocy bell I am sorry but I love u,ham
Can u look 4 me in da lib i got stuff havent finish yet.,ham
Your pussy is perfect!,ham
No problem baby. Is this is a good time to talk? I called and left a message.,ham
Then why you came to hostel.,ham
Awww dat is sweet! We can think of something to do he he! Have a nice time tonight ill probably txt u later cos im lonely :( xxx.,ham
"Hey, can you tell me blake's address? Carlos wanted me to meet him there but I got lost and he's not answering his phone",ham
"Bill, as in: Are there any letters for me. i’m expecting one from orange that isn’t a bill but may still say orange on it.",ham
Have you always been saying welp?,ham
500 free text msgs. Just text ok to 80488 and we'll credit your account,spam
Dear reached railway. What happen to you,ham
Ok. There may be a free gym about.,ham
XMAS iscoming & ur awarded either £500 CD gift vouchers & free entry 2 r £100 weekly draw txt MUSIC to 87066 TnC www.Ldew.com1win150ppmx3age16subscription,spam
"Yeah, that's fine! It's £6 to get in, is that ok?",ham
"cmon babe, make me horny, *turn* me on! Txt me your fantasy now babe -) Im hot, sticky and need you now. All replies cost £1.50. 2 cancel send STOP",spam
No. Did you multimedia message them or e-mail?,ham
Then just eat a shit and wait for ur monkey face bitch.......... U asshole..................,ham
Please da call me any mistake from my side sorry da. Pls da goto doctor.,ham
"You are guaranteed the latest Nokia Phone, a 40GB iPod MP3 player or a £500 prize! Txt word: COLLECT to No: 83355! IBHltd LdnW15H 150p/Mtmsgrcvd18+",spam
"Didn't try, g and I decided not to head out",ham
Thanx a lot...,ham
I don't quite know what to do. I still can't get hold of anyone. I cud pick you up bout 7.30pm and we can see if they're in the pub?,ham
A £400 XMAS REWARD IS WAITING FOR YOU! Our computer has randomly picked you from our loyal mobile customers to receive a £400 reward. Just call 09066380611,spam
I told that am coming on wednesday.,ham
Our records indicate u maybe entitled to 5000 pounds in compensation for the Accident you had. To claim 4 free reply with CLAIM to this msg. 2 stop txt STOP,spam
All these nice new shirts and the only thing I can wear them to is nudist themed ;_; you in mu?,ham
"Hi the way I was with u 2day, is the normal way&this is the real me. UR unique&I hope I know u 4 the rest of mylife. Hope u find wot was lost.",ham
Congratulations YOU'VE Won. You're a Winner in our August £1000 Prize Draw. Call 09066660100 NOW. Prize Code 2309.,spam
"Better than bb. If he wont use it, his wife will or them doctor",ham
"alright, I'll make sure the car is back tonight",ham
THING R GOOD THANX GOT EXAMS IN MARCH IVE DONE NO REVISION? IS FRAN STILL WITH BOYF? IVE GOTTA INTERVIW 4 EXETER BIT WORRIED!x,ham
"Nah I don't think he goes to usf, he lives around here though",ham
Aaooooright are you at work?,ham
"Dude u knw also telugu..thts gud..k, gud nyt..",ham
"Hello.How u doing?What u been up 2?When will u b moving out of the flat, cos I will need to arrange to pick up the lamp, etc. Take care. Hello caroline!",ham
Sunshine Quiz! Win a super Sony DVD recorder if you canname the capital of Australia? Text MQUIZ to 82277. B,spam
You are a winner U have been specially selected 2 receive £1000 or a 4* holiday (flights inc) speak to a live operator 2 claim 0871277810910p/min (18+),spam
Did u got that persons story,ham
No. But we'll do medical missions to nigeria,ham
Wait &lt;#&gt; min..,ham
He's just gonna worry for nothing. And he won't give you money its no use.,ham
No prob. I will send to your email.,ham
Surely result will offer:),ham
Check with nuerologist.,ham
Freemsg: 1-month unlimited free calls! Activate SmartCall Txt: CALL to No: 68866. Subscriptn3gbp/wk unlimited calls Help: 08448714184 Stop?txt stop landlineonly,spam
You bad girl. I can still remember them,ham
FREE MSG:We billed your mobile number by mistake from shortcode 83332.Please call 08081263000 to have charges refunded.This call will be free from a BT landline,spam
Mm have some kanji dont eat anything heavy ok,ham
Haha okay... Today weekend leh...,ham
"Goodmorning,my grandfather expired..so am on leave today.",ham
I luv u soo much u dont understand how special u r 2 me ring u 2morrow luv u xxx,ham
Wanna get laid 2nite? Want real Dogging locations sent direct to ur mobile? Join the UK's largest Dogging Network. Txt PARK to 69696 now! Nyt. ec2a. 3lp £1.50/msg,spam
Sex up ur mobile with a FREE sexy pic of Jordan! Just text BABE to 88600. Then every wk get a sexy celeb! PocketBabe.co.uk 4 more pics. 16 £3/wk 087016248,spam
Ok i found dis pierre cardin one which looks normal costs 20 its on sale.,ham
U in town alone?,ham
Hey are you angry with me. Reply me dr.,ham
I need you to be in my strong arms...,ham
I take it we didn't have the phone callon Friday. Can we assume we won't have it this year now?,ham
Yes.mum lookin strong:),ham
I am going to sao mu today. Will be done only at 12,ham
Wat r u doing?,ham
So li hai... Me bored now da lecturer repeating last weeks stuff waste time...,ham
Were gonna go get some tacos,ham
Nope. Meanwhile she talk say make i greet you.,ham
Can you pls send me that company name. In saibaba colany,ham
i want to grasp your pretty booty :),ham
He didn't see his shadow. We get an early spring yay,ham
You have 1 new voicemail. Please call 08719181513.,spam
Aiyah sorry lor... I watch tv watch until i forgot 2 check my phone.,ham
"Cool, what time you think you can get here?",ham
Sunshine Quiz Wkly Q! Win a top Sony DVD player if u know which country the Algarve is in? Txt ansr to 82277. £1.50 SP:Tyrone,spam
He also knows about lunch menu only da. . I know,ham
No it was cancelled yeah baby! Well that sounds important so i understand my darlin give me a ring later on this fone love Kate x,ham
am up to my eyes in philosophy,ham
I think steyn surely get one wicket:),ham
Juz now havent woke up so a bit blur blur... Can? Dad went out liao... I cant cum now oso...,ham
Full heat pa:-) i have applyed oil pa.,ham
"Hmm... Dunno leh, mayb a bag 4 goigng out dat is not too small. Or jus anything except perfume, smth dat i can keep.",ham
Headin towards busetop,ham
I love ya too but try and budget your money better babe. Gary would freak on me if he knew,ham
&lt;#&gt; great loxahatchee xmas tree burning update: you can totally see stars here,ham
"I wasn't well babe, i have swollen glands at my throat ... What did you end up doing ?",ham
Yeah if we do have to get a random dude we need to change our info sheets to PARTY &lt;#&gt; /7 NEVER STUDY just to be safe,ham
Yeah so basically any time next week you can get away from your mom &amp; get up before 3,ham
"Hiya, probably coming home * weekend after next",ham
Hi Dear Call me its urgnt. I don't know whats your problem. You don't want to work or if you have any other problem at least tell me. Wating for your reply.,ham
"That's very rude, you on campus?",ham
You dont know you jabo me abi.,ham
Your dad is back in ph?,ham
Wot is u up 2 then bitch?,ham
Still chance there. If you search hard you will get it..let have a try :),ham
Mind blastin.. No more Tsunamis will occur from now on.. Rajnikant stopped swimming in Indian Ocean..:-D,ham
K..i deleted my contact that why?,ham
In life when you face choices Just toss a coin not becoz its settle the question But while the coin in the air U will know what your heart is hoping for. Gudni8,ham
A £400 XMAS REWARD IS WAITING FOR YOU! Our computer has randomly picked you from our loyal mobile customers to receive a £400 reward. Just call 09066380611,spam
Your account has been refilled successfully by INR &lt;DECIMAL&gt; . Your KeralaCircle prepaid account balance is Rs &lt;DECIMAL&gt; . Your Transaction ID is KR &lt;#&gt; .,ham
Did you get any gift? This year i didnt get anything. So bad,ham
Ok pa. Nothing problem:-),ham
Im at arestaurant eating squid! i will be out about 10:30 wanna dosomething or is that to late?,ham
Your opinion about me? 1. Over 2. Jada 3. Kusruthi 4. Lovable 5. Silent 6. Spl character 7. Not matured 8. Stylish 9. Simple Pls reply..,ham
Ok that's great thanx a lot.,ham
Sending you greetings of joy and happiness. Do have a gr8 evening,ham
In that case I guess I'll see you at campus lodge,ham
"For you information, IKEA is spelled with all caps. That is not yelling. when you thought i had left you, you were sitting on the bed among the mess when i came in. i said we were going after you got home from class. please don't try and bullshit me. It makes me want to listen to you less.",ham
Do u noe how 2 send files between 2 computers?,ham
Ha ha ha good joke. Girls are situation seekers.,ham
In xam hall boy asked girl Tell me the starting term for dis answer I can den manage on my own After lot of hesitation n lookin around silently she said THE! intha ponnungale ipaditan;),ham
Nutter. Cutter. Ctter. Cttergg. Cttargg. Ctargg. Ctagg. ie you,ham
HARD BUT TRUE: How much you show &amp; express your love to someone....that much it will hurt when they leave you or you get seperated...!鈥┾??〨ud evening...,ham
"It's ok, at least armand's still around",ham
"BangBabes Ur order is on the way. U SHOULD receive a Service Msg 2 download UR content. If U do not, GoTo wap. bangb. tv on UR mobile internet/service menu",spam
Had your mobile 11mths ? Update for FREE to Oranges latest colour camera mobiles & unlimited weekend calls. Call Mobile Upd8 on freefone 08000839402 or 2StopTx,spam
DO NOT B LATE LOVE MUM,ham
How are you babes. Hope your doing ok. I had a shit nights sleep. I fell asleep at 5.Im knackered and im dreading work tonight. What are thou upto tonight. X,ham
U free on sat rite? U wan 2 watch infernal affairs wif me n darren n mayb xy?,ham
When i have stuff to sell i.ll tell you,ham
How much are we getting?,ham
Do you want a new Video handset? 750 any time any network mins? UNLIMITED TEXT? Camcorder? Reply or Call now 08000930705 for del Sat AM,spam
"Good afternoon, my love! How goes that day ? I hope maybe you got some leads on a job. I think of you, boytoy and send you a passionate kiss from across the sea",ham
Was playng 9 doors game and gt racing on phone lol,ham
how tall are you princess?,ham
For the most sparkling shopping breaks from 45 per person; call 0121 2025050 or visit www.shortbreaks.org.uk,spam
Babe ! What are you doing ? Where are you ? Who are you talking to ? Do you think of me ? Are you being a good boy? Are you missing me? Do you love me ?,ham
Much better now thanks lol,ham
FROM 88066 LOST £12 HELP,spam
Rightio. 11.48 it is then. Well arent we all up bright and early this morning.,ham
We can make a baby in yo tho,ham
Horrible bf... I now v hungry...,ham
Ü ready then call me...,ham
They released vday shirts and when u put it on it makes your bottom half naked instead of those white underwear.,ham
Want the latest Video handset? 750 anytime any network mins? Half price line rental? Reply or call 08000930705 for delivery tomorrow,spam
"Ok da, i already planned. I wil pick you.",ham
No da..today also i forgot..,ham
We not watching movie already. Xy wants 2 shop so i'm shopping w her now.,ham
"Loan for any purpose £500 - £75,000. Homeowners + Tenants welcome. Have you been previously refused? We can still help. Call Free 0800 1956669 or text back 'help'",spam
Dear 0776xxxxxxx U've been invited to XCHAT. This is our final attempt to contact u! Txt CHAT to 86688 150p/MsgrcvdHG/Suite342/2Lands/Row/W1J6HL LDN 18yrs,spam
At what time are you coming.,ham
Hi di is yijue we're meeting at 7 pm at esaplanade tonight.,ham
Still in the area of the restaurant. Ill try to come back soon,ham
How have your little darlings been so far this week? Need a coffee run tomo?Can't believe it's that time of week already …,ham
So how's scotland. Hope you are not over showing your JJC tendencies. Take care. Live the dream,ham
Uhhhhrmm isnt having tb test bad when youre sick,ham
Hi Harish's rent has been transfred to ur Acnt.,ham
They are just making it easy to pay back. I have &lt;#&gt; yrs to say but i can pay back earlier. You get?,ham
"its cool but tyler had to take off so we're gonna buy for him and drop it off at his place later tonight. Our total order is a quarter, you got enough?",ham
"No dude, its not fake..my frnds got money, thts y i'm reffering u..if u member wit my mail link, u vl be credited &lt;#&gt; rs and il be getiing &lt;#&gt; rs..i can draw my acc wen it is &lt;#&gt; rs..",ham
"Good afternoon on this glorious anniversary day, my sweet J !! I hope this finds you happy and content, my Prey. I think of you and send a teasing kiss from across the sea coaxing images of fond souveniers ... You Cougar-Pen",ham
Lmao you know me so well...,ham
How are you. Wish you a great semester,ham
What's up. Do you want me to come online?,ham
"Ok. Can be later showing around 8-8:30 if you want + cld have drink before. Wld prefer not to spend money on nosh if you don't mind, as doing that nxt wk.",ham
"I want to show you the world, princess :) how about europe?",ham
We have pizza if u want,ham
You made my day. Do have a great day too.,ham
Dont kick coco when he's down,ham
You are a very very very very bad girl. Or lady.,ham
Thank you princess! You are so sexy...,ham
Goin to workout lor... Muz lose e fats...,ham
If u sending her home first it's ok lor. I'm not ready yet.,ham
I want to sent &lt;#&gt; mesages today. Thats y. Sorry if i hurts,ham
"Haha, my legs and neck are killing me and my amigos are hoping to end the night with a burn, think I could swing by in like an hour?",ham
No it's waiting in e car dat's bored wat. Cos wait outside got nothing 2 do. At home can do my stuff or watch tv wat.,ham
That would be great. We'll be at the Guild. Could meet on Bristol road or somewhere - will get in touch over weekend. Our plans take flight! Have a good week,ham
And maybe some pressies,ham
What can i do? Might accidant tookplace between somewhere ghodbandar rd. Traffic moves slovely. So plz slip &amp; don't worry.,ham
WINNER! As a valued network customer you hvae been selected to receive a £900 reward! To collect call 09061701444. Valid 24 hours only. ACL03530150PM,spam
Wat's da model num of ur phone?,ham
"fyi I'm at usf now, swing by the room whenever",ham
Can you let me know details of fri when u find out cos I'm not in tom or fri. mentionned chinese. Thanks,ham
"I'm there and I can see you, but you can't see me ? Maybe you should reboot ym ? I seen the buzz",ham
"Nope, I'm still in the market",ham
You do your studies alone without anyones help. If you cant no need to study.,ham
Ringtone Club: Gr8 new polys direct to your mobile every week !,spam
Lol I know! Hey someone did a great inpersonation of flea on the forums. I love it!,ham
"Hiya , have u been paying money into my account? If so, thanks. Got a pleasant surprise when i checked my balance -u c, i don't get statements 4 that acc",ham
"Awesome, plan to get here any time after like &lt;#&gt; , I'll text you details in a wee bit",ham
U studying in sch or going home? Anyway i'll b going 2 sch later.,ham
U reach orchard already? U wan 2 go buy tickets first?,ham
"Hi. Hope ur day * good! Back from walk, table booked for half eight. Let me know when ur coming over.",ham
Love you aathi..love u lot..,ham
So u wan 2 come for our dinner tonight a not?,ham
Good morning princess! How are you?,ham
"Just sent you an email – to an address with incomm in it, is that right?",ham
"Nt only for driving even for many reasons she is called BBD..thts it chikku, then hw abt dvg cold..heard tht vinobanagar violence hw is the condition..and hw ru ? Any problem?",ham
Yar else i'll thk of all sorts of funny things.,ham
To day class is there are no class.,ham
I'm in class. Did you get my text.,ham
I was about to do it when i texted. I finished a long time ago and showered and er'ything!,ham
Hi its in durban are you still on this number,ham
I'm leaving my house now.,ham
I dont want to hear philosophy. Just say what happen,ham
Or just do that 6times,ham
Roger that. We‘re probably going to rem in about 20,ham
"If e timing can, then i go w u lor...",ham
Yeah I'll try to scrounge something up,ham
For sale - arsenal dartboard. Good condition but no doubles or trebles!,spam
Wow so healthy. Old airport rd lor. Cant thk of anything else. But i'll b bathing my dog later.,ham
"Since when, which side, any fever, any vomitin.",ham
Orh i tot u say she now still dun believe.,ham
Get ur 1st RINGTONE FREE NOW! Reply to this msg with TONE. Gr8 TOP 20 tones to your phone every week just £1.50 per wk 2 opt out send STOP 08452810071 16,spam
Your 2004 account for 07XXXXXXXXX shows 786 unredeemed points. To claim call 08719181259 Identifier code: XXXXX Expires 26.03.05,spam
Ok then u tell me wat time u coming later lor.,ham
Hey ! Don't forget ... You are MINE ... For ME ... My possession ... MY property ... MMM ... *childish smile* ...,ham
Oh :-)only 4 outside players allowed to play know,ham
I‘m going to try for 2 months ha ha only joking,ham
o turns out i had stereo love on mi phone under the unknown album.,ham
Lol enjoy role playing much?,ham
Oh shut it. Omg yesterday I had a dream that I had 2 kids both boys. I was so pissed. Not only about the kids but them being boys. I even told mark in my dream that he was changing diapers cause I'm not getting owed in the face.,ham
"Wn u r hurt by d prsn who s close 2 u, do fight wit dem. Coz somtimes dis fight saves a relation bt being quiet leaves nothin in a relation.. Gud eveB-)",ham
Ok i thk i got it. Then u wan me 2 come now or wat?,ham
I am literally in bed and have been up for like &lt;#&gt; hours,ham
That's a shame! Maybe cld meet for few hrs tomo?,ham
"They can try! They can get lost, in fact. Tee hee",ham
"Until 545 lor... Ya, can go 4 dinner together...",ham
"URGENT. Important information for 02 user. Today is your lucky day! 2 find out why , log onto http://www.urawinner.com there is a fantastic surprise awaiting you !",spam
But your brother transfered only &lt;#&gt; + &lt;#&gt; . Pa.,ham
Yup ü not comin :-(,ham
"The guy at the car shop who was flirting with me got my phone number from the paperwork and called and texted me. I'm nervous because of course now he may have my address. Should i call his boss and tell him, knowing this may get him fired?",ham
Busy here. Trying to finish for new year. I am looking forward to finally meeting you...,ham
Good Morning my Dear........... Have a great &amp; successful day.,ham
"Yeah, probably here for a while",ham
"Yo, the game almost over? Want to go to walmart soon",ham
Sorry that was my uncle. I.ll keep in touch,ham
"Congrats! 1 year special cinema pass for 2 is yours. call 09061209465 now! C Suprman V, Matrix3, StarWars3, etc all 4 FREE! bx420-ip4-5we. 150pm. Dont miss out!",spam
"Actually nvm, got hella cash, we still on for &lt;#&gt; ish?",ham
"REMINDER FROM O2: To get 2.50 pounds free call credit and details of great offers pls reply 2 this text with your valid name, house no and postcode",spam
What's up my own oga. Left my phone at home and just saw ur messages. Hope you are good. Have a great weekend.,ham
From next month get upto 50% More Calls 4 Ur standard network charge 2 activate Call 9061100010 C Wire3.net 1st4Terms PoBox84 M26 3UZ Cost £1.50 min MobcudB more,spam
Why did I wake up on my own &gt;:(,ham
Wylie update: my weed dealer carlos went to freedom and had a class with lunsford,ham
"Hey sorry I didntgive ya a a bellearlier hunny,just been in bedbut mite go 2 thepub l8tr if uwana mt up?loads a luv Jenxxx.",ham
Do you want a new Video phone? 600 anytime any network mins 400 Inclusive Video calls AND downloads 5 per week Free delTOMORROW call 08002888812 or reply NOW,spam
Haha... dont be angry with yourself... Take it as a practice for the real thing. =),ham
East coast,ham
I remain unconvinced that this isn't an elaborate test of my willpower,ham
Waiting in e car 4 my mum lor. U leh? Reach home already?,ham
"Hi, this is Mandy Sullivan calling from HOTMIX FM...you are chosen to receive £5000.00 in our Easter Prize draw.....Please telephone 09041940223 to claim before 29/03/05 or your prize will be transferred to someone else....",spam
She's fine. Good to hear from you. How are you my dear? Happy new year oh.,ham
O. Well uv causes mutations. Sunscreen is like essential thesedays,ham
Well. You know what i mean. Texting,ham
"It wont b until 2.15 as trying 2 sort house out, is that ok?",ham
"Ur balance is now £600. Next question: Complete the landmark, Big, A. Bob, B. Barry or C. Ben ?. Text A, B or C to 83738. Good luck!",spam
"Aight, I'm chillin in a friend's room so text me when you're on the way",ham
"New Tones This week include: 1)McFly-All Ab.., 2) Sara Jorge-Shock.. 3) Will Smith-Switch.. To order follow instructions on next message",spam
URGENT! We are trying to contact U. Todays draw shows that you have won a £800 prize GUARANTEED. Call 09050003091 from land line. Claim C52. Valid 12hrs only,spam
:-) :-),ham
His bday real is in april .,ham
By monday next week. Give me the full gist,ham
"Almost there, see u in a sec",ham
HMV BONUS SPECIAL 500 pounds of genuine HMV vouchers to be won. Just answer 4 easy questions. Play Now! Send HMV to 86688 More info:www.100percent-real.com,spam
JADE ITS PAUL. Y DIDNT U TXT ME? DO U REMEMBER ME FROM BARMED? I WANT 2 TALK 2 U! TXT ME,ham
Have you not finished work yet or something?,ham
Dear Voucher holder Have your next meal on us. Use the following link on your pc 2 enjoy a 2 4 1 dining experiencehttp://www.vouch4me.com/etlp/dining.asp,spam
Yes ammae....life takes lot of turns you can only sit and try to hold the steering...,ham
"swhrt how u dey,hope ur ok, tot about u 2day.love n miss.take care.",ham
I'd like to tell you my deepest darkest fantasies. Call me 09094646631 just 60p/min. To stop texts call 08712460324 (nat rate),spam
"Hey sweet, I was wondering when you had a moment if you might come to me ? I want to send a file to someone but it won't go over yahoo for them because their connection sucks, remember when you set up that page for me to go to and download the format disc ? Could you tell me how to do that ? Or do you know some other way to download big files ? Because they can download stuff directly from the internet. Any help would be great, my prey ... *teasing kiss*",ham
Networking technical support associate.,ham
Ok lor... But buy wat?,ham
"Hello my boytoy ... Geeee I miss you already and I just woke up. I wish you were here in bed with me, cuddling me. I love you ...",ham
Not from this campus. Are you in the library?,ham
Thanx 4 2day! U r a goodmate I THINK UR RITE SARY! ASUSUAL!1 U CHEERED ME UP! LOVE U FRANYxxxxx,ham
Lol alright i was thinkin that too haha,ham
Oh...i asked for fun. Haha...take care. ü,ham
Carlos says we can pick up from him later so yeah we're set,ham
Hey i've booked the 2 lessons on sun liao...,ham
Macha dont feel upset.i can assume your mindset.believe me one evening with me and i have some wonderful plans for both of us.LET LIFE BEGIN AGAIN.call me anytime,ham
Then what about further plan?,ham
Wat time u finish ur lect today?,ham
"Hmph. Go head, big baller.",ham
Mum not going robinson already.,ham
You in your room? I need a few,ham
K.then any other special?,ham
"CHA QUITEAMUZING THATSCOOL BABE,PROBPOP IN & CU SATTHEN HUNNY 4BREKKIE! LOVE JEN XXX. PSXTRA LRG PORTIONS 4 ME PLEASE",ham
Do you want bold 2 or bb torch,ham
"Oh really? perform, write a paper, go to a movie AND be home by midnight, huh?",ham
Yar but they say got some error.,ham
I love your ass! Do you enjoy doggy style? :),ham
No need to buy lunch for me.. I eat maggi mee..,ham
"I'm not smoking while people use ""wylie smokes too much"" to justify ruining my shit",ham
Mm that time you dont like fun,ham
Xy trying smth now. U eat already? We havent...,ham
Ummmmmaah Many many happy returns of d day my dear sweet heart.. HAPPY BIRTHDAY dear,ham
Today i'm not workin but not free oso... Gee... Thgt u workin at ur fren's shop ?,ham
No let me do the math. Your not good at it.,ham
Wat uniform? In where get?,ham
Dunno leh cant remember mayb lor. So wat time r we meeting tmr?,ham
V skint too but fancied few bevies.waz gona go meet &othrs in spoon but jst bin watchng planet earth&sofa is v comfey; If i dont make it hav gd night,ham
"I'm done. I'm sorry. I hope your next space gives you everything you want. Remember all the furniture is yours. If i'm not around when you move it, just lock all the locks and leave the key with jenne.",ham
Am on a train back from northampton so i'm afraid not! I'm staying skyving off today ho ho! Will be around wednesday though. Do you fancy the comedy club this week by the way?,ham
Go chase after her and run her over while she's crossing the street,ham
"Yo, you gonna still be in stock tomorrow/today? I'm trying to get a dubsack",ham
"HELLOGORGEOUS, HOWS U? MY FONE WAS ON CHARGE LST NITW WEN U TEXD ME. HOPEU AD A NICE WKEND AS IM SURE U DID LOOKIN 4WARD 2 C-IN U 2MRW LUV JAZ",ham
"Yes..but they said its IT.,",ham
Ok i juz receive..,ham
Just now saw your message.it k da:),ham
WE REGRET TO INFORM U THAT THE NHS HAS MADE A MISTAKE.U WERE NEVER ACTUALLY BORN.PLEASE REPORT 2 YOR LOCAL HOSPITAL 2B TERMINATED.WE R SORRY 4 THE INCONVENIENCE,ham
Ya! when are ü taking ure practical lessons? I start in june..,ham
"no, i *didn't* mean to post it. I wrote it, and like so many other times i've ritten stuff to you, i let it sit there. it WAS what i was feeling at the time. I was angry. Before i left, i hit send, then stop. It wasn't there. I checked on my phone when i got to my car. It wasn't there. You said you didn't sleep, you were bored. So why wouldn't THAT be the time to clean, fold laundry, etc.? At least make the bed?",ham
K.k:)apo k.good movie.,ham
U can call now...,ham
Pls send me the correct name da.,ham
Ard 530 like dat lor. We juz meet in mrt station then ü dun haf to come out.,ham
You have won a Nokia 7250i. This is what you get when you win our FREE auction. To take part send Nokia to 86021 now. HG/Suite342/2Lands Row/W1JHL 16+,spam
Are you ok. What happen to behave like this,ham
Okay same with me. Well thanks for the clarification,ham
"Love isn't a decision, it's a feeling. If we could decide who to love, then, life would be much simpler, but then less magical",ham
"Wait, do you know if wesleys in town? I bet she does hella drugs!",ham
Did u download the fring app?,ham
Those ducking chinchillas,ham
Yes. Last practice,ham
Wish i were with you now!,ham
Is there any training tomorrow?,ham
Really... I tot ur paper ended long ago... But wat u copied jus now got use? U happy lar... I still haf 2 study :-(,ham
U WILL SWITCH YOUR FONE ON DAMMIT!!,ham
Maybe you should find something else to do instead???,ham
"all the lastest from Stereophonics, Marley, Dizzee Racal, Libertines and The Strokes! Win Nookii games with Flirt!! Click TheMob WAP Bookmark or text WAP to 82468",spam
Hi. I'm always online on yahoo and would like to chat with you someday,ham
Or maybe my fat fingers just press all these buttons and it doesn't know what to do.,ham
"Friendship is not a game to play, It is not a word to say, It doesn\'t start on March and ends on May, It is tomorrow, yesterday, today and e",ham
FREE camera phones with linerental from 4.49/month with 750 cross ntwk mins. 1/2 price txt bundle deals also avble. Call 08001950382 or call2optout/J MF,spam
Hmmm:)how many players selected?,ham
Gud ni8.swt drms.take care,ham
Serious? What like proper tongued her,ham
Thats cool! I am a gentleman and will treat you with dignity and respect.,ham
I sent your maga that money yesterday oh.,ham
* Was thinking about chuckin ur red green n black trainners 2 save carryin them bac on train,ham
Then anything special?,ham
"That's what I love to hear :V see you sundayish, then",ham
"The LAY MAN! Just to let you know you are missed and thought off. Do have a great day. And if you can send me bimbo and ugo's numbers, ill appreciate. Safe",ham
U still going to the mall?,ham
"Wishing you and your family Merry ""X"" mas and HAPPY NEW Year in advance..",ham
Hello madam how are you ?,ham
U wake up already? Thanx 4 e tau sar piah it's quite nice.,ham
Da my birthdate in certificate is in april but real date is today. But dont publish it. I shall give you a special treat if you keep the secret. Any way thanks for the wishes,ham
Understand. his loss is my gain :) so do you work? School?,ham
Hey i will be late ah... Meet you at 945+,ham
Hi ....My engagement has been fixd on &lt;#&gt; th of next month. I know its really shocking bt....hmm njan vilikkam....t ws al of a sudn;-(.,ham
Huh y lei...,ham
Join the UK's horniest Dogging service and u can have sex 2nite!. Just sign up and follow the instructions. Txt ENTRY to 69888 now! Nyt.EC2A.3LP.msg@150p,spam
tells u 2 call 09066358152 to claim £5000 prize. U have 2 enter all ur mobile & personal details @ the prompts. Careful!,spam
"Hi this is Amy, we will be sending you a free phone number in a couple of days, which will give you an access to all the adult parties...",spam
She's good. How are you. Where r u working now,ham
What should i eat fo lunch senor,ham
Oh did you charge camera,ham
Please CALL 08712402578 immediately as there is an urgent message waiting for you,spam
Ya very nice. . .be ready on thursday,ham
All day working day:)except saturday and sunday..,ham
Prakesh is there know.,ham
I've not sent it. He can send me.,ham
Then why no one talking to me,ham
"No dice, art class 6 thru 9 :( thanks though. Any idea what time I should come tomorrow?",ham
Are you willing to go for aptitude class.,ham
Yar lor actually we quite fast... Cos da ge slow wat... Haha...,ham
I had a good time too. Its nice to do something a bit different with my weekends for a change. See ya soon,ham
Those were my exact intentions,ham
I am back. Bit long cos of accident on a30. Had to divert via wadebridge.I had a brilliant weekend thanks. Speak soon. Lots of love,ham
What pa tell me.. I went to bath:-),ham
Are you staying in town ?,ham
says the &lt;#&gt; year old with a man and money. I'm down to my last &lt;#&gt; . Still waiting for that check.,ham
I am in a marriage function,ham
Love it! Daddy will make you scream with pleasure! I am going to slap your ass with my dick!,ham
"Alright, I'll head out in a few minutes, text me where to meet you",ham
Hey are we going for the lo lesson or gym?,ham
Have a nice day my dear.,ham
Now project pa. After that only i can come.,ham
Hiya do u like the hlday pics looked horrible in them so took mo out! Hows the camp Amrca thing? Speak soon Serena:),ham
That is wondar full flim.,ham
"I guess that's why you re worried. You must know that there's a way the body repairs itself. And i'm quite sure you shouldn't worry. We'll take it slow. First the tests, they will guide when your ovulation is then just relax. Nothing you've said is a reason to worry but i.ll keep on followin you up.",ham
"It's wylie, you in tampa or sarasota?",ham
Ya just telling abt tht incident..,ham
I meant middle left or right?,ham
Genius what's up. How your brother. Pls send his number to my skype.,ham
This is all just creepy and crazy to me.,ham
"Princess, is your kitty shaved or natural?",ham
O i played smash bros &lt;#&gt; religiously.,ham
As one of our registered subscribers u can enter the draw 4 a 100 G.B. gift voucher by replying with ENTER. To unsubscribe text STOP,spam
I agree. So i can stop thinkin about ipad. Can you please ask macho the same question.,ham
Aiyar hard 2 type. U later free then tell me then i call n scold n tell u.,ham
"I feel like a dick because I keep sleeping through your texts and facebook messages. Sup, you in town?",ham
Haha... Really oh no... How? Then will they deduct your lesson tmr?,ham
"Right on brah, see you later",ham
Alex knows a guy who sells mids but he's down in south tampa and I don't think I could set it up before like 8,ham
"You have been selected to stay in 1 of 250 top British hotels - FOR NOTHING! Holiday Worth £350! To Claim, Call London 02072069400. Bx 526, SW73SS",spam
SplashMobile: Choose from 1000s of gr8 tones each wk! This is a subscrition service with weekly tones costing 300p. U have one credit - kick back and ENJOY,spam
Pls go ahead with watts. I just wanted to be sure. Do have a great weekend. Abiola,ham
"Hello, yeah i've just got out of the bath and need to do my hair so i'll come up when i'm done, yeah?",ham
No plm i will come da. On the way.,ham
Wot u up 2 u weirdo?,ham
I'm home...,ham
S....s...india going to draw the series after many years in south african soil..,ham
Oh yeah I forgot. U can only take 2 out shopping at once.,ham
I dont know exactly could you ask chechi.,ham
Sorry sent blank msg again. Yup but trying 2 do some serious studying now.,ham
....photoshop makes my computer shut down.,ham
Fine i miss you very much.,ham
Finished class where are you.,ham
No sir. That's why i had an 8-hr trip on the bus last week. Have another audition next wednesday but i think i might drive this time.,ham
"URGENT! Your Mobile No 07808726822 was awarded a £2,000 Bonus Caller Prize on 02/09/03! This is our 2nd attempt to contact YOU! Call 0871-872-9758 BOX95QU",spam
"U can WIN £100 of Music Gift Vouchers every week starting NOW Txt the word DRAW to 87066 TsCs www.ldew.com SkillGame,1Winaweek, age16.150ppermessSubscription",spam
Sounds great! Im going to sleep now. Have a good night!,ham
"K, can that happen tonight?",ham
Printer is cool. I mean groovy. Wine is groovying,ham
if you text on your way to cup stop that should work. And that should be BUS,ham
U call me alter at 11 ok.,ham
"I'd say that's a good sign but, well, you know my track record at reading women",ham
So i asked how's anthony. Dad. And your bf,ham
S:)no competition for him.,ham
Wrong phone! This phone! I answer this one but assume the other is people i don't well,ham
U wan 2 haf lunch i'm in da canteen now.,ham
"I'm taking derek &amp; taylor to walmart, if I'm not back by the time you're done just leave the mouse on my desk and I'll text you when priscilla's ready",ham
Got it! It looks scrumptious... daddy wants to eat you all night long!,ham
Pls speak with me. I wont ask anything other then you friendship.,ham
Goodmorning today i am late for &lt;DECIMAL&gt; min.,ham
Idea will soon get converted to live:),ham
Great! I shoot big loads so get ready!,ham
"Erm... Woodland avenue somewhere. Do you get the parish magazine, his telephone number will be in there.",ham
yeah sure thing mate haunt got all my stuff sorted but im going sound anyway promoting hex for .by the way who is this? dont know number. Joke,ham
HI DARLIN HOW WAS WORK DID U GET INTO TROUBLE? IJUST TALKED TO YOUR MUM ALL MORNING! I HAD A REALLY GOOD TIME LAST NIGHT IM GOIN OUT SOON BUT CALL ME IF U CAN,ham
You should know now. So how's anthony. Are you bringing money. I've school fees to pay and rent and stuff like that. Thats why i need your help. A friend in need....|,ham
I'm now but have to wait till 2 for the bus to pick me.,ham
Networking job is there.,ham
Hui xin is in da lib.,ham
No. Its not specialisation. Can work but its slave labor. Will look for it this month sha cos no shakara 4 beggar.,ham
K..k.:)congratulation ..,ham
R u meeting da ge at nite tmr?,ham
Let there be snow. Let there be snow. This kind of weather brings ppl together so friendships can grow.,ham
Except theres a chick with huge boobs.,ham
Please don't text me anymore. I have nothing else to say.,ham
Ü predict wat time ü'll finish buying?,ham
Lol ok ill try to send. Be warned Sprint is dead slow. You'll prolly get it tomorrow,ham
Dun b sad.. It's over.. Dun thk abt it already. Concentrate on ur other papers k.,ham
"Helloooo... Wake up..! ""Sweet"" ""morning"" ""welcomes"" ""You"" ""Enjoy"" ""This Day"" ""with full of joy"".. ""GUD MRNG"".",ham
"Sorry pa, i dont knw who ru pa?",ham
Dai &lt;#&gt; naal eruku.,ham
For my family happiness..,ham
Jus ans me lar. U'll noe later.,ham
TELL HER I SAID EAT SHIT.,ham
"I'm a guy, browsin is compulsory",ham
No..he joined today itself.,ham
"Yeah, in fact he just asked if we needed anything like an hour ago. When and how much?",ham
"Christmas is An occasion that is Celebrated as a Reflection of UR... Values..., Desires..., Affections...&amp; Traditions.... Have an ideal Christmas...",ham
That was random saw my old roomate on campus. He graduated,ham
"Hello darling how are you today? I would love to have a chat, why dont you tell me what you look like and what you are in to sexy?",spam
Yes we are chatting too.,ham
;-) ok. I feel like john lennon.,ham
Just chill for another 6hrs. If you could sleep the pain is not a surgical emergency so see how it unfolds. Okay,ham
Hmm...Bad news...Hype park plaza $700 studio taken...Only left 2 bedrm-$900...,ham
I'm good. Have you registered to vote?,ham
Honey boo I'm missing u.,ham
Yo! Howz u? girls never rang after india. L,ham
hi my darlin im on my way to London and we have just been smashed into by another driver! and have a big dent! im really missing u what have u been up to? xxx,ham
Ill be at yours in about 3 mins but look out for me,ham
"Aight no rush, I'll ask jay",ham
Wot about on wed nite I am 3 then but only til 9!,ham
"I have 2 sleeping bags, 1 blanket and paper and phone details. Anything else?",ham
Urgent! Please call 09061213237 from landline. £5000 cash or a luxury 4* Canary Islands Holiday await collection. T&Cs SAE PO Box 177. M227XY. 150ppm. 16+,spam
Can't. I feel nauseous. I'm so pissed. I didn't eat any sweets all week cause today I was planning to pig out. I was dieting all week. And now I'm not hungry :/,ham
I'll probably be around mu a lot,ham
Then i buy.,ham
"Come to me, slave. Your doing it again ... Going into your shell and unconsciously avoiding me ... You are making me unhappy :-(",ham
Ho ho - big belly laugh! See ya tomo,ham
"I can probably come by, everybody's done around &lt;#&gt; right?",ham
"Hi , where are you? We're at and they're not keen to go out i kind of am but feel i shouldn't so can we go out tomo, don't mind do you?",ham
"Hi, Mobile no. &lt;#&gt; has added you in their contact list on www.fullonsms.com It s a great place to send free sms to people For more visit fullonsms.com",ham
"I‘ve got some salt, you can rub it in my open wounds if you like!",ham
I thk 50 shd be ok he said plus minus 10.. Did ü leave a line in between paragraphs?,ham
"I had been hoping i would not have to send you this message. My rent is due and i dont have enough for it. My reserves are completely gone. Its a loan i need and was hoping you could her. The balance is &lt;#&gt; . Is there a way i could get that from you, till mid march when i hope to pay back.",ham
"Got ur mail Dileep.thank you so muchand look forward to lots of support...very less contacts here,remember one venugopal you mentioned.tomorrow if not late,i shall try to come up till there.goodnight dear.",ham
What you did in leave.,ham
Huh? 6 also cannot? Then only how many mistakes?,ham
Are you coming to day for class.,ham
Dad went out oredi...,ham
When can ü come out?,ham
I might come to kerala for 2 days.so you can be prepared to take a leave once i finalise .dont plan any travel during my visit.need to finish urgent works.,ham
"Total disappointment, when I texted you was the craziest shit got :(",ham
And pls pls drink plenty plenty water,ham
U meet other fren dun wan meet me ah... Muz b a guy rite...,ham
"K, I might come by tonight then if my class lets out early",ham
"Aldrine, rakhesh ex RTM here.pls call.urgent.",ham
Simply sitting and watching match in office..,ham
"My sister in law, hope you are having a great month. Just saying hey. Abiola",ham
Boo what time u get out? U were supposed to take me shopping today. :(,ham
Yup... Ok i go home look at the timings then i msg ü again... Xuhui going to learn on 2nd may too but her lesson is at 8am,ham
I don't think he has spatula hands!,ham
Happy birthday to you....dear.with lots of love.rakhesh NRI,ham
XMAS Prize draws! We are trying to contact U. Todays draw shows that you have won a £2000 prize GUARANTEED. Call 09058094565 from land line. Valid 12hrs only,spam
How is your schedule next week? I am out of town this weekend.,ham
"Under the sea, there lays a rock. In the rock, there is an envelope. In the envelope, there is a paper. On the paper, there are 3 words... '",ham
* Am on a train back from northampton so i'm afraid not!,ham
Wat would u like 4 ur birthday?,ham
Yep then is fine 7.30 or 8.30 for ice age.,ham
Of course ! Don't tease me ... You know I simply must see ! *grins* ... Do keep me posted my prey ... *loving smile* *devouring kiss*,ham
HIYA STU WOT U UP 2.IM IN SO MUCH TRUBLE AT HOME AT MOMENT EVONE HATES ME EVEN U! WOT THE HELL AV I DONE NOW? Y WONT U JUST TELL ME TEXT BCK PLEASE LUV DAN,ham
"The gas station is like a block away from my house, you'll drive right by it since armenia ends at swann and you have to take howard",ham
"Come around &lt;DECIMAL&gt; pm vikky..i'm otside nw, il come by tht time",ham
Ü give me some time to walk there.,ham
Okie.. Thanx..,ham
I.ll get there tomorrow and send it to you,ham
U’ve Bin Awarded £50 to Play 4 Instant Cash. Call 08715203028 To Claim. EVERY 9th Player Wins Min £50-£500. OptOut 08718727870,spam
Ok,ham
Didn't you get hep b immunisation in nigeria.,ham
WIN a £200 Shopping spree every WEEK Starting NOW. 2 play text STORE to 88039. SkilGme. TsCs08714740323 1Winawk! age16 £1.50perweeksub.,spam
Lol for real. She told my dad I have cancer,ham
So that takes away some money worries,ham
Well I wasn't available as I washob nobbing with last night so they had to ask Nickey Platt instead of me!;,ham
"Yes but i dont care! I need you bad, princess!",ham
Whats the staff name who is taking class for us?,ham
MY NO. IN LUTON 0125698789 RING ME IF UR AROUND! H*,ham
"4 tacos + 1 rajas burrito, right?",ham
"Camera quite good, 10.1mega pixels, 3optical and 5digital dooms. Have a lovely holiday, be safe and i hope you hav a good journey! Happy new year to you both! See you in a couple of weeks!",ham
Hello boytoy ! Geeee ... I'm missing you today. I like to send you a tm and remind you I'm thinking of you ... And you are loved ... *loving kiss*,ham
Well boy am I glad G wasted all night at applebees for nothing,ham
Too late. I said i have the website. I didn't i have or dont have the slippers,ham
Jay is snickering and tells me that x is totally fucking up the chords as we speak,ham
Beautiful truth : Expression of the face could Be seen by everyone... But the depression of heart Could be understood only By the Loved ones.. Gud Ni8;-),ham
Did he just say somebody is named tampa,ham
The beauty of life is in next second.. which hides thousands of secrets. I wish every second will be wonderful in ur life...!! gud n8,ham
I went to ur hon lab but no one is there.,ham
Lol where do u come up with these ideas?,ham
Should i send you naughty pix? :),ham
Kothi print out marandratha.,ham
Its posible dnt live in &lt;#&gt; century cm frwd n thnk different,ham
"Come to me right now, Ahmad",ham
Tessy..pls do me a favor. Pls convey my birthday wishes to Nimya..pls dnt forget it. Today is her birthday Shijas,ham
ELLO BABE U OK?,ham
"House-Maid is the murderer, coz the man was murdered on &lt;#&gt; th January.. As public holiday all govt.instituitions are closed,including post office..",ham
Argh why the fuck is nobody in town ;_;,ham
"Good afternoon sunshine! How dawns that day ? Are we refreshed and happy to be alive? Do we breathe in the air and smile ? I think of you, my love ... As always",ham
"Yeah sure, give me a couple minutes to track down my wallet",ham
PRIVATE! Your 2003 Account Statement for shows 800 un-redeemed S.I.M. points. Call 08715203685 Identifier Code:4xx26 Expires 13/10/04,spam
Cold. Dont be sad dear,ham
"SMS SERVICES. for your inclusive text credits, pls goto www.comuk.net login= ***** unsubscribe with STOP. no extra charge. help:08700469649. PO BOX420. IP4 5WE",spam
You do got a shitload of diamonds though,ham
If I get there before you after your ten billion calls and texts so help me god,ham
"The guy (kadeem) hasn't been selling since the break, I know one other guy but he's paranoid as fuck and doesn't like selling without me there and I can't be up there til late tonight",ham
"Sometimes we put walls around our hearts,not just to be safe from getting hurt.. But to find out who cares enough to break the walls &amp; get closer.. GOODNOON:)",ham
You unbelievable faglord,ham
For fear of fainting with the of all that housework you just did? Quick have a cuppa,ham
Where is that one day training:-),ham
Fuck babe ... What happened to you ? How come you never came back?,ham
"Fair enough, anything going on?",ham
No no. I will check all rooms befor activities,ham
I liked the new mobile,ham
The basket's gettin full so I might be by tonight,ham
Thank you. I like you as well...,ham
Dont know supports ass and srt i thnk. I think ps3 can play through usb too,ham
I'll probably be by tomorrow (or even later tonight if something's going on),ham
More people are dogging in your area now. Call 09090204448 and join like minded guys. Why not arrange 1 yourself. There's 1 this evening. A£1.50 minAPN LS278BB,spam
We tried to call you re your reply to our sms for a video mobile 750 mins UNLIMITED TEXT free camcorder Reply or call now 08000930705 Del Thurs,spam
What are youdoing later? Sar xxx,ham
"Hurry up, I've been weed-deficient for like three days",ham
What you doing?how are you?,ham
Fffff. Can you text kadeem or are you too far gone,ham
Y bishan lei... I tot ü say lavender?,ham
You sure your neighbors didnt pick it up,ham
I need to come home and give you some good lovin...,ham
Really? I crashed out cuddled on my sofa.,ham
Lol well don't do it without me. We could have a big sale together.,ham
Well she's in for a big surprise!,ham
"Happy new year to u and ur family...may this new year bring happiness , stability and tranquility to ur vibrant colourful life:):)",ham
Sac needs to carry on:),ham
Natalja (25/F) is inviting you to be her friend. Reply YES-440 or NO-440 See her: www.SMS.ac/u/nat27081980 STOP? Send STOP FRND to 62468,spam
No did you check? I got his detailed message now,ham
Will it help if we propose going back again tomorrow,ham
No problem. How are you doing?,ham
"K.. I yan jiu liao... Sat we can go 4 bugis vill one frm 10 to 3 den hop to parco 4 nb. Sun can go cine frm 1030 to 2, den hop to orc mrt 4 hip hop at 4...",ham
"Urgh, coach hot, smells of chip fat! Thanks again, especially for the duvet (not a predictive text word).",ham
Yunny... I'm goin to be late,ham
"Good good, billy mates all gone. Just been jogging, again! Did enjoy concert?",ham
PRIVATE! Your 2003 Account Statement for shows 800 un-redeemed S. I. M. points. Call 08718738002 Identifier Code: 48922 Expires 21/11/04,spam
What's the significance?,ham
"K, jason says he's gonna be around so I'll be up there around &lt;#&gt;",ham
Not sure I have the stomach for it ...,ham
Badrith is only for chennai:)i will surely pick for us:)no competition for him.,ham
Reckon need to be in town by eightish to walk from * carpark.,ham
Anything lor if they all go then i go lor...,ham
Nothing lor... A bit bored too... Then y dun u go home early 2 sleep today...,ham
PRIVATE! Your 2004 Account Statement for 07742676969 shows 786 unredeemed Bonus Points. To claim call 08719180248 Identifier Code: 45239 Expires,spam
Hi. Hope you had a good day. Have a better night.,ham
Some of them told accenture is not confirm. Is it true.,ham
"Ok, be careful ! Don't text and drive !",ham
I think its far more than that but find out. Check google maps for a place from your dorm.,ham
Petey boy whereare you me and all your friendsare in theKingshead come down if you canlove Nic,ham
Nothing. Can...,ham
"It's cool, we can last a little while. Getting more any time soon?",ham
"No shit, but I wasn't that surprised, so I went and spent the evening with that french guy I met in town here and we fooled around a bit but I didn't let him fuck me",ham
Santa Calling! Would your little ones like a call from Santa Xmas eve? Call 09058094583 to book your time.,spam
S but mostly not like that.,ham
My sort code is and acc no is . The bank is natwest. Can you reply to confirm i've sent this to the right person!,ham
Slept? I thinkThis time ( &lt;#&gt; pm) is not dangerous,ham
Im on gloucesterroad what are uup to later?,ham
"Ta-Daaaaa! I am home babe, are you still up ?",ham
Why are u up so early?,ham
Great. So should i send you my account number.,ham
Send me your resume:-),ham
"Ask g or iouri, I've told the story like ten times already",ham
He telling not to tell any one. If so treat for me hi hi hi,ham
Quite ok but a bit ex... U better go eat smth now else i'll feel guilty...,ham
Might ax well im there.,ham
Morning only i can ok.,ham
"Hi babe its Chloe, how r u? I was smashed on saturday night, it was great! How was your weekend? U been missing me? SP visionsms.com Text stop to stop 150p/text",spam
Yes. It's all innocent fun. O:-),ham
Think I could stop by in like an hour or so? My roommate's looking to stock up for a trip,ham
Ha! I wouldn't say that I just didn't read anything into way u seemed. I don't like 2 be judgemental....i save that for fridays in the pub!,ham
Stop calling everyone saying I might have cancer. My throat hurts to talk. I can't be answering everyones calls. If I get one more call I'm not babysitting on Monday,ham
Tell me whos this pls:-),ham
Looks like u wil b getting a headstart im leaving here bout 2.30ish but if u r desperate for my company I could head in earlier-we were goin to meet in rummer.,ham
Keep yourself safe for me because I need you and I miss you already and I envy everyone that see's you in real life,ham
happened here while you were adventuring,ham
Ur cash-balance is currently 500 pounds - to maximize ur cash-in now send GO to 86688 only 150p/meg. CC: 08718720201 HG/Suite342/2lands Row/W1j6HL,spam
Having lunch:)you are not in online?why?,ham
"Are you being good, baby? :)",ham
I jus reached home. I go bathe first. But my sis using net tell u when she finishes k...,ham
U come n search tat vid..not finishd..,ham
"Remember all those whom i hurt during days of satanic imposter in me.need to pay a price,so be it.may destiny keep me going and as u said pray that i get the mind to get over the same.",ham
Spoons it is then okay?,ham
"FREE2DAY sexy St George's Day pic of Jordan!Txt PIC to 89080 dont miss out, then every wk a saucy celeb!4 more pics c PocketBabe.co.uk 0870241182716 £3/wk",spam
You busy or can I come by at some point and figure out what we're doing tomorrow,ham
"Haha, my friend tyler literally just asked if you could get him a dubsack",ham
"Nah, I'm a perpetual DD",ham
Lol they were mad at first but then they woke up and gave in.,ham
"K, can I pick up another 8th when you're done?",ham
K go and sleep well. Take rest:-).,ham
Yes i thought so. Thanks.,ham
"ou are guaranteed the latest Nokia Phone, a 40GB iPod MP3 player or a £500 prize! Txt word: COLLECT to No: 83355! IBHltd LdnW15H 150p/Mtmsgrcvd18",spam
TBS/PERSOLVO. been chasing us since Sept for£38 definitely not paying now thanks to your information. We will ignore them. Kath. Manchester.,spam
Pls come quick cant bare this.,ham
"I'm outside islands, head towards hard rock and you'll run into me",ham
"u r subscribed 2 TEXTCOMP 250 wkly comp. 1st wk?s free question follows, subsequent wks charged@150p/msg.2 unsubscribe txt STOP 2 84128,custcare 08712405020",spam
"Just got some gas money, any chance you and the gang want to go on a grand nature adventure?",ham
I want to tell you how bad I feel that basically the only times I text you lately are when I need drugs,ham
"Haha yeah, 2 oz is kind of a shitload",ham
"Tunji, how's the queen? how are you doing. This is just wishing you a great day. Abiola.",ham
"Cant believe i said so many things to you this morning when all i really wanted to say was good morning, i love you! Have a beautiful morning. See you in the library later.",ham
"What's up bruv, hope you had a great break. Do have a rewarding semester.",ham
K.i will send in &lt;#&gt; min:),ham
Indeed and by the way it was either or - not both !,ham
URGENT! We are trying to contact U Todays draw shows that you have won a £800 prize GUARANTEED. Call 09050000460 from land line. Claim J89. po box245c2150pm,spam
Hi. || Do u want | to join me with sts later? || Meeting them at five. || Call u after class.,ham
Sorry i missed your call. Can you please call back.,ham
Hi where you. You in home or calicut?,ham
2p per min to call Germany 08448350055 from your BT line. Just 2p per min. Check PlanetTalkInstant.com for info & T's & C's. Text stop to opt out,spam
Din i tell u jus now 420,ham
Hi this is yijue... It's regarding the 3230 textbook it's intro to algorithms second edition... I'm selling it for $50...,ham
Hello darlin ive finished college now so txt me when u finish if u can love Kate xxx,ham
"Okey doke. I'm at home, but not dressed cos laying around ill! Speak to you later bout times and stuff.",ham
Nt yet chikku..simple habba..hw abt u?,ham
"500 New Mobiles from 2004, MUST GO! Txt: NOKIA to No: 89545 & collect yours today!From ONLY £1 www.4-tc.biz 2optout 087187262701.50gbp/mtmsg18 TXTAUCTION",spam
"I think I‘m waiting for the same bus! Inform me when you get there, if you ever get there.",ham
"Send ur birthdate with month and year, I will tel u ur LIFE PARTNER'S name. and the method of calculation. Reply must.",ham
What's your room number again? Wanna make sure I'm knocking on the right door,ham
I'm in inside office..still filling forms.don know when they leave me.,ham
At home also.,ham
We're done...,ham
Also are you bringing galileo or dobby,ham
Me i'm not workin. Once i get job...,ham
She doesnt need any test.,ham
Hope this text meets you smiling. If not then let this text give you a reason to smile. Have a beautiful day.,ham
Give me a sec to think think about it,ham
Watching tv lor...,ham
Pathaya enketa maraikara pa',ham
Hey whats up? U sleeping all morning?,ham
My sister going to earn more than me da.,ham
You know there is. I shall speak to you in &lt;#&gt; minutes then,ham
Howz pain.it will come down today.do as i said ystrday.ice and medicine.,ham
"URGENT! Your mobile No 07xxxxxxxxx won a £2,000 bonus caller prize on 02/06/03! this is the 2nd attempt to reach YOU! call 09066362231 ASAP! BOX97N7QP, 150PPM",spam
Oh dang! I didn't mean o send that to you! Lol!,ham
U horrible gal... U knew dat i was going out wif him yest n u still come n ask me...,ham
great princess! I love giving and receiving oral. Doggy style is my fave position. How about you? I enjoy making love &lt;#&gt; times per night :),ham
Do you want 750 anytime any network mins 150 text and a NEW video phone for only five pounds per week call 08000776320 now or reply for delivery Tomorrow,spam
Then dun wear jeans lor...,ham
Ok thanx... Take care then...,ham
No we sell it all so we'll have tons if coins. Then sell our coins to someone thru paypal. Voila! Money back in life pockets:),ham
Thanks honey. Have a great day.,ham
Send me the new number,ham
Ok i wont call or disturb any one. I know all are avoiding me. I am a burden for all,ham
Ok lor. I ned 2 go toa payoh 4 a while 2 return smth u wan 2 send me there or wat?,ham
watever reLation u built up in dis world only thing which remains atlast iz lonlines with lotz n lot memories! feeling..,ham
"Oh, then your phone phoned me but it disconnected",ham
PRIVATE! Your 2003 Account Statement for shows 800 un-redeemed S. I. M. points. Call 08715203694 Identifier Code: 40533 Expires 31/10/04,spam
Been running but only managed 5 minutes and then needed oxygen! Might have to resort to the roller option!,ham
NO GIFTS!! You trying to get me to throw myself off a cliff or something?,ham
Phony £350 award - Todays Voda numbers ending XXXX are selected to receive a £350 award. If you have a match please call 08712300220 quoting claim code 3100 standard rates app,spam
I know but you need to get hotel now. I just got my invitation but i had to apologise. Cali is to sweet for me to come to some english bloke's weddin,ham
Message Important information for O2 user. Today is your lucky day! 2 find out why log onto http://www.urawinner.com there is a fantastic surprise awaiting you,spam
In work now. Going have in few min.,ham
No but the bluray player can,ham
Hi babe its me thanks for coming even though it didnt go that well!i just wanted my bed! Hope to see you soon love and kisses xxx,ham
Sindu got job in birla soft ..,ham
He's in lag. That's just the sad part but we keep in touch thanks to skype,ham
"Mmmmm ... I loved waking to your words this morning ! I miss you too, my Love. I hope your day goes well and you are happy. I wait for us to be together again",ham
Its not that time of the month nor mid of the time?,ham
Tension ah?what machi?any problem?,ham
Hey!!! I almost forgot ... Happy B-day babe ! I love ya!!,ham
"URGENT! Your mobile No 077xxx WON a £2,000 Bonus Caller Prize on 02/06/03! This is the 2nd attempt to reach YOU! Call 09066362206 ASAP! BOX97N7QP, 150ppm",spam
"Hi, my love! How goes that day? Fuck, this morning I woke and dropped my cell on the way down the stairs but it seems alright ... *phews* I miss you !",ham
Eek that's a lot of time especially since American Pie is like 8 minutes long. I can't stop singing it.,ham
GENT! We are trying to contact you. Last weekends draw shows that you won a £1000 prize GUARANTEED. Call 09064012160. Claim Code K52. Valid 12hrs only. 150ppm,spam
U have won a nokia 6230 plus a free digital camera. This is what u get when u win our FREE auction. To take part send NOKIA to 83383 now. POBOX114/14TCR/W1 16,spam
"Yo, any way we could pick something up tonight?",ham
Haf u eaten? Wat time u wan me 2 come?,ham
Ard 4 lor...,ham
Hi im having the most relaxing time ever! we have to get up at 7am every day! was the party good the other night? I get home tomorrow at 5ish.,ham
Going for dinner.msg you after.,ham
"Congratulations! Thanks to a good friend U have WON the £2,000 Xmas prize. 2 claim is easy, just call 08718726978 NOW! Only 10p per minute. BT-national-rate",spam
Ok which your another number,ham
"Frnd s not juz a word.....not merely a relationship.....its a silent promise which says ... "" I will be with YOU "" Wherevr.. Whenevr.. Forevr... Gudnyt dear..",ham
Lol yeah at this point I guess not,ham
I love working from home :),ham
You didnt complete your gist oh.,ham
PRIVATE! Your 2003 Account Statement for 07808247860 shows 800 un-redeemed S. I. M. points. Call 08719899229 Identifier Code: 40411 Expires 06/11/04,spam
"Sir, i am waiting for your call.",ham
U gd lor go shopping i got stuff to do. U wan 2 watch infernal affairs a not? Come lar...,ham
Somebody should go to andros and steal ice,ham
Holy living christ what is taking you so long,ham
Cab is available.they pick up and drop at door steps.,ham
You only hate me. You can call any but you didnt accept even a single call of mine. Or even you messaged,ham
"Will do, you gonna be at blake's all night? I might be able to get out of here a little early",ham
"Aight, sounds good. When do you want me to come down?",ham
I am sorry it hurt you.,ham
Wat r u doing now?,ham
Er mw im filled tuth is aight,ham
I don't know u and u don't know me. Send CHAT to 86688 now and let's find each other! Only 150p/Msg rcvd. HG/Suite342/2Lands/Row/W1J6HL LDN. 18 years or over.,spam
"He is impossible to argue with and he always treats me like his sub, like he never released me ... Which he did and I will remind him of that if necessary",ham
Dai i downloaded but there is only exe file which i can only run that exe after installing.,ham
I want to be there so i can kiss you and feel you next to me,ham
RCT' THNQ Adrian for U text. Rgds Vatian,spam
Hey... Very inconvenient for your sis a not huh?,ham
K come to nordstrom when you're done,ham
Hope you enjoyed your new content. text stop to 61610 to unsubscribe. help:08712400602450p Provided by tones2you.co.uk,spam
And of course you should make a stink!,ham
Ok. She'll be ok. I guess,ham
Don't necessarily expect it to be done before you get back though because I'm just now headin out,ham
Hi its Kate how is your evening? I hope i can see you tomorrow for a bit but i have to bloody babyjontet! Txt back if u can. :) xxx,ham
Cramps stopped. Going back to sleep,ham
"complimentary 4 STAR Ibiza Holiday or £10,000 cash needs your URGENT collection. 09066364349 NOW from Landline not to lose out! Box434SK38WP150PPM18+",spam
Gam gone after outstanding innings.,ham
"HOT LIVE FANTASIES call now 08707509020 Just 20p per min NTT Ltd, PO Box 1327 Croydon CR9 5WB 0870 is a national rate call",spam
"Cool, text me when you're parked",ham
"Thank You for calling.Forgot to say Happy Onam to you Sirji.I am fine here and remembered you when i met an insurance person.Meet You in Qatar Insha Allah.Rakhesh, ex Tata AIG who joined TISSCO,Tayseer.",ham
Cheers for the message Zogtorius. Ive been staring at my phone for an age deciding whether to text or not.,ham
"Hello. No news on job, they are making me wait a fifth week! Yeah im up for some woozles and weasels... In exeter still, but be home about 3.",ham
So do you have samus shoulders yet,ham
"I know you are thinkin malaria. But relax, children cant handle malaria. She would have been worse and its gastroenteritis. If she takes enough to replace her loss her temp will reduce. And if you give her malaria meds now she will just vomit. Its a self limiting illness she has which means in a few days it will completely stop",ham
"Its ok chikku, and its my 1 of favourite song..:-)",ham
"Nothing much, chillin at home. Any super bowl plan?",ham
"Just arrived, see you in a couple days &lt;3",ham
Ok both our days. So what are you making for dinner tonite? Am I invited?,ham
"Well the weather in cali's great. But its complexities are great. You need a car to move freely, its taxes are outrageous. But all in all its a great place. The sad part is i missing home.",ham
Thts god's gift for birds as humans hav some natural gift frm god..,ham
Should I have picked up a receipt or something earlier,ham
There is no sense in my foot and penis.,ham
Then wat r u doing now? Busy wif work?,ham
Wait.i will come out.. &lt;#&gt; min:),ham
How much would it cost to hire a hitman,ham
"Hmm ok, i'll stay for like an hour cos my eye is really sore!",ham
"That's cool, I'll come by like &lt;#&gt; ish",ham
"The house is on the water with a dock, a boat rolled up with a newscaster who dabbles in jazz flute behind the wheel",ham
Oops my phone died and I didn't even know. Yeah I like it better.,ham
Cos i want it to be your thing,ham
WHORE YOU ARE UNBELIEVABLE.,ham
About &lt;#&gt; bucks. The banks fees are fixed. Better to call the bank and find out.,ham
Sorry. || mail? ||,ham
And is there a way you can send shade's stuff to her. And she has been wonderful too.,ham
"Welcome to UK-mobile-date this msg is FREE giving you free calling to 08719839835. Future mgs billed at 150p daily. To cancel send ""go stop"" to 89123",spam
"Yeah I think my usual guy's still passed out from last night, if you get ahold of anybody let me know and I'll throw down",ham
"Sorry man my account's dry or I would, if you want we could trade back half or I could buy some shit with my credit card",ham
"Dont pack what you can buy at any store.like cereals. If you must pack food, pack gari or something 9ja that you will miss.",ham
"Very strange. and are watching the 2nd one now but i'm in bed. Sweet dreams, miss u",ham
"England v Macedonia - dont miss the goals/team news. Txt ur national team to 87077 eg ENGLAND to 87077 Try:WALES, SCOTLAND 4txt/ú1.20 POBOXox36504W45WQ 16+",spam
"CAN I PLEASE COME UP NOW IMIN TOWN.DONTMATTER IF URGOIN OUTL8R,JUST REALLYNEED 2DOCD.PLEASE DONTPLEASE DONTIGNORE MYCALLS,U NO THECD ISV.IMPORTANT TOME 4 2MORO",ham
"Sir, I have been late in paying rent for the past few months and had to pay a $ &lt;#&gt; charge. I felt it would be inconsiderate of me to nag about something you give at great cost to yourself and that's why i didnt speak up. I however am in a recession and wont be able to pay the charge this month hence my askin well ahead of month's end. Can you please help. Thanks",ham
Jus telling u dat i'll b leaving 4 shanghai on 21st instead so we'll haf more time 2 meet up cya...,ham
"UpgrdCentre Orange customer, you may now claim your FREE CAMERA PHONE upgrade for your loyalty. Call now on 0207 153 9153. Offer ends 26th July. T&C's apply. Opt-out available",spam
Now am free call me pa.,ham
Eh u send wrongly lar...,ham
I did. One slice and one breadstick. Lol,ham
U ned to convince him tht its not possible witot hurting his feeling its the main,ham
"Hey babe, my friend had to cancel, still up for a visit ?",ham
Haven't left yet so probably gonna be here til dinner,ham
U 2.,ham
I want kfc its Tuesday. Only buy 2 meals ONLY 2. No gravy. Only 2 Mark. 2!,ham
HMM yeah if your not too grooved out! And im looking forward to my pound special :),ham
I wish things were different. I wonder when i will be able to show you how much i value you. Pls continue the brisk walks no drugs without askin me please and find things to laugh about. I love you dearly.,ham
Oh yeah clearly it's my fault,ham
Jesus christ bitch I'm trying to give you drugs answer your fucking phone,ham
Hi its Kate it was lovely to see you tonight and ill phone you tomorrow. I got to sing and a guy gave me his card! xxx,ham
Yes.he have good crickiting mind,ham
Do you think i can move &lt;#&gt; in a week,ham
Got but got 2 colours lor. One colour is quite light n e other is darker lor. Actually i'm done she's styling my hair now.,ham
Captain is in our room:),ham
"Free Msg: get Gnarls Barkleys ""Crazy"" ringtone TOTALLY FREE just reply GO to this message right now!",spam
Crucify is c not s. You should have told me earlier.,ham
My computer just fried the only essential part we don't keep spares of because my fucking idiot roommates looovvve leaving the thing running on full &lt;#&gt; /7,ham
We tried to contact you re your reply to our offer of a Video Phone 750 anytime any network mins Half Price Line Rental Camcorder Reply or call 08000930705,spam
Talk With Yourself Atleast Once In A Day...!!! Otherwise You Will Miss Your Best FRIEND In This WORLD...!!! -Shakespeare- SHESIL &lt;#&gt;,ham
Watch lor. I saw a few swatch one i thk quite ok. Ard 116 but i need 2nd opinion leh...,ham
Yeah but which is worse for i,ham
I'm ok. Will do my part tomorrow,ham
I love you both too :-),ham
"U were outbid by simonwatson5120 on the Shinco DVD Plyr. 2 bid again, visit sms. ac/smsrewards 2 end bid notifications, reply END OUT",spam
"I need an 8th but I'm off campus atm, could I pick up in an hour or two?",ham
Thanks a lot for your wishes on my birthday. Thanks you for making my birthday truly memorable.,ham
Congrats! Nokia 3650 video camera phone is your Call 09066382422 Calls cost 150ppm Ave call 3mins vary from mobiles 16+ Close 300603 post BCM4284 Ldn WC1N3XX,spam
They will pick up and drop in car.so no problem..,ham
"Ya, told..she was asking wats matter?",ham
Small problem in auction:)punj now asking tiwary,ham
"Sounds gd... Haha... Can... Wah, u yan jiu so fast liao...",ham
"Honeybee Said: *I'm d Sweetest in d World* God Laughed &amp; Said: *Wait,U Havnt Met d Person Reading This Msg* MORAL: Even GOD Can Crack Jokes! GM+GN+GE+GN:)",ham
YO YO YO BYATCH WHASSUP?,ham
Just trying to figure out when I'm suppose to see a couple different people this week. We said we'd get together but I didn't set dates,ham
Kent vale lor... Ü wait 4 me there ar?,ham
U have a Secret Admirer who is looking 2 make contact with U-find out who they R*reveal who thinks UR so special-call on 09065171142-stopsms-08718727870150ppm,spam
"OH MR SHEFFIELD! You wanna play THAT game, okay. You're the boss and I'm the nanny. You give me a raise and I'll give YOU one!!",ham
Just wanted to say holy shit you guys weren't kidding about this bud,ham
Hey you still want to go for yogasana? Coz if we end at cine then can go bathe and hav the steam bath,ham
Watching ajith film ah?,ham
Why must we sit around and wait for summer days to celebrate. Such a magical sight when the worlds dressed in white. Oooooh let there be snow.,ham
K.i did't see you.:)k:)where are you now?,ham
"Anyway I don't think I can secure anything up here, lemme know if you want me to drive down south and chill",ham
Are you willing to go for apps class.,ham
Sac will score big hundred.he is set batsman:-),ham
Hi' Test on &lt;#&gt; rd ....,ham
"Don't Think About ""What u Have Got"" Think About ""How to Use It That You Have Got"" gooD ni8",ham
You call him now ok i said call him,ham
Yar he quite clever but aft many guesses lor. He got ask me 2 bring but i thk darren not so willing 2 go. Aiya they thk leona still not attach wat.,ham
Prabha..i'm soryda..realy..frm heart i'm sory,ham
"Response is one of d powerful weapon 2 occupy a place in others 'HEART'... So, always give response 2 who cares 4 U""... Gud night..swt dreams..take care",ham
K..k:)where are you?how did you performed?,ham
Also fuck you and your family for going to rhode island or wherever the fuck and leaving me all alone the week I have a new bong &gt;:(,ham
"Nimbomsons. Yep phone knows that one. Obviously, cos thats a real word",ham
FREE entry into our £250 weekly comp just send the word WIN to 80086 NOW. 18 T&C www.txttowin.co.uk,spam
"Yeah, probably but not sure. Ilol let u know, but personally I wuldnt bother, then again if ur goin to then I mite as well!!",ham
Hello! Good week? Fancy a drink or something later?,ham
3. You have received your mobile content. Enjoy,spam
None of that's happening til you get here though,ham
As in different styles?,ham
sports fans - get the latest sports news str* 2 ur mobile 1 wk FREE PLUS a FREE TONE Txt SPORT ON to 8007 www.getzed.co.uk 0870141701216+ norm 4txt/120p,spam
Now i'm going for lunch.,ham
Ugh fuck it I'm resubbing to eve,ham
Wherre's my boytoy ? :-(,ham
Panasonic & BluetoothHdset FREE. Nokia FREE. Motorola FREE & DoubleMins & DoubleTxt on Orange contract. Call MobileUpd8 on 08000839402 or call 2optout,spam
R ü going 4 today's meeting?,ham
Otherwise had part time job na-tuition..,ham
"Yes, princess. Are you going to make me moan?",ham
No. On the way home. So if not for the long dry spell the season would have been over,ham
"Mila, age23, blonde, new in UK. I look sex with UK guys. if u like fun with me. Text MTALK to 69866.18 . 30pp/txt 1st 5free. £1.50 increments. Help08718728876",spam
"I av a new number, . Wil u only use this one,ta.",ham
87077: Kick off a new season with 2wks FREE goals & news to ur mobile! Txt ur club name to 87077 eg VILLA to 87077,spam
U still painting ur wall?,ham
I don't know jack shit about anything or i'd say/ask something helpful but if you want you can pretend that I did and just text me whatever in response to the hypotheticalhuagauahahuagahyuhagga,ham
Yun buying... But school got offer 2000 plus only...,ham
"Just looked it up and addie goes back Monday, sucks to be her",ham
I reach home safe n sound liao...,ham
I always chat with you. In fact i need money can you raise me?,ham
No. Thank you. You've been wonderful,ham
*deep sigh* ... I miss you :-( ... I am really surprised you haven't gone to the net cafe yet to get to me ... Don't you miss me?,ham
Id onluy matters when getting on from offcampus,ham
I got to video tape pple type in message lor. U so free wan 2 help me? Hee... Cos i noe u wan 2 watch infernal affairs so ask u along. Asking shuhui oso.,ham
"And stop wondering ""wow is she ever going to stop tm'ing me ?!"" because I will tm you whenever I want because you are MINE ... *laughs*",ham
Yes. I come to nyc for audiitions and am trying to relocate.,ham
"pdate_Now - Double mins and 1000 txts on Orange tariffs. Latest Motorola, SonyEricsson & Nokia & Bluetooth FREE! Call MobileUpd8 on 08000839402 or call2optout/!YHL",spam
Lol I was gonna last month. I cashed some in but I left &lt;#&gt; just in case. I was collecting more during the week cause they announced it on the blog.,ham
How come she can get it? Should b quite diff to guess rite...,ham
Today iZ Yellow rose day. If u love my frndship give me 1 misscall &amp; send this to ur frndZ &amp; See how many miss calls u get. If u get 6missed U marry ur Lover.,ham
"Sorry, went to bed early, nightnight",ham
:( but your not here....,ham
Oooh I got plenty of those!,ham
As per your request 'Melle Melle (Oru Minnaminunginte Nurungu Vettam)' has been set as your callertune for all Callers. Press *9 to copy your friends Callertune,ham
Oh you got many responsibilities.,ham
Hey leave it. not a big deal:-) take care.,ham
Eh den sat u book e kb liao huh...,ham
And miss vday the parachute and double coins??? U must not know me very well...,ham
"TODAY is Sorry day.! If ever i was angry with you, if ever i misbehaved or hurt you? plz plz JUST SLAP URSELF Bcoz, Its ur fault, I'm basically GOOD",ham
"Ela kano.,il download, come wen ur free..",ham
And popping &lt;#&gt; ibuprofens was no help.,ham
K then 2marrow are you coming to class.,ham
did u get that message,ham
It means u could not keep ur words.,ham
I am in hospital da. . I will return home in evening,ham
Was gr8 to see that message. So when r u leaving? Congrats dear. What school and wat r ur plans.,ham
FreeMsg: Hey - I'm Buffy. 25 and love to satisfy men. Home alone feeling randy. Reply 2 C my PIX! QlynnBV Help08700621170150p a msg Send stop to stop txts,spam
I ain't answerin no phone at what is actually a pretty reasonable hour but I'm sleepy,ham
"Oh yes, why is it like torture watching england?",ham
No current and food here. I am alone also,ham
Am in film ill call you later.,ham
"A swt thought: ""Nver get tired of doing little things 4 lovable persons.."" Coz..somtimes those little things occupy d biggest part in their Hearts.. Gud ni8",ham
And also I've sorta blown him off a couple times recently so id rather not text him out of the blue looking for weed,ham
goldviking (29/M) is inviting you to be his friend. Reply YES-762 or NO-762 See him: www.SMS.ac/u/goldviking STOP? Send STOP FRND to 62468,spam
You have won a guaranteed 32000 award or maybe even £1000 cash to claim ur award call free on 0800 ..... (18+). Its a legitimat efreefone number wat do u think???,spam
Okay... I booked all already... Including the one at bugis.,ham
Well if I'm that desperate I'll just call armand again,ham
Msg me when rajini comes.,ham
We left already we at orchard now.,ham
You're gonna have to be way more specific than that,ham
Gain the rights of a wife.dont demand it.i am trying as husband too.Lets see,ham
"Lets use it next week, princess :)",ham
"Shop till u Drop, IS IT YOU, either 10K, 5K, £500 Cash or £100 Travel voucher, Call now, 09064011000. NTT PO Box CR01327BT fixedline Cost 150ppm mobile vary",spam
"Ya they are well and fine., BBD(pooja) full pimples..even she become quite black..and ur rite here its too cold, wearing sweatter..",ham
Erutupalam thandiyachu,ham
I'm working technical support :)voice process.,ham
Ok lor. Anyway i thk we cant get tickets now cos like quite late already. U wan 2 go look 4 ur frens a not? Darren is wif them now...,ham
"URGENT!: Your Mobile No. was awarded a £2,000 Bonus Caller Prize on 02/09/03! This is our 2nd attempt to contact YOU! Call 0871-872-9755 BOX95QU",spam
Hey darlin.. i can pick u up at college if u tell me wen & where 2 mt.. love Pete xx,ham
"My Parents, My Kidz, My Friends n My Colleagues. All screaming.. SURPRISE !! and I was waiting on the sofa.. ... ..... ' NAKED...!",ham
Or u ask they all if next sat can a not. If all of them can make it then i'm ok lor.,ham
"I don't know, same thing that's wrong everyso often, he panicks starts goin on bout not bein good enough …",ham
Boy; I love u Grl: Hogolo Boy: gold chain kodstini Grl: Agalla Boy: necklace madstini Grl: agalla Boy: Hogli 1 mutai eerulli kodthini! Grl: I love U kano;-),ham
I don't run away frm u... I walk slowly &amp; it kills me that u don't care enough to stop me...,ham
We're finally ready fyi,ham
Yes princess! I want to catch you with my big strong hands...,ham
"There'll be a minor shindig at my place later tonight, you interested?",ham
I will spoil you in bed as well :),ham
Actually i'm waiting for 2 weeks when they start putting ad.,ham
"Why is that, princess? I bet the brothas are all chasing you!",ham
"Oh my god! I've found your number again! I'm so glad, text me back xafter this msgs cst std ntwk chg £1.50",spam
Shall i ask one thing if you dont mistake me.,ham
"Babe, have you got enough money to pick up bread and milk ? And I'll give you it back when you get home ?",ham
Dear got bus directly to calicut,ham
"Damn, can you make it tonight or do you want to just wait til tomorrow",ham
"Trust me. Even if isn't there, its there.",ham
Can you say what happen,ham
"Hey sexy buns ! Have I told you ? I adore you, loverboy. I hope you remember to thank your sister in law for those meatballs *grins* ... i love you, babe",ham
Oh k :)why you got job then whats up?,ham
"Honey, can you pls find out how much they sell Predicte in Nigeria. And how many times can it be used. Its very important to have a reply before monday",ham
"Thk shld b can... Ya, i wana go 4 lessons... Haha, can go for one whole stretch...",ham
"Mah b, I'll pick it up tomorrow",ham
I know you are serving. I mean what are you doing now.,ham
Well welp is sort of a semiobscure internet thing,ham
Maybe i could get book out tomo then return it immediately ..? Or something.,ham
"Alright if you're sure, let me know when you're leaving",ham
"(I should add that I don't really care and if you can't I can at least get this dude to fuck off but hey, your money if you want it)",ham
I anything lor...,ham
My battery is low babe,ham
"Could you not read me, my Love ? I answered you",ham
You see the requirements please,ham
What to think no one saying clearly. Ok leave no need to ask her. I will go if she come or not,ham
My tuition is at 330. Hm we go for the 1120 to 1205 one? Do you mind?,ham
Yes. Rent is very expensive so its the way we save.,ham
Ok lor.,ham
I fetch yun or u fetch?,ham
and picking them up from various points,ham
I AM AT A PARTY WITH ALEX NICHOLS,ham
"Thats a bit weird, even ?- where is the do supposed to be happening? But good idea, sure they will be in pub!",ham
"Indians r poor but India is not a poor country. Says one of the swiss bank directors. He says that "" &lt;#&gt; lac crore"" of Indian money is deposited in swiss banks which can be used for 'taxless' budget for &lt;#&gt; yrs. Can give &lt;#&gt; crore jobs to all Indians. From any village to Delhi 4 lane roads. Forever free power suply to more than &lt;#&gt; social projects. Every citizen can get monthly &lt;#&gt; /- for &lt;#&gt; yrs. No need of World Bank &amp; IMF loan. Think how our money is blocked by rich politicians. We have full rights against corrupt politicians. Itna forward karo ki pura INDIA padhe.g.m.""",ham
Get me out of this dump heap. My mom decided to come to lowes. BORING.,ham
Talk to g and x about that,ham
"Urgent! call 09066350750 from your landline. Your complimentary 4* Ibiza Holiday or 10,000 cash await collection SAE T&Cs PO BOX 434 SK3 8WP 150 ppm 18+",spam
Is there a reason we've not spoken this year? Anyways have a great week and all the best in your exam,ham
"Get 3 Lions England tone, reply lionm 4 mono or lionp 4 poly. 4 more go 2 www.ringtones.co.uk, the original n best. Tones 3GBP network operator rates apply",spam
So the sun is anti sleep medicine.,ham
"Forgot you were working today! Wanna chat, but things are ok so drop me a text when you're free / bored etc and i'll ring. Hope all is well, nose essay and all xx",ham
No calls..messages..missed calls,ham
And do you have any one that can teach me how to ship cars.,ham
"Hello, my love! How goes that day ? I wish your well and fine babe and hope that you find some job prospects. I miss you, boytoy ... *a teasing kiss*",ham
Well good morning mr . Hows london treatin' ya treacle?,ham
I thk ü gotta go home by urself. Cos i'll b going out shopping 4 my frens present.,ham
"This is the 2nd attempt to contract U, you have won this weeks top prize of either £1000 cash or £200 prize. Just call 09066361921",spam
"How about clothes, jewelry, and trips?",ham
Bognor it is! Should be splendid at this time of year.,ham
I can't believe how attached I am to seeing you every day. I know you will do the best you can to get to me babe. I will go to teach my class at your midnight,ham
Big brother‘s really scraped the barrel with this shower of social misfits,ham
"Although i told u dat i'm into baig face watches now but i really like e watch u gave cos it's fr u. Thanx 4 everything dat u've done today, i'm touched...",ham
Ü v ma fan...,ham
She told to hr that he want posting in chennai:)because i'm working here:),ham
Then. You are eldest know.,ham
"Hmmm ... And imagine after you've come home from that having to rub my feet, make me dinner and help me get ready for my date ! Are you sure your ready for that kind of life ?",ham
"For ur chance to win a £250 cash every wk TXT: ACTION to 80608. T's&C's www.movietrivia.tv custcare 08712405022, 1x150p/wk",spam
"Bloody hell, cant believe you forgot my surname Mr . Ill give u a clue, its spanish and begins with m...",ham
Still at west coast... Haiz... Ü'll take forever to come back...,ham
Collect your VALENTINE'S weekend to PARIS inc Flight & Hotel + £200 Prize guaranteed! Text: PARIS to No: 69101. www.rtf.sphosting.com,spam
"Finally it has happened..! Aftr decades..! BEER is now cheaper than PETROL! The goverment expects us to ""DRINK"". . . But don't ""DRIVE """,ham
Why do you ask princess?,ham
Sounds like you have many talents! would you like to go on a dinner date next week?,ham
Or i go home first lar ü wait 4 me lor.. I put down my stuff first..,ham
Your next amazing xxx PICSFREE1 video will be sent to you enjoy! If one vid is not enough for 2day text back the keyword PICSFREE1 to get the next video.,spam
"Some friends want me to drive em someplace, probably take a while",ham
"You know, wot people wear. T shirts, jumpers, hat, belt, is all we know. We r at Cribbs",ham
"Living is very simple.. Loving is also simple.. Laughing is too simple.. Winning is tooo simple.. But, being 'SIMPLE' is very difficult.. Gud nte.:-",ham
"I call you later, don't have network. If urgnt, sms me.",ham
Want a new Video Phone? 750 anytime any network mins? Half price line rental free text for 3 months? Reply or call 08000930705 for free delivery,spam
Ok Chinese food on its way. When I get fat you're paying for my lipo.,ham
"Awesome, lemme know whenever you're around",ham
"Miss ya, need ya, want ya, love ya.",ham
Oh ya ya. I remember da. .,ham
Anything lor... U decide...,ham
WOT U WANNA DO THEN MISSY?,ham
You have WON a guaranteed £1000 cash or a £2000 prize. To claim yr prize call our customer service representative on 08714712379 between 10am-7pm Cost 10p,spam
Mmmm.... I cant wait to lick it!,ham
I know complain num only..bettr directly go to bsnl offc nd apply for it..,ham
Wishing you a wonderful week.,ham
S da..al r above &lt;#&gt;,ham
Have you started in skye,ham
Does daddy have a bb now.,ham
Am okay. Will soon be over. All the best,ham
Where wuld I be without my baby? The thought alone mite break me and I dont wanna go crazy but everyboy needs his lady xxxxxxxx,ham
You will be receiving this week's Triple Echo ringtone shortly. Enjoy it!,spam
Ok lor. Msg me b4 u call.,ham
Ok . . now i am in bus. . If i come soon i will come otherwise tomorrow,ham
"My painful personal thought- ""I always try to keep everybody happy all the time. But nobody recognises me when i am alone""",ham
Ok. I only ask abt e movie. U wan ktv oso?,ham
We tried to contact you re your reply to our offer of a Video Handset? 750 anytime networks mins? UNLIMITED TEXT? Camcorder? Reply or call 08000930705 NOW,spam
Its a valentine game. . . send dis msg to all ur friends. . If 5 answers r d same then someone really loves u. . Ques- which colour suits me the best?,ham
No way I'm going back there!,ham
Hai dear friends... This is my new &amp; present number..:) By Rajitha Raj (Ranju),ham
Ü mean it's confirmed... I tot they juz say oni... Ok then...,ham
"Pity, * was in mood for that. So...any other suggestions?",ham
Was the farm open?,ham
Mum say we wan to go then go... Then she can shun bian watch da glass exhibition...,ham
If india win or level series means this is record:),ham
Nothing just getting msgs by dis name wit different no's..,ham
Hai priya are you right. What doctor said pa. Where are you.,ham
Shb b ok lor... Thanx...,ham
I miss you so much I'm so desparate I have recorded the message you left for me the other day and listen to it just to hear the sound of your voice. I love you,ham
Lmao but its so fun...,ham
Ok no prob,ham
C movie is juz last minute decision mah. Juz watch 2 lar but i tot ü not interested.,ham
Marvel Mobile Play the official Ultimate Spider-man game (£4.50) on ur mobile right now. Text SPIDER to 83338 for the game & we ll send u a FREE 8Ball wallpaper,spam
Ay wana meet on sat?ü wkg on sat?,ham
Where's mummy's boy ? Is he being good or bad ? Is he being positive or negative ? Why is mummy being made to wait? Hmmmm?,ham
There's someone here that has a year &lt;#&gt; toyota camry like mr olayiwola's own. Mileage is &lt;#&gt; k.its clean but i need to know how much will it sell for. If i can raise the dough for it how soon after landing will it sell. Holla back.,ham
"I can't, I don't have her number!",ham
For me the love should start with attraction.i should feel that I need her every time around me.she should be the first thing which comes in my thoughts.I would start the day and end it with her.she should be there every time I dream.love will be then when my every breath has her name.my life should happen around her.my life will be named to her.I would cry for her.will give all my happiness and take all her sorrows.I will be ready to fight with anyone for her.I will be in love when I will be doing the craziest things for her.love will be when I don't have to proove anyone that my girl is the most beautiful lady on the whole planet.I will always be singing praises for her.love will be when I start up making chicken curry and end up makiing sambar.life will be the most beautiful then.will get every morning and thank god for the day because she is with me.I would like to say a lot..will tell later..,ham
I plane to give on this month end.,ham
"I met you as a stranger and choose you as my friend. As long as the world stands, our friendship never ends. Lets be Friends forever!!! Gud nitz...",ham
COME BACK TO TAMPA FFFFUUUUUUU,ham
i am going to bed now prin,ham
I want &lt;#&gt; rs da:)do you have it?,ham
Cuz ibored. And don wanna study,ham
Mm not entirely sure i understood that text but hey. Ho. Which weekend?,ham
Dear umma she called me now :-),ham
Ah poop. Looks like ill prob have to send in my laptop to get fixed cuz it has a gpu problem,ham
"Spoke with uncle john today. He strongly feels that you need to sacrifice to keep me here. He's going to call you. When he does, i beg you to just listen. Dont make any promises or make it clear things are not easy. And i need you to please let us work things out. As long as i keep expecting help, my creativity will be stifled so pls just keep him happy, no promises on your part.",ham
I love to cuddle! I want to hold you in my strong arms right now...,ham
22 days to kick off! For Euro2004 U will be kept up to date with the latest news and results daily. To be removed send GET TXT STOP to 83222,spam
Thankyou so much for the call. I appreciate your care.,ham
Your weekly Cool-Mob tones are ready to download !This weeks new Tones include: 1) Crazy Frog-AXEL F>>> 2) Akon-Lonely>>> 3) Black Eyed-Dont P >>>More info in n,spam
I wont touch you with out your permission.,ham
"I wonder if your phone battery went dead ? I had to tell you, I love you babe",ham
Nope wif my sis lor... Aft bathing my dog then i can bathe... Looks like it's going 2 rain soon.,ham
Are you up for the challenge? I know i am :),ham
Anything is valuable in only 2 situations: First- Before getting it... Second- After loosing it...,ham
"Good morning, im suffering from fever and dysentry ..will not be able to come to office today.",ham
I hope you that's the result of being consistently intelligent and kind. Start asking him about practicum links and keep your ears open and all the best. ttyl,ham
What's happening with you. Have you gotten a job and have you begun registration for permanent residency,ham
Speaking of does he have any cash yet?,ham
"Did I forget to tell you ? I want you , I need you, I crave you ... But most of all ... I love you my sweet Arabian steed ... Mmmmmm ... Yummy",ham
She.s fine. I have had difficulties with her phone. It works with mine. Can you pls send her another friend request.,ham
Mm so you asked me not to call radio,ham
I cant wait for cornwall. Hope tonight isnt too bad as well but its rock night shite. Anyway im going for a kip now have a good night. Speak to you soon.,ham
"Yup. Anything lor, if u dun wan it's ok...",ham
Give one miss from that number please,ham
"No, I decided that only people who care about stuff vote and caring about stuff is for losers",ham
Good Morning plz call me sir,ham
How is it possible to teach you. And where.,ham
I will lick up every drop :) are you ready to use your mouth as well?,ham
Can come my room but cannot come my house cos my house still messy... Haha...,ham
URGENT This is our 2nd attempt to contact U. Your £900 prize from YESTERDAY is still awaiting collection. To claim CALL NOW 09061702893. ACL03530150PM,spam
Just taste fish curry :-P,ham
Am going to take bath ill place the key in window:-),ham
"We made it! Eta at taunton is 12:30 as planned, hope that‘s still okday?! Good to see you! :-xx",ham
"Aight fuck it, I'll get it later",ham
"Party's at my place at usf, no charge (but if you can contribute in any way it is greatly appreciated) and yeah, we got room for one more",ham
"Happy or sad , one thing about past is- ""Its no more"" GOOD MORNING :-):-).",ham
"I noe la... U wana pei bf oso rite... K lor, other days den...",ham
Me hungry buy some food good lei... But mum n yun dun wan juz buy a little bit...,ham
Lmao!nice 1,ham
I wish that I was with you. Holding you tightly. Making you see how important you are. How much you mean to me ... How much I need you ... In my life ...,ham
Do ü all wan 2 meet up n combine all the parts? How's da rest of da project going?,ham
I.ll post her out l8r. In class,ham
Hey now am free you can call me.,ham
Oic... Then better quickly go bathe n settle down...,ham
Yeah I don't see why not,ham
"Call me when you/carlos is/are here, my phone's vibrate is acting up and I might not hear texts",ham
I will see in half an hour,ham
I didn't get the second half of that message,ham
Dunno dat's wat he told me. Ok lor...,ham
"FreeMsg Why haven't you replied to my text? I'm Randy, sexy, female and live local. Luv to hear from u. Netcollex Ltd 08700621170150p per msg reply Stop to end",spam
Haven't heard anything and he's not answering my texts so I'm guessing he flaked. That said the jb is fantastic,ham
Ur TONEXS subscription has been renewed and you have been charged £4.50. You can choose 10 more polys this month. www.clubzed.co.uk *BILLING MSG*,spam
18 days to Euro2004 kickoff! U will be kept informed of all the latest news and results daily. Unsubscribe send GET EURO STOP to 83222.,spam
Two teams waiting for some players,ham
Are you at work right now ?,ham
Todays Voda numbers ending 7548 are selected to receive a $350 award. If you have a match please call 08712300220 quoting claim code 4041 standard rates app,spam
If You mean the website. Yes.,ham
1000's of girls many local 2 u who r virgins 2 this & r ready 2 4fil ur every sexual need. Can u 4fil theirs? text CUTE to 69911(£1.50p. m),spam
Dear good morning how you feeling dear,ham
Ujhhhhhhh computer shipped out with address to sandiago and parantella lane. Wtf. Poop.,ham
Thinking of u ;) x,ham
My stomach has been thru so much trauma I swear I just can't eat. I better lose weight.,ham
"Wen ur lovable bcums angry wid u, dnt take it seriously.. Coz being angry is d most childish n true way of showing deep affection, care n luv!.. kettoda manda... Have nice day da.",ham
Its a site to simulate the test. It just gives you very tough questions to test your readiness.,ham
Hey you can pay. With salary de. Only &lt;#&gt; .,ham
You got job in wipro:)you will get every thing in life in 2 or 3 years.,ham
Will ü b going to esplanade fr home?,ham
"Uncle G, just checking up on you. Do have a rewarding month",ham
THANX 4 PUTTIN DA FONE DOWN ON ME!!,ham
Lol yep did that yesterday. Already got my fireplace. Now its just another icon sitting there for me.,ham
Have you heard from this week?,ham
"K so am I, how much for an 8th? Fifty?",ham
Oh:)as usual vijay film or its different?,ham
I'm in a movie... Collect car oredi...,ham
"Every King Was Once A Crying Baby And Every Great Building Was Once A Map.. Not Imprtant Where U r TODAY, BUT Where U Wil Reach TOMORW. Gud ni8",ham
"Yalru lyfu astne chikku.. Bt innu mundhe lyf ali halla ke bilo (marriage)program edhae, so lyf is nt yet ovr chikku..ali vargu lyfu meow meow:-D",ham
Thats cool! Sometimes slow and gentle. Sonetimes rough and hard :),ham
"Sir, good morning. Hope you had a good weekend. I called to let you know that i was able to raise &lt;#&gt; from my dad. He however said he would make the rest available by mid feb. This amount is still quite short and i was hoping you would help. Do have a good day. Abiola",ham
U're welcome... Caught u using broken english again...,ham
U don't know how stubborn I am. I didn't even want to go to the hospital. I kept telling Mark I'm not a weak sucker. Hospitals are for weak suckers.,ham
The whole car appreciated the last two! Dad and are having a map reading semi argument but apart from that things are going ok. P.,ham
Ok. No wahala. Just remember that a friend in need ...,ham
Ok i shall talk to him,ham
Misplaced your number and was sending texts to your old number. Wondering why i've not heard from you this year. All the best in your mcat. Got this number from my atlanta friends,ham
Really do hope the work doesnt get stressful. Have a gr8 day.,ham
Pls tell nelson that the bb's are no longer comin. The money i was expecting aint coming,ham
Aiyar u so poor thing... I give u my support k... Jia you! I'll think of u...,ham
Imagine Life WITHOUT ME... see.. How fast u are searching me?Don't worry.. l'm always there To disturb U.. Goodnoon..:),ham
My friends use to call the same.,ham
Already am squatting is the new way of walking,ham
Ya but it cant display internal subs so i gotta extract them,ham
Eatin my lunch...,ham
That sucks. So what do you got planned for your yo valentine? I am your yo valentine aren't I?,ham
"Aight, you close by or still down around alex's place?",ham
"Beautiful tomorrow never comes.. When it comes, it's already TODAY.. In the hunt of beautiful tomorrow don't waste your wonderful TODAY.. GOODMORNING:)",ham
No shoot me. I'm in the docs waiting room. :/,ham
Finally the match heading towards draw as your prediction.,ham
"1.20 that call cost. Which i guess isnt bad. Miss ya, need ya, want ya, love ya",ham
"Sorry sir, i will call you tomorrow. senthil.hsbc",ham
K..k...from tomorrow onwards started ah?,ham
S.i think he is waste for rr..,ham
Yup i'm still having coffee wif my frens... My fren drove she'll give me a lift...,ham
Its &lt;#&gt; k here oh. Should i send home for sale.,ham
"Urgent! Please call 0906346330. Your ABTA complimentary 4* Spanish Holiday or £10,000 cash await collection SAE T&Cs BOX 47 PO19 2EZ 150ppm 18+",spam
Kit Strip - you have been billed 150p. Netcollex Ltd. PO Box 1013 IG11 OJA,spam
Sorry i now then c ur msg... Yar lor so poor thing... But only 4 one night... Tmr u'll have a brand new room 2 sleep in...,ham
She left it very vague. She just said she would inform the person in accounting about the delayed rent and that i should discuss with the housing agency about my renting another place. But checking online now and all places around usc are &lt;#&gt; and up,ham
A bloo bloo bloo I'll miss the first bowl,ham
"Haha good to hear, I'm officially paid and on the market for an 8th",ham
"Arms fine, how's Cardiff and uni?",ham
Lul im gettin some juicy gossip at the hospital. Two nurses are talking about how fat they are gettin. And one thinks shes obese. Oyea.,ham
Really good:)dhanush rocks once again:),ham
... Are you in the pub?,ham
I dont want to hear anything,ham
Okay name ur price as long as its legal! Wen can I pick them up? Y u ave x ams xx,ham
"No I'm good for the movie, is it ok if I leave in an hourish?",ham
Ok give me 5 minutes I think I see her. BTW you're my alibi. You were cutting my hair the whole time.,ham
We have new local dates in your area - Lots of new people registered in YOUR AREA. Reply DATE to start now! 18 only www.flirtparty.us REPLYS150,spam
"Give her something to drink, if she takes it and doesn't vomit then you her temp might drop. If she unmits however let me know.",ham
Great News! Call FREEFONE 08006344447 to claim your guaranteed £1000 CASH or £2000 gift. Speak to a live operator NOW!,spam
"K, my roommate also wants a dubsack and another friend may also want some so plan on bringing extra, I'll tell you when they know for sure",ham
Does she usually take fifteen fucking minutes to respond to a yes or no question,ham
I not at home now lei...,ham
S.s:)i thinl role is like sachin.just standing. Others have to hit.,ham
u r a winner U ave been specially selected 2 receive £1000 cash or a 4* holiday (flights inc) speak to a live operator 2 claim 0871277810710p/min (18 ),spam
I am not at all happy with what you saying or doing,ham
Don know:)this week i'm going to tirunelvai da.,ham
Hey. You got any mail?,ham
"500 New Mobiles from 2004, MUST GO! Txt: NOKIA to No: 89545 & collect yours today!From ONLY £1 www.4-tc.biz 2optout 087187262701.50gbp/mtmsg18",spam
"2 celebrate my bday, y else?",ham
Any way where are you and what doing.,ham
I'll pick you up at about 5.15pm to go to taunton if you still want to come.,ham
I have printed it oh. So &lt;#&gt; come upstairs,ham
Blank is Blank. But wat is blank? Lol,ham
S:-)kallis wont play in first two odi:-),ham
ALRITE SAM ITS NIC JUST CHECKIN THAT THIS IS UR NUMBER-SO IS IT?T.B*,ham
What happen dear. Why you silent. I am tensed,ham
Nan sonathaya soladha. Why boss?,ham
So there's a ring that comes with the guys costumes. It's there so they can gift their future yowifes. Hint hint,ham
Lol your always so convincing.,ham
"Lol, oh you got a friend for the dog ?",ham
Dun need to use dial up juz open da browser n surf...,ham
You'll not rcv any more msgs from the chat svc. For FREE Hardcore services text GO to: 69988 If u get nothing u must Age Verify with yr network & try again,spam
You also didnt get na hi hi hi hi hi,ham
"Good morning, my boytoy! How's those yummy lips ? Where's my sexy buns now ? What do you do ? Do you think of me ? Do you crave me ? Do you need me ?",ham
URGENT! Your Mobile number has been awarded with a £2000 prize GUARANTEED. Call 09058094455 from land line. Claim 3030. Valid 12hrs only,spam
"Haha awesome, omw back now then",ham
Warner Village 83118 C Colin Farrell in SWAT this wkend @Warner Village & get 1 free med. Popcorn!Just show msg+ticket@kiosk.Valid 4-7/12. C t&c @kiosk. Reply SONY 4 mre film offers,spam
Doc prescribed me morphine cause the other pain meds aren't enough. Waiting for my mom to bring it. That med should kick in fast so I'm gonna try to be on later,ham
Or I guess &lt;#&gt; min,ham
I'm in a movie. Call me 4 wat?,ham
Thought praps you meant another one. Goodo! I'll look tomorrow,ham
"Sweet, we may or may not go to 4U to meet carlos so gauge patty's interest in that",ham
I'm okay. Chasing the dream. What's good. What are you doing next.,ham
I'm sick !! I'm needy !! I want you !! *pouts* *stomps feet* Where are you ?! *pouts* *stomps feet* I want my slave !! I want him now !!,ham
Missing you too.pray inshah allah,ham
Hey come online! Use msn... We are all there,ham
Yes I started to send requests to make it but pain came back so I'm back in bed. Double coins at the factory too. I gotta cash in all my nitros.,ham
Were trying to find a Chinese food place around here,ham
K..k..i'm also fine:)when will you complete the course?,ham
Thnx dude. u guys out 2nite?,ham
X course it 2yrs. Just so her messages on messenger lik you r sending me,ham
"Actually fuck that, just do whatever, do find an excuse to be in tampa at some point before january though",ham
"LOL .. *grins* .. I'm not babe, but thanks for thinking of me!",ham
R u here yet? I'm wearing blue shirt n black pants.,ham
The current leading bid is 151. To pause this auction send OUT. Customer Care: 08718726270,spam
EY! CALM DOWNON THEACUSATIONS.. ITXT U COS IWANA KNOW WOTU R DOIN AT THEW/END... HAVENTCN U IN AGES..RING ME IF UR UP4 NETHING SAT.LOVE J XXX.,ham
I‘m parked next to a MINI!!!! When are you coming in today do you think?,ham
Ok lar... Joking wif u oni...,ham
I'm wif him now buying tix lar...,ham
I'm on my way home. Went to change batt 4 my watch then go shop a bit lor.,ham
No it will reach by 9 only. She telling she will be there. I dont know,ham
"Each Moment in a day,has its own value-Morning brings hope,afternoon brings faith,Evening brings luv,Night brings rest,Wish u find them all today.Good Morning",ham
Idk. I'm sitting here in a stop and shop parking lot right now bawling my eyes out because i feel like i'm a failure in everything. Nobody wants me and now i feel like i'm failing you.,ham
So wats ur opinion abt him and how abt is character?,ham
Do you work all this week ?,ham
Call from 08702490080 - tells u 2 call 09066358152 to claim £5000 prize. U have 2 enter all ur mobile & personal details @ the prompts. Careful!,spam
I think u have the wrong number.,ham
No break time one... How... I come out n get my stuff fr ü?,ham
S...from the training manual it show there is no tech process:)its all about password reset and troubleshooting:),ham
"Hey there! Glad u r better now. I hear u treated urself to a digi cam, is it good? We r off at 9pm. Have a fab new year, c u in coupla wks!",ham
I love you. You set my soul on fire. It is not just a spark. But it is a flame. A big rawring flame. XoXo,ham
Was it something u ate?,ham
"Win the newest Harry Potter and the Order of the Phoenix (Book 5) reply HARRY, answer 5 questions - chance to be the first among readers!",spam
"Jolly good! By the way, will give u tickets for sat eve 7.30. Speak before then x",ham
"Sorry I missed you babe. I was up late and slept in. I hope you enjoy your driving lesson, boytoy. I miss you too ... *teasing kiss*",ham
Congratulations ur awarded either a yrs supply of CDs from Virgin Records or a Mystery Gift GUARANTEED Call 09061104283 Ts&Cs www.smsco.net £1.50pm approx 3mins,spam
Lol no. U can trust me.,ham
Lol wtf random. Btw is that your lunch break,ham
Mmmmmmm *snuggles into you* ...*deep contented sigh* ... *whispers* ... I fucking love you so much I can barely stand it ...,ham
Oh Howda gud gud.. Mathe en samachara chikku:-),ham
lyricalladie(21/F) is inviting you to be her friend. Reply YES-910 or NO-910. See her: www.SMS.ac/u/hmmross STOP? Send STOP FRND to 62468,spam
Ok... But bag again..,ham
Ugh its been a long day. I'm exhausted. Just want to cuddle up and take a nap,ham
I dont thnk its a wrong calling between us,ham
"whatever, im pretty pissed off.",ham
Probably a couple hours tops,ham
K.k..how is your sister kids?,ham
I don wake since. I checked that stuff and saw that its true no available spaces. Pls call the embassy or send a mail to them.,ham
"It could work, we'll reach a consensus at the next meeting",ham
How dare you stupid. I wont tell anything to you. Hear after i wont talk to you:-.,ham
Hi :)finally i completed the course:),ham
Pls ask macho how much is budget for bb bold 2 is cos i saw a new one for &lt;#&gt; dollars.,ham
"Hello, my boytoy! I made it home and my constant thought is of you, my love. I hope your having a nice visit but I can't wait till you come home to me ...*kiss*",ham
"I'm nt goin, got somethin on, unless they meetin 4 dinner lor... Haha, i wonder who will go tis time...",ham
Got meh... When?,ham
"Thursday night? Yeah, sure thing, we'll work it out then",ham
"Sorry to trouble u again. Can buy 4d for my dad again? 1405, 1680, 1843. All 2 big 1 small, sat n sun. Thanx.",ham
Call to the number which is available in appointment. And ask to connect the call to waheed fathima.,ham
important information 4 orange user 0789xxxxxxx. today is your lucky day!2find out why log onto http://www.urawinner.com THERE'S A FANTASTIC SURPRISE AWAITING YOU!,spam
"Hi. Wk been ok - on hols now! Yes on for a bit of a run. Forgot that i have hairdressers appointment at four so need to get home n shower beforehand. Does that cause prob for u?""",ham
Thanx 4 sending me home...,ham
Pls i wont belive god.not only jesus.,ham
Aiyo a bit pai seh ü noe... Scared he dun rem who i am then die... Hee... But he become better lookin oredi leh...,ham
Also where's the piece,ham
Only if you promise your getting out as SOON as you can. And you'll text me in the morning to let me know you made it in ok.,ham
I thk 530 lor. But dunno can get tickets a not. Wat u doing now?,ham
Sitting in mu waiting for everyone to get out of my suite so I can take a shower,ham
Err... Cud do. I'm going to at 8pm. I haven't got a way to contact him until then.,ham
Poor girl can't go one day lmao,ham
Babes I think I got ur brolly I left it in English wil bring it in 2mrw 4 u luv Franxx,ham
Still work going on:)it is very small house.,ham
Hey sexy buns! What of that day? No word from you this morning on YM ... :-( ... I think of you,ham
No. I.ll meet you in the library,ham
Where is it. Is there any opening for mca.,ham
Yup,ham
oh ya... Got hip hop open. Haha i was thinking can go for jazz then zoom to cine... Actually tonight i'm free leh... And there's a kb lesson tonight,ham
Nothing will ever be easy. But don't be looking for a reason not to take a risk on life and love,ham
Future is not what we planned for tomorrow.....! it is the result of what we do today...! Do the best in present... enjoy the future.,ham
Oh ok no prob..,ham
"Call 09094100151 to use ur mins! Calls cast 10p/min (mob vary). Service provided by AOM, just GBP5/month. AOM Box61,M60 1ER until u stop. Ages 18+ only!",spam
Mine here like all fr china then so noisy.,ham
Can U get 2 phone NOW? I wanna chat 2 set up meet Call me NOW on 09096102316 U can cum here 2moro Luv JANE xx Calls£1/minmoremobsEMSPOBox45PO139WA,spam
Hmm .. Bits and pieces lol ... *sighs* ...,ham
Howz pain?hope u r fine..,ham
"I can't speak, bcaz mobile have problem. I can listen you but you cann't listen my voice. So i calls you later.",ham
I'm already back home so no probably not,ham
"Dear,Me at cherthala.in case u r coming cochin pls call bfore u start.i shall also reach accordingly.or tell me which day u r coming.tmorow i am engaged ans its holiday.",ham
"Not yet chikku..going to room nw, i'm in bus..",ham
Pls dont forget to study,ham
Bring home some Wendy =D,ham
Shall I bring us a bottle of wine to keep us amused? Only joking! I‘ll bring one anyway,ham
"Oh... I was thkin of goin yogasana at 10 den no nd to go at 3 den can rush to parco 4 nb... Okie lor, u call me when ready...",ham
I'm aight. Wat's happening on your side.,ham
LMAO where's your fish memory when I need it?,ham
Also maaaan are you missing out,ham
"U need my presnts always bcz U cant mis love. ""jeevithathile irulinae neekunna prakasamanu sneham"" prakasam ennal prabha 'That mns prabha is'LOVE' Got it. Dont mis me....",ham
"Well done, blimey, exercise, yeah, i kinda remember wot that is, hmm.",ham
"What will we do in the shower, baby?",ham
No one interested. May be some business plan.,ham
Is ur paper today in e morn or aft?,ham
You have an important customer service announcement from PREMIER.,spam
"Dear Voucher Holder, To claim this weeks offer, at you PC please go to http://www.e-tlp.co.uk/expressoffer Ts&Cs apply. To stop texts, txt STOP to 80062",spam
Well its not like you actually called someone a punto. That woulda been worse.,ham
It so happens that there r 2waxsto do wat you want. She can come and ill get her medical insurance. And she'll be able to deliver and have basic care. I'm currently shopping for the right medical insurance for her. So just give me til friday morning. Thats when i.ll see the major person that can guide me to the right insurance.,ham
Fine. Do you remember me.,ham
Ok going to sleep. Hope i can meet her.,ham
get ready to moan and scream :),ham
Customer place i will call you.,ham
Ü still attending da talks?,ham
No need lar. Jus testing e phone card. Dunno network not gd i thk. Me waiting 4 my sis 2 finish bathing so i can bathe. Dun disturb u liao u cleaning ur room.,ham
K da:)how many page you want?,ham
I was up all night too worrying about this appt. It's a shame we missed a girls night out with quizzes popcorn and you doing my hair.,ham
What time you thinkin of goin?,ham
Thinkin about someone is all good. No drugs for that,ham
No she didnt. I will search online and let you know.,ham
Can help u swoop by picking u up from wherever ur other birds r meeting if u want.,ham
Forgot to tell ü smth.. Can ü like number the sections so that it's clearer..,ham
Yeah whatever lol,ham
Carlos'll be here in a minute if you still need to buy,ham
Not a drop in the tank,ham
I think you should go the honesty road. Call the bank tomorrow. Its the tough decisions that make us great people.,ham
Mystery solved! Just opened my email and he's sent me another batch! Isn't he a sweetie,ham
Did u fix the teeth?if not do it asap.ok take care.,ham
"Congrats! 2 mobile 3G Videophones R yours. call 09061744553 now! videochat wid ur mates, play java games, Dload polyH music, noline rentl. bx420. ip4. 5we. 150pm",spam
Beerage?,ham
"Xmas Offer! Latest Motorola, SonyEricsson & Nokia & FREE Bluetooth or DVD! Double Mins & 1000 Txt on Orange. Call MobileUpd8 on 08000839402 or call2optout/4QF2",spam
I dont understand your message.,ham
"Im sorry bout last nite it wasnt ur fault it was me, spouse it was pmt or sumthin! U 4give me? I think u shldxxxx",ham
I called but no one pick up e phone. I ask both of them already they said ok.,ham
Yo you guys ever figure out how much we need for alcohol? Jay and I are trying to figure out how much we can safely spend on weed,ham
Okie ü wan meet at bishan? Cos me at bishan now. I'm not driving today.,ham
Lol no ouch but wish i'd stayed out a bit longer,ham
"The sign of maturity is not when we start saying big things.. But actually it is, when we start understanding small things... *HAVE A NICE EVENING* BSLVYL",ham
Talk sexy!! Make new friends or fall in love in the worlds most discreet text dating service. Just text VIP to 83110 and see who you could meet.,spam
Can not use foreign stamps in this country. Good lecture .,ham
Yes:)here tv is always available in work place..,ham
"URGENT! Your mobile was awarded a £1,500 Bonus Caller Prize on 27/6/03. Our final attempt 2 contact U! Call 08714714011",spam
"Gr8 Poly tones 4 ALL mobs direct 2u rply with POLY TITLE to 8007 eg POLY BREATHE1 Titles: CRAZYIN, SLEEPINGWITH, FINEST, YMCA :getzed.co.uk POBox365O4W45WQ 300p",spam
"Madam,regret disturbance.might receive a reference check from DLF Premarica.kindly be informed.Rgds,Rakhesh,Kerala.",ham
"I'm back, lemme know when you're ready",ham
"This is the 2nd time we have tried to contact u. U have won the £400 prize. 2 claim is easy, just call 087104711148 NOW! Only 10p per minute. BT-national-rate",spam
Not course. Only maths one day one chapter with in one month we can finish.,ham
"Free entry to the gr8prizes wkly comp 4 a chance to win the latest Nokia 8800, PSP or £250 cash every wk.TXT GREAT to 80878 http//www.gr8prizes.com 08715705022",spam
K actually can you guys meet me at the sunoco on howard? It should be right on the way,ham
Anything lor but toa payoh got place 2 walk meh...,ham
Do u still have plumbers tape and a wrench we could borrow?,ham
"It's fine, imma get a drink or somethin. Want me to come find you?",ham
FreeMsg>FAV XMAS TONES!Reply REAL,spam
I'm stuck in da middle of da row on da right hand side of da lt...,ham
"Honey ? Sweetheart ? Darling ? Sexy buns ? Sugar plum ? Loverboy ? I miss you, boytoy ... *smacks your ass* Did you go to the gym too ?",ham
Up to ü... Ü wan come then come lor... But i din c any stripes skirt...,ham
Just checking in on you. Really do miss seeing Jeremiah. Do have a great month,ham
Congrats kano..whr s the treat maga?,ham
Shopping lor. Them raining mah hard 2 leave orchard.,ham
"URGENT! You have won a 1 week FREE membership in our £100,000 Prize Jackpot! Txt the word: CLAIM to No: 81010 T&C www.dbuk.net LCCLTD POBOX 4403LDNW1A7RW18",spam
Bbq this sat at mine from 6ish. Ur welcome 2 come,ham
Slaaaaave ! Where are you ? Must I summon you to me all the time now ? Don't you wish to come to me on your own anymore?,ham
Just normal only here :),ham
So what about you. What do you remember,ham
My drive can only be read. I need to write,ham
Send me your id and password,ham
Free Msg: Ringtone!From: http://tms. widelive.com/index. wml?id=1b6a5ecef91ff9*37819&first=true18:0430-JUL-05,spam
Smile in Pleasure Smile in Pain Smile when trouble pours like Rain Smile when sum1 Hurts U Smile becoz SOMEONE still Loves to see u Smiling!!,ham
Not heard from U4 a while. Call me now am here all night with just my knickers on. Make me beg for it like U did last time 01223585236 XX Luv Nikiyu4.net,spam
We can go 4 e normal pilates after our intro...,ham
Went to ganesh dress shop,ham
make that 3! 4 fucks sake?! x,ham
I'm coming back on Thursday. Yay. Is it gonna be ok to get the money. Cheers. Oh yeah and how are you. Everything alright. Hows school. Or do you call it work now,ham
It is a good thing I'm now getting the connection to bw,ham
Oh yah... We never cancel leh... Haha,ham
Long beach lor. Expected... U having dinner now?,ham
Yes but can we meet in town cos will go to gep and then home. You could text at bus stop. And don't worry we'll have finished by march … ish!,ham
"Cool, text me when you're ready",ham
And you! Will expect you whenever you text! Hope all goes well tomo,ham
Ya:)going for restaurant..,ham
Lemme know when you're here,ham
But i have to. I like to have love and arrange.,ham
Think you sent the text to the home phone. That cant display texts. If you still want to send it his number is,ham
Did u receive my msg?,ham
You have been specially selected to receive a 2000 pound award! Call 08712402050 BEFORE the lines close. Cost 10ppm. 16+. T&Cs apply. AG Promo,spam
I'm e person who's doing e sms survey...,ham
Well there's still a bit left if you guys want to tonight,ham
"URGENT! Your Mobile No. was awarded £2000 Bonus Caller Prize on 5/9/03 This is our final try to contact U! Call from Landline 09064019788 BOX42WR29C, 150PPM",spam
Thank god they are in bed!,ham
"So you think i should actually talk to him? Not call his boss in the morning? I went to this place last year and he told me where i could go and get my car fixed cheaper. He kept telling me today how much he hoped i would come back in, how he always regretted not getting my number, etc.",ham
what I meant to say is cant wait to see u again getting bored of this bridgwater banter,ham
Lol your right. What diet? Everyday I cheat anyway. I'm meant to be a fatty :(,ham
Both :) i shoot big loads so get ready!,ham
Ü dun need to pick ur gf?,ham
OH FUCK. JUSWOKE UP IN A BED ON A BOATIN THE DOCKS. SLEPT WID 25 YEAR OLD. SPINOUT! GIV U DA GOSSIP L8R. XXX,ham
How stupid to say that i challenge god.You dont think at all on what i write instead you respond immed.,ham
I'm putting it on now. It should be ready for &lt;TIME&gt;,ham
"As in missionary hook up, doggy hook up, standing...|",ham
"hey, looks like I was wrong and one of the kappa guys numbers is still on my phone, if you want I can text him and see if he's around",ham
"When I was born, GOD said, ""Oh No! Another IDIOT"". When you were born, GOD said, ""OH No! COMPETITION"". Who knew, one day these two will become FREINDS FOREVER!",ham
http//tms. widelive.com/index. wml?id=820554ad0a1705572711&first=true¡C C Ringtone¡,spam
No..jst change tat only..,ham
Block Breaker now comes in deluxe format with new features and great graphics from T-Mobile. Buy for just £5 by replying GET BBDELUXE and take the challenge,spam
(That said can you text him one more time?),ham
"&lt;#&gt; , that's all? Guess that's easy enough",ham
Am watching house – very entertaining – am getting the whole hugh laurie thing – even with the stick – indeed especially with the stick.,ham
Waiting 4 my tv show 2 start lor... U leh still busy doing ur report?,ham
Am not working but am up to eyes in philosophy so will text u later when a bit more free for chat...,ham
Great. P diddy is my neighbor and comes for toothpaste every morning,ham
Hey mr and I are going to the sea view and having a couple of gays I mean games! Give me a bell when ya finish,ham
74355 XMAS iscoming & ur awarded either £500 CD gift vouchers & free entry 2 r £100 weekly draw txt MUSIC to 87066 TnC,spam
Have you been practising your curtsey?,ham
Ard 6 like dat lor.,ham
Why tired what special there you had,ham
"FreeMsg: Claim ur 250 SMS messages-Text OK to 84025 now!Use web2mobile 2 ur mates etc. Join Txt250.com for 1.50p/wk. T&C BOX139, LA32WU. 16 . Remove txtX or stop",spam
Hmmm.but you should give it on one day..,ham
Congratulations ur awarded 500 of CD vouchers or 125gift guaranteed & Free entry 2 100 wkly draw txt MUSIC to 87066,spam
I'm home. Doc gave me pain meds says everything is fine.,ham
I can take you at like noon,ham
Sure! I am driving but will reach my destination soon.,ham
O ic lol. Should play 9 doors sometime yo,ham
Are you in castor? You need to see something,ham
Dude we should go sup again,ham
"House-Maid is the murderer, coz the man was murdered on &lt;#&gt; th January.. As public holiday all govt.instituitions are closed,including post office..understand?",ham
Si si. I think ill go make those oreo truffles.,ham
K:)k..its good:)when are you going?,ham
"SMS SERVICES. for your inclusive text credits, pls goto www.comuk.net login= 3qxj9 unsubscribe with STOP, no extra charge. help 08702840625.COMUK. 220-CM2 9AE",spam
Sorry dude. Dont know how i forgot. Even after Dan reminded me. Sorry. Hope you guys had fun.,ham
No. Yes please. Been swimming?,ham
Yoyyooo u know how to change permissions for a drive in mac. My usb flash drive,ham
Todays Voda numbers ending with 7634 are selected to receive a £350 reward. If you have a match please call 08712300220 quoting claim code 7684 standard rates apply.,spam
Mathews or tait or edwards or anderson,ham
Pls she needs to dat slowly or she will vomit more.,ham
Any pain on urination any thing else?,ham
i thought we were doing a king of the hill thing there.,ham
"I'm back &amp; we're packing the car now, I'll let you know if there's room",ham
ZOE IT JUST HIT ME 2 IM FUCKING SHITIN MYSELF IL DEFO TRY MY HARDEST 2 CUM 2MOROW LUV U MILLIONS LEKDOG,ham
"Like &lt;#&gt; , same question",ham
U having lunch alone? I now so bored...,ham
I want to see your pretty pussy...,ham
Its going good...no problem..but still need little experience to understand american customer voice...,ham
Can a not?,ham
I've told him that i've returned it. That should i re order it.,ham
No I'm in the same boat. Still here at my moms. Check me out on yo. I'm half naked.,ham
"I.ll always be there, even if its just in spirit. I.ll get a bb soon. Just trying to be sure i need it.",ham
"Sorry my roommates took forever, it ok if I come by now?",ham
will you like to be spoiled? :),ham
Ü comin to fetch us oredi...,ham
All done? All handed in? Celebrations in full swing yet?,ham
U definitely need a module from e humanities dis sem izzit? U wan 2 take other modules 1st?,ham
"New Theory: Argument wins d SITUATION, but loses the PERSON. So dont argue with ur friends just.. . . . kick them &amp; say, I'm always correct.!",ham
No pic. Please re-send.,ham
You're not sure that I'm not trying to make xavier smoke because I don't want to smoke after being told I smoke too much?,ham
A pure hearted person can have a wonderful smile that makes even his/her enemies to feel guilty for being an enemy.. So catch the world with your smile..:) GOODMORNING &amp; HAVE A SMILEY SUNDAY..:),ham
Yes! How is a pretty lady like you single?,ham
I dunno until when... Lets go learn pilates...,ham
Where are you ? What do you do ? How can you stand to be away from me ? Doesn't your heart ache without me ? Don't you wonder of me ? Don't you crave me ?,ham
What do u want when i come back?.a beautiful necklace as a token of my heart for you.thats what i will give but ONLY to MY WIFE OF MY LIKING.BE THAT AND SEE..NO ONE can give you that.dont call me.i will wait till i come.,ham
Booked ticket for pongal?,ham
"idc get over here, you are not weaseling your way out of this shit twice in a row",ham
"Hungry gay guys feeling hungry and up 4 it, now. Call 08718730555 just 10p/min. To stop texts call 08712460324 (10p/min)",spam
Can ü all decide faster cos my sis going home liao..,ham
If i start sending blackberry torch to nigeria will you find buyer for me?like 4a month. And tell dad not to buy bb from anyone oh.,ham
", , and picking them up from various points | going 2 yeovil | and they will do the motor project 4 3 hours | and then u take them home. || 12 2 5.30 max. || Very easy",ham
"Height of Confidence: All the Aeronautics professors wer calld &amp; they wer askd 2 sit in an aeroplane. Aftr they sat they wer told dat the plane ws made by their students. Dey all hurried out of d plane.. Bt only 1 didnt move... He said:""if it is made by my students,this wont even start........ Datz confidence..",ham
"So many people seems to be special at first sight, But only very few will remain special to you till your last sight.. Maintain them till life ends.. Sh!jas",ham
"Congrats! 2 mobile 3G Videophones R yours. call 09063458130 now! videochat wid your mates, play java games, Dload polyPH music, noline rentl.",spam
"Its ok, if anybody asks abt me, u tel them..:-P",ham
"Merry Christmas to you too babe, i love ya *kisses*",ham
Hurt me... Tease me... Make me cry... But in the end of my life when i die plz keep one rose on my grave and say STUPID I MISS U.. HAVE A NICE DAY BSLVYL,ham
have you ever had one foot before?,ham
Let me know how to contact you. I've you settled in a room. Lets know you are ok.,ham
May b approve panalam...but it should have more posts..,ham
WHAT TIME U WRKIN?,ham
U repeat e instructions again. Wat's e road name of ur house?,ham
Would really appreciate if you call me. Just need someone to talk to.,ham
Just send a text. We'll skype later.,ham
Just sing HU. I think its also important to find someone female that know the place well preferably a citizen that is also smart to help you navigate through. Even things like choosing a phone plan require guidance. When in doubt ask especially girls.,ham
Call 09095350301 and send our girls into erotic ecstacy. Just 60p/min. To stop texts call 08712460324 (nat rate),spam
K..give back my thanks.,ham
"Haha, just what I was thinkin",ham
Nope i waiting in sch 4 daddy...,ham
R u still working now?,ham
My house here e sky quite dark liao... If raining then got excuse not 2 run already rite... Hee...,ham
"Uh, heads up we don't have THAT much left",ham
WHITE FUDGE OREOS ARE IN STORES,ham
Hi.:)technical support.providing assistance to us customer through call and email:),ham
"* Was a nice day and, impressively, i was sensible, went home early and now feel fine. Or am i just boring?! When's yours, i can't remember.",ham
O shore are you takin the bus,ham
Jay says that you're a double-faggot,ham
That's good. Lets thank God. Please complete the drug. Have lots of water. And have a beautiful day.,ham
The world's most happiest frnds never have the same characters... Dey just have the best understanding of their differences...,ham
Do you know where my lab goggles went,ham
"The word ""Checkmate"" in chess comes from the Persian phrase ""Shah Maat"" which means; ""the king is dead.."" Goodmorning.. Have a good day..:)",ham
No..its ful of song lyrics..,ham
Ok then i will come to ur home after half an hour,ham
Oh unintentionally not bad timing. Great. Fingers the trains play along! Will give fifteen min warning.,ham
Lara said she can loan me &lt;#&gt; .,ham
Darren was saying dat if u meeting da ge den we dun meet 4 dinner. Cos later u leave xy will feel awkward. Den u meet him 4 lunch lor.,ham
Umma my life and vava umma love you lot dear,ham
Every day i use to sleep after &lt;#&gt; so only.,ham
Ok can...,ham
Hi:)cts employee how are you?,ham
"Wow ... I love you sooo much, you know ? I can barely stand it ! I wonder how your day goes and if you are well, my love ... I think of you and miss you",ham
Am not interested to do like that.,ham
You still coming tonight?,ham
I lost 4 pounds since my doc visit last week woot woot! Now I'm gonna celebrate by stuffing my face!,ham
Mm yes dear look how i am hugging you both. :-P,ham
K:)k:)what are detail you want to transfer?acc no enough?,ham
"Pete,is this your phone still? Its Jenny from college and Leanne.what are you up to now?:)",ham
"Turns out my friends are staying for the whole show and won't be back til ~ &lt;#&gt; , so feel free to go ahead and smoke that $ &lt;#&gt; worth",ham
Sorry. You never hear unless you book it. One was kinda a joke--thet were really looking for skinny white girls. The other was one line--you can only do so much on camera with that. Something like that they're casting on the look.,ham
I sent lanre fakeye's Eckankar details to the mail box,ham
(Bank of Granite issues Strong-Buy) EXPLOSIVE PICK FOR OUR MEMBERS *****UP OVER 300% *********** Nasdaq Symbol CDGT That is a $5.00 per..,spam
There are some nice pubs near here or there is Frankie n Bennys near the warner cinema?,ham
Well thats nice. Too bad i cant eat it,ham
"Oops I did have it, &lt;#&gt; ?",ham
I think it's all still in my car,ham
HI DARLIN I FINISH AT 3 DO U 1 2 PICK ME UP OR MEET ME? TEXT BACK ON THIS NUMBER LUV KATE XXX,ham
I dont know why she.s not getting your messages,ham
From 5 to 2 only my work timing.,ham
Oic cos me n my sis got no lunch today my dad went out... So dunno whether 2 eat in sch or wat...,ham
Good day to You too.Pray for me.Remove the teeth as its painful maintaining other stuff.,ham
Hello! How r u? Im bored. Inever thought id get bored with the tv but I am. Tell me something exciting has happened there? Anything! =/,ham
Are you unique enough? Find out from 30th August. www.areyouunique.co.uk,spam
This pain couldn't have come at a worse time.,ham
i see. When we finish we have loads of loans to pay,ham
No just send to you. Bec you in temple na.,ham
Good Luck! Draw takes place 28th Feb 06. Good Luck! For removal send STOP to 87239 customer services 08708034412,spam
Finish liao... U?,ham
HI DARLIN IM MISSIN U HOPE YOU ARE HAVING A GOOD TIME. WHEN ARE U BACK AND WHAT TIME IF U CAN GIVE ME A CALL AT HOME. JESS XX,ham
Ok lor...,ham
Prepare to be pleasured :),ham
Hello which the site to download songs its urgent pls,ham
PRIVATE! Your 2003 Account Statement for 078,spam
Is that seriously how you spell his name?,ham
"Did you say bold, then torch later. Or one torch and 2bold?",ham
R ü comin back for dinner?,ham
Jamster! To get your free wallpaper text HEART to 88888 now! T&C apply. 16 only. Need Help? Call 08701213186.,spam
Surly ill give it to you:-) while coming to review.,ham
Want 2 get laid tonight? Want real Dogging locations sent direct 2 ur Mob? Join the UK's largest Dogging Network by txting MOAN to 69888Nyt. ec2a. 31p.msg@150p,spam
How abt making some of the pics bigger?,ham
"Sure thing big man. i have hockey elections at 6, shouldn‘t go on longer than an hour though",ham
Hey anyway i have to :-),ham
Dear where you will be when i reach there,ham
Filthy stories and GIRLS waiting for your,spam
In the end she might still vomit but its okay. Not everything will come out.,ham
85233 FREE>Ringtone!Reply REAL,spam
Yetunde i'm in class can you not run water on it to make it ok. Pls now.,ham
Nice line said by a broken heart- Plz don't cum 1 more times infront of me... Other wise once again I ll trust U... Good 9t:),ham
"Can meh? Thgt some will clash... Really ah, i dun mind... I dun seen to have lost any weight... Gee...",ham
How are you. Just checking up on you,ham
Thanks for picking up the trash.,ham
Pls pls find out from aunt nike.,ham
"Thank you so much. When we skyped wit kz and sura, we didnt get the pleasure of your company. Hope you are good. We've given you ultimatum oh! We are countin down to aburo. Enjoy!",ham
"I'm eatin now lor, but goin back to work soon... E mountain deer show huh... I watch b4 liao, very nice...",ham
"K I'm ready, &lt;#&gt; ?",ham
"K, fyi I'm back in my parents' place in south tampa so I might need to do the deal somewhere else",ham
Ringtone Club: Get the UK singles chart on your mobile each week and choose any top quality ringtone! This message is free of charge.,spam
"Argh my 3g is spotty, anyway the only thing I remember from the research we did was that province and sterling were the only problem-free places we looked at",ham
Once free call me sir.,ham
Cbe is really good nowadays:)lot of shop and showrooms:)city is shaping good.,ham
U are subscribed to the best Mobile Content Service in the UK for £3 per 10 days until you send STOP to 82324. Helpline 08706091795,spam
Ah you see. You have to be in the lingo. I will let you know wot on earth it is when has finished making it!,ham
"Sorry, left phone upstairs. OK, might be hectic but would be all my birds with one fell swoop. It's a date.",ham
Cashbin.co.uk (Get lots of cash this weekend!) www.cashbin.co.uk Dear Welcome to the weekend We have got our biggest and best EVER cash give away!! These..,spam
Getting tickets 4 walsall tue 6 th march. My mate is getting me them on sat. ill pay my treat. Want 2 go. Txt bak .Terry,ham
When should I come over?,ham
"Hack Chat. Get backdoor entry into 121 chat rooms at a fraction of the cost. Reply NEO69 or call 09050280520, to subscribe 25p pm. DPS, Bcm box 8027 Ldn, wc1n3xx",spam
either way works for me. I am &lt;#&gt; years old. Hope that doesnt bother you.,ham
Im done. Just studyn in library,ham
Kallis wont bat in 2nd innings.,ham
Mmm thats better now i got a roast down me! id b better if i had a few drinks down me 2! Good indian?,ham
"Oh... Icic... K lor, den meet other day...",ham
Oh my God. I'm almost home,ham
Ok lor then we go tog lor...,ham
"see, i knew giving you a break a few times woul lead to you always wanting to miss curfew. I was gonna gibe you 'til one, but a MIDNIGHT movie is not gonna get out til after 2. You need to come home. You need to getsleep and, if anything, you need to b studdying ear training.",ham
Probably gonna swing by in a wee bit,ham
Got it..mail panren paru..,ham
Nothing but we jus tot u would ask cos u ba gua... But we went mt faber yest... Yest jus went out already mah so today not going out... Jus call lor...,ham
"Doing nothing, then u not having dinner w us?",ham
Sorry to be a pain. Is it ok if we meet another night? I spent late afternoon in casualty and that means i haven't done any of y stuff42moro and that includes all my time sheets and that. Sorry.,ham
"My fri ah... Okie lor,goin 4 my drivin den go shoppin after tt...",ham
* Thought I didn't see you.,ham
"Good evening Sir, hope you are having a nice day. I wanted to bring it to your notice that I have been late in paying rent for the past few months and have had to pay a $ &lt;#&gt; charge. I felt it would be inconsiderate of me to nag about something you give at great cost to yourself and that's why i didnt speak up. I however am in a recession and wont be able to pay the charge this month hence my askin well ahead of month's end. Can you please help. Thank you for everything.",ham
Then any special there?,ham
Here got ur favorite oyster... N got my favorite sashimi... Ok lar i dun say already... Wait ur stomach start rumbling...,ham
I'll be late...,ham
Im just wondering what your doing right now?,ham
Free video camera phones with Half Price line rental for 12 mths and 500 cross ntwk mins 100 txts. Call MobileUpd8 08001950382 or Call2OptOut/674&,spam
Btw regarding that we should really try to see if anyone else can be our 4th guy before we commit to a random dude,ham
"Im cool ta luv but v.tired 2 cause i have been doin loads of planning all wk, we have got our social services inspection at the nursery! Take care & spk sn x.",ham
"Haha get used to driving to usf man, I know a lot of stoners",ham
"As I entered my cabin my PA said, '' Happy B'day Boss !!''. I felt special. She askd me 4 lunch. After lunch she invited me to her apartment. We went there.",ham
Oh ho. Is this the first time u use these type of words,ham
"My friend just got here and says he's upping his order by a few grams (he's got $ &lt;#&gt; ), when can you get here?",ham
Do you want a New Nokia 3510i Colour Phone Delivered Tomorrow? With 200 FREE minutes to any mobile + 100 FREE text + FREE camcorder Reply or Call 8000930705,spam
"Just so that you know,yetunde hasn't sent money yet. I just sent her a text not to bother sending. So its over, you dont have to involve yourself in anything. I shouldn't have imposed anything on you in the first place so for that, i apologise.",ham
"Sure, whenever you show the fuck up &gt;:(",ham
No probs hon! How u doinat the mo?,ham
"tddnewsletter@emc1.co.uk (More games from TheDailyDraw) Dear Helen, Dozens of Free Games - with great prizesWith..",spam
Are you available for soiree on June 3rd?,ham
We not leaving yet. Ok lor then we go elsewhere n eat. U thk...,ham
Host-based IDPS for linux systems.,ham
Hi. Happy New Year. I dont mean to intrude but can you pls let me know how much tuition you paid last semester and how much this semester is. Thanks,ham
07732584351 - Rodger Burns - MSG = We tried to call you re your reply to our sms for a free nokia mobile + free camcorder. Please call now 08000930705 for delivery tomorrow,spam
Its good to hear from you,ham
Hmmm.still we dont have opener?,ham
Yeah that's the impression I got,ham
We have to pick rayan macleran there.,ham
What u talking bout early morning? It's almost noon where your at!,ham
Thank u!,ham
IM LATE TELLMISS IM ON MY WAY,ham
I probably won't eat at all today. I think I'm gonna pop. How was your weekend? Did u miss me?,ham
CHEERS FOR CALLIN BABE.SOZI CULDNT TALKBUT I WANNATELL U DETAILS LATER WENWECAN CHAT PROPERLY X,ham
Ok darlin i supose it was ok i just worry too much.i have to do some film stuff my mate and then have to babysit again! But you can call me there.xx,ham
Still i have not checked it da. . .,ham
Yup no more already... Thanx 4 printing n handing it up.,ham
So is there anything specific I should be doing with regards to jaklin or what because idk what the fuck,ham
"Hi Jon, Pete here, Ive bin 2 Spain recently & hav sum dinero left, Bill said u or ur rents mayb interested in it, I hav 12,000pes, so around £48, tb, James.",ham
Dont let studying stress you out. L8r.,ham
Take something for pain. If it moves however to any side in the next 6hrs see a doctor.,ham
"Jus chillaxin, what up",ham
Hard LIVE 121 chat just 60p/min. Choose your girl and connect LIVE. Call 09094646899 now! Cheap Chat UK's biggest live service. VU BCM1896WC1N3XX,spam
Ok k..sry i knw 2 siva..tats y i askd..,ham
"Good stuff, will do.",ham
IMPORTANT INFORMATION 4 ORANGE USER 0796XXXXXX. TODAY IS UR LUCKY DAY!2 FIND OUT WHY LOG ONTO http://www.urawinner.com THERE'S A FANTASTIC PRIZEAWAITING YOU!,spam
Lol ... I knew that .... I saw him in the dollar store,ham
Nope i'm not drivin... I neva develop da photos lei...,ham
Bishan lar nearer... No need buy so early cos if buy now i gotta park my car...,ham
"Well, i'm glad you didn't find it totally disagreeable ... Lol",ham
HEY MATE! HOWS U HONEY?DID U AVE GOOD HOLIDAY? GIMMI DE GOSS!x,ham
Its ok..come to my home it vl nice to meet and v can chat..,ham
Babe ? I lost you ... Will you try rebooting ?,ham
I've reached home finally...,ham
"Fuck babe, I miss you sooooo much !! I wish you were here to sleep with me ... My bed is so lonely ... I go now, to sleep ... To dream of you, my love ...",ham
Hi:)did you asked to waheeda fathima about leave?,ham
I AM AT THE GAS STATION. GO THERE.,ham
Water logging in desert. Geoenvironmental implications.,ham
Yup ok...,ham
Wait . I will msg after &lt;#&gt; min.,ham
Nope... C ü then...,ham
Thought we could go out for dinner. I'll treat you! Seem ok?,ham
"It's cool, let me know before it kicks off around &lt;#&gt; , I'll be out and about all day",ham
"Haven't seen my facebook, huh? Lol!",ham
"Oh ! A half hour is much longer in Syria than Canada, eh ? Wow you must get SO much more work done in a day than us with all that extra time ! *grins*",ham
Probably earlier than that if the station's where I think it is,ham
Sounds better than my evening im just doing my costume. Im not sure what time i finish tomorrow but i will txt you at the end.,ham
"Brainless Baby Doll..:-D;-), vehicle sariyag drive madoke barolla..",ham
Hey gorgeous man. My work mobile number is. Have a good one babe. Squishy Mwahs.,ham
Cancel cheyyamo?and get some money back?,ham
Just getting back home,ham
I'm not driving... Raining! Then i'll get caught at e mrt station lor.,ham
U dun say so early hor... U c already then say...,ham
Ok i will tell her to stay out. Yeah its been tough but we are optimistic things will improve this month.,ham
Mum ask ü to buy food home...,ham
"Do you ever notice that when you're driving, anyone going slower than you is an idiot and everyone driving faster than you is a maniac?",spam
We have all rounder:)so not required:),ham
Well i know Z will take care of me. So no worries.,ham
"Oh, yes, I've just been a little under the weather so i've kind of been coccooning at home",ham
"For ur chance to win £250 cash every wk TXT: PLAY to 83370. T's&C's www.music-trivia.net custcare 08715705022, 1x150p/wk.",spam
FREEMSG: Our records indicate you may be entitled to 3750 pounds for the Accident you had. To claim for free reply with YES to this msg. To opt out text STOP,spam
The evo. I just had to download flash. Jealous?,ham
MY NEW YEARS EVE WAS OK. I WENT TO A PARTY WITH MY BOYFRIEND. WHO IS THIS SI THEN HEY,ham
"I don't have anybody's number, I still haven't thought up a tactful way to ask alex",ham
"Got hella gas money, want to go on a grand nature adventure with galileo in a little bit?",ham
Aight sorry I take ten years to shower. What's the plan?,ham
Hi did u decide wot 2 get 4 his bday if not ill prob jus get him a voucher frm virgin or sumfing,ham
Love it! I want to flood that pretty pussy with cum...,ham
"Hmm, too many of them unfortunately... Pics obviously arent hot cakes. Its kinda fun tho",ham
&lt;#&gt; ISH MINUTES WAS 5 MINUTES AGO. WTF.,ham
Where are you ? You said you would be here when I woke ... :-(,ham
ok. I am a gentleman and will treat you with dignity and respect.,ham
"Goodnight, sleep well da please take care pa. Please.",ham
"A gram usually runs like &lt;#&gt; , a half eighth is smarter though and gets you almost a whole second gram for &lt;#&gt;",ham
Reply to win £100 weekly! Where will the 2006 FIFA World Cup be held? Send STOP to 87239 to end service,spam
Please give it 2 or i will pick it up on Tuesday evening about 8 if that is ok.,ham
Its like that hotel dusk game i think. You solve puzzles in a area thing,ham
YES! The only place in town to meet exciting adult singles is now in the UK. Txt CHAT to 86688 now! 150p/Msg.,spam
CLAIRE here am havin borin time & am now alone U wanna cum over 2nite? Chat now 09099725823 hope 2 C U Luv CLAIRE xx Calls£1/minmoremobsEMSPOBox45PO139WA,spam
Hey what how about your project. Started aha da.,ham
"The last thing i ever wanted to do was hurt you. And i didn't think it would have. You'd laugh, be embarassed, delete the tag and keep going. But as far as i knew, it wasn't even up. The fact that you even felt like i would do it to hurt you shows you really don't know me at all. It was messy wednesday, but it wasn't bad. The problem i have with it is you HAVE the time to clean it, but you choose not to. You skype, you take pictures, you sleep, you want to go out. I don't mind a few things here and there, but when you don't make the bed, when you throw laundry on top of it, when i can't have a friend in the house because i'm embarassed that there's underwear and bras strewn on the bed, pillows on the floor, that's something else. You used to be good about at least making the bed.",ham
"Your free ringtone is waiting to be collected. Simply text the password ""MIX"" to 85069 to verify. Get Usher and Britney. FML, PO Box 5249, MK17 92H. 450Ppw 16",spam
Yup it's at paragon... I havent decided whether 2 cut yet... Hee...,ham
U calling me right? Call my hand phone...,ham
"Yo, I'm at my parents' gettin cash. Good news: we picked up a downstem",ham
Okie but i scared u say i fat... Then u dun wan me already...,ham
"Yetunde, i'm sorry but moji and i seem too busy to be able to go shopping. Can you just please find some other way to get what you wanted us to get. Please forgive me. You can reply free via yahoo messenger.",ham
-PLS STOP bootydelious (32/F) is inviting you to be her friend. Reply YES-434 or NO-434 See her: www.SMS.ac/u/bootydelious STOP? Send STOP FRND to 62468,spam
Double your mins & txts on Orange or 1/2 price linerental - Motorola and SonyEricsson with B/Tooth FREE-Nokia FREE Call MobileUpd8 on 08000839402 or2optout/HV9D,spam
Which channel:-):-):):-).,ham
But i'll b going 2 sch on mon. My sis need 2 take smth.,ham
Then she buying today? Ü no need to c meh...,ham
"Just got part Nottingham - 3 hrs 63miles. Good thing i love my man so much, but only doing 40mph. Hey ho",ham
"I've got &lt;#&gt; , any way I could pick up?",ham
&lt;#&gt; in mca. But not conform.,ham
Umma. Did she say anything,ham
Which is weird because I know I had it at one point,ham
"Yeah I am, so I'll leave maybe 7ish?",ham
Not yet. Just i'd like to keep in touch and it will be the easiest way to do that from barcelona. By the way how ru and how is the house?,ham
"TheMob> Check out our newest selection of content, Games, Tones, Gossip, babes and sport, Keep your mobile fit and funky text WAP to 82468",spam
", how's things? Just a quick question.",ham
Yeah it's jus rite...,ham
Hahaha..use your brain dear,ham
Will do. Was exhausted on train this morning. Too much wine and pie. You sleep well too,ham
how are you? I miss you!,ham
I'm at home n ready...,ham
Are you going to wipro interview today?,ham
What I'm saying is if you haven't explicitly told nora I know someone I'm probably just not gonna bother,ham
"Well am officially in a philosophical hole, so if u wanna call am at home ready to be saved!",ham
Thats cool. Where should i cum? On you or in you? :),ham
Free video camera phones with Half Price line rental for 12 mths and 500 cross ntwk mins 100 txts. Call MobileUpd8 08001950382 or Call2OptOut/674,spam
"Probably not, I'm almost out of gas and I get some cash tomorrow",ham
"Sir Goodmorning, Once free call me.",ham
Wait 2 min..stand at bus stop,ham
I will come tomorrow di,ham
I see the letter B on my car,ham
URGENT! We are trying to contact U. Todays draw shows that you have won a £800 prize GUARANTEED. Call 09050001295 from land line. Claim A21. Valid 12hrs only,spam
It has issues right now. Ill fix for her by tomorrow.,ham
I just saw ron burgundy captaining a party boat so yeah,ham
I'm at bruce &amp; fowler now but I'm in my mom's car so I can't park (long story),ham
I dont have i shall buy one dear,ham
Easy ah?sen got selected means its good..,ham
Please sen :)my kind advice :-)please come here and try:-),ham
Anytime lor...,ham
ARR birthday today:) i wish him to get more oscar.,ham
do u think that any girl will propose u today by seing ur bloody funky shit fucking face...............asssssholeeee................,ham
"U can WIN £100 of Music Gift Vouchers every week starting NOW Txt the word DRAW to 87066 TsCs www.Idew.com SkillGame, 1Winaweek, age16. 150ppermessSubscription",spam
Hey i booked the kb on sat already... what other lessons are we going for ah? Keep your sat night free we need to meet and confirm our lodging,ham
K I'll be sure to get up before noon and see what's what,ham
"I shall book chez jules for half eight, if that's ok with you?",ham
Please CALL 08712402972 immediately as there is an urgent message waiting for you,spam
No. I dont want to hear anything,ham
Omg you can make a wedding chapel in frontierville? Why do they get all the good stuff?,ham
Siva is in hostel aha:-.,ham
"Don't worry though, I understand how important it is that I be put in my place with a poorly thought out punishment in the face of the worst thing that has ever happened to me. Brb gonna go kill myself",ham
Lol now I'm after that hot air balloon!,ham
I've been barred from all B and Q stores for life!?This twat in orange dungerees came up to me and asked if I wanted decking? So I got the first punch in!!,ham
FreeMsg: Fancy a flirt? Reply DATE now & join the UKs fastest growing mobile dating service. Msgs rcvd just 25p to optout txt stop to 83021. Reply DATE now!,spam
I can't describe how lucky you are that I'm actually awake by noon,ham
Dear i am not denying your words please,ham
"I got like $ &lt;#&gt; , I can get some more later though. Get whatever you feel like",ham
Me fine..absolutly fine,ham
Feel Yourself That You Are Always Happy.. Slowly It Becomes Your Habit &amp; Finally It Becomes Part Of Your Life.. Follow It.. Happy Morning &amp; Have A Happy Day:),ham
Eat jap done oso aft ur lect wat... Ü got lect at 12 rite...,ham
Thanx a lot 4 ur help!,ham
Crazy ar he's married. Ü like gd looking guys not me. My frens like say he's korean leona's fave but i dun thk he is. Aft some thinking mayb most prob i'll go.,ham
Ok. Very good. Its all about making that money.,ham
He is there. You call and meet him,ham
K I'll be there before 4.,ham
They finally came to fix the ceiling.,ham
Dear U've been invited to XCHAT. This is our final attempt to contact u! Txt CHAT to 86688 150p/MsgrcvdHG/Suite342/2Lands/Row/W1J6HL LDN 18 yrs,spam
"A famous quote : when you develop the ability to listen to 'anything' unconditionally without losing your temper or self confidence, it means you are ......... 'MARRIED'",ham
I wanted to ask ü to wait 4 me to finish lect. Cos my lect finishes in an hour anyway.,ham
What time do u get out?,ham
"Ha ha nan yalrigu heltini..Iyo kothi chikku, u shared many things wit me..so far i didn't told any body and even uttered a word abt u.. If ur trusting me so much how can i tell these to others.. Plz nxt time dont use those words to me..ok, chikku:-);-)B-)",ham
Did you stitch his trouser,ham
U can call me now...,ham
Was the actual exam harder than NBME,ham
I'm in office now . I will call you &lt;#&gt; min:),ham
Hows the pain dear?y r u smiling?,ham
I'm in town now so i'll jus take mrt down later.,ham
Yavnt tried yet and never played original either,ham
Raji..pls do me a favour. Pls convey my Birthday wishes to Nimya. Pls. Today is her birthday.,ham
I said its okay. Sorry,ham
Apps class varaya elaya.,ham
Hi its me you are probably having too much fun to get this message but i thought id txt u cos im bored! and james has been farting at me all night,ham
Don‘t give a flying monkeys wot they think and I certainly don‘t mind. Any friend of mine and all that!,ham
FREE for 1st week! No1 Nokia tone 4 ur mobile every week just txt NOKIA to 8077 Get txting and tell ur mates. www.getzed.co.uk POBox 36504 W45WQ 16+ norm150p/tone,spam
Oh god..taken the teeth?is it paining,ham
Ur balance is now £500. Ur next question is: Who sang 'Uptown Girl' in the 80's ? 2 answer txt ur ANSWER to 83600. Good luck!,spam
S s..first time..dhoni rocks...,ham
Well. Im computerless. Time to make some oreo truffles,ham
"LookAtMe!: Thanks for your purchase of a video clip from LookAtMe!, you've been charged 35p. Think you can do better? Why not send a video in a MMSto 32323.",spam
"Oh! Shit, I thought that was your trip! Loooooool ... That just makes SO much more sense now ... *grins* and the sofa reference was ... The ""sleep on a couch"" link you sent me ... Wasn't that how you went on your trip ? Oh ... And didn't your babe go with you for that celebration with your rents?",ham
Congratulations ur awarded 500 of CD vouchers or 125gift guaranteed & Free entry 2 100 wkly draw txt MUSIC to 87066 TnCs www.Ldew.com1win150ppmx3age16,spam
"What part of ""don't initiate"" don't you understand",ham
Sen told that he is going to join his uncle finance in cbe,ham
"Dont search love, let love find U. Thats why its called falling in love, bcoz U dont force yourself, U just fall and U know there is smeone to hold U... BSLVYL",ham
Ok..,ham
Miserable. They don't tell u that the side effects of birth control are massive gut wrenching cramps for the first 2 months. I didn't sleep at all last night.,ham
Finish already... Yar they keep saying i mushy... I so embarrassed ok...,ham
Remember on that day..,ham
"sorry brah, just finished the last of my exams, what up",ham
"Fyi I'm taking a quick shower, be at epsilon in like &lt;#&gt; min",ham
That's cause your old. I live to be high.,ham
I'm home.,ham
Ok but tell me half an hr b4 u come i need 2 prepare.,ham
Yup. Thk of u oso boring wat.,ham
Dnt worry...use ice pieces in a cloth pack.also take 2 tablets.,ham
"Yep, by the pretty sculpture",ham
What is important is that you prevent dehydration by giving her enough fluids,ham
here is my new address -apples&pairs&all that malarky,ham
Package all your programs well,ham
U sure u can't take any sick time?,ham
Don know..wait i will check it.,ham
Sounds great! Are you home now?,ham
Have you got Xmas radio times. If not i will get it now,ham
"If i let you do this, i want you in the house by 8am.",ham
"Hmmm.. Thk sure got time to hop ard... Ya, can go 4 free abt... Muz call u to discuss liao...",ham
LOL what happens in Vegas stays in vegas,ham
I can ask around but there's not a lot in terms of mids up here,ham
I wan but too early lei... Me outside now wun b home so early... Neva mind then...,ham
Tell where you reached,ham
Ok. How many should i buy.,ham
Hi dis is yijue i would be happy to work wif ü all for gek1510...,ham
Whens your radio show?,ham
"Bears Pic Nick, and Tom, Pete and ... Dick. In fact, all types try gay chat with photo upload call 08718730666 (10p/min). 2 stop texts call 08712460324",spam
You lifted my hopes with the offer of money. I am in need. Especially when the end of the month approaches and it hurts my studying. Anyways have a gr8 weekend,ham
Jus finished avatar nigro,ham
"Its ok, called mom instead have fun",ham
Went to pay rent. So i had to go to the bank to authorise the payment.,ham
4 oclock at mine. Just to bash out a flat plan.,ham
SMS SERVICES For your inclusive text credits pls gotto www.comuk.net login 3qxj9 unsubscribe with STOP no extra charge help 08702840625 comuk.220cm2 9AE,spam
One of the joys in lifeis waking up each daywith thoughts that somewhereSomeone cares enough tosend a warm morning greeting.. -,ham
Chk in ur belovd ms dict,ham
"Hello, hello, hi lou sorry it took so long 2 reply- I left mobile at friends in Lancaster, just got it bak Neway im sorry I couldnt make ur bday 2 hun!",ham
Ok then no need to tell me anything i am going to sleep good night,ham
"Jay told me already, will do",ham
Ummma.will call after check in.our life will begin from qatar so pls pray very hard.,ham
Aww that's the first time u said u missed me without asking if I missed u first. You DO love me! :),ham
Yup. Izzit still raining heavily cos i'm in e mrt i can't c outside.,ham
You have 1 new message. Please call 08718738034.,spam
Moji i love you more than words. Have a rich day,ham
"Al he does is moan at me if n e thin goes wrong its my fault&al de arguments r my fault&fed up of him of himso y bother? Hav 2go, thanx.xx",ham
Total video converter free download type this in google search:),ham
Wake me up at &lt;#&gt; am morning:),ham
Omg how did u know what I ate?,ham
2marrow only. Wed at &lt;#&gt; to 2 aha.,ham
I'm ok wif it cos i like 2 try new things. But i scared u dun like mah. Cos u said not too loud.,ham
"I dun thk i'll quit yet... Hmmm, can go jazz ? Yogasana oso can... We can go meet em after our lessons den...",ham
"Sppok up ur mob with a Halloween collection of nokia logo&pic message plus a FREE eerie tone, txt CARD SPOOK to 8007",spam
"Good afternoon, my love. It was good to see your words on YM and get your tm. Very smart move, my slave ... *smiles* ... I drink my coffee and await you.",ham
Our brand new mobile music service is now live. The free music player will arrive shortly. Just install on your phone to browse content from the top artists.,spam
"Last Chance! Claim ur £150 worth of discount vouchers today! Text SHOP to 85023 now! SavaMob, offers mobile! T Cs SavaMob POBOX84, M263UZ. £3.00 Sub. 16",spam
Moby Pub Quiz.Win a £100 High Street prize if u know who the new Duchess of Cornwall will be? Txt her first name to 82277.unsub STOP £1.50 008704050406 SP,spam
Oh ok i didnt know what you meant. Yep i am baby jontin,ham
Ur cash-balance is currently 500 pounds - to maximize ur cash-in now send CASH to 86688 only 150p/msg. CC: 08718720201 PO BOX 114/14 TCR/W1,spam
Great escape. I fancy the bridge but needs her lager. See you tomo,ham
You should get more chicken broth if you want ramen unless there's some I don't know about,ham
Hi 07734396839 IBH Customer Loyalty Offer: The NEW NOKIA6600 Mobile from ONLY £10 at TXTAUCTION!Txt word:START to No:81151 & get Yours Now!4T&,spam
Wat ü doing now?,ham
"HOT LIVE FANTASIES call now 08707509020 Just 20p per min NTT Ltd, PO Box 1327 Croydon CR9 5WB 0870..k",spam
"Yo, you at jp and hungry like a mofo?",ham
"Especially since i talk about boston all up in my personal statement, lol! I woulda changed that if i had realized it said nyc! It says boston now.",ham
K.k:)advance happy pongal.,ham
You still around? Looking to pick up later,ham
S now only i took tablets . Reaction morning only.,ham
Usually the body takes care of it buy making sure it doesnt progress. Can we pls continue this talk on saturday.,ham
Hi Petey!noim ok just wanted 2 chat coz avent spoken 2 u 4 a long time-hope ur doin alrite.have good nit at js love ya am.x,ham
"We know someone who you know that fancies you. Call 09058097218 to find out who. POBox 6, LS15HB 150p",spam
I jokin oni lar.. Ü busy then i wun disturb ü.,ham
Horrible u eat macs eat until u forgot abt me already rite... U take so long 2 reply. I thk it's more toot than b4 so b prepared. Now wat shall i eat?,ham
I don't know but I'm raping dudes at poker,ham
SMS AUCTION - A BRAND NEW Nokia 7250 is up 4 auction today! Auction is FREE 2 join & take part! Txt NOKIA to 86021 now!,spam
No other Valentines huh? The proof is on your fb page. Ugh I'm so glad I really DIDN'T watch your rupaul show you TOOL!,ham
No. To be nosy I guess. Idk am I over reacting if I'm freaked?,ham
That's significant but dont worry.,ham
Yup i'm free...,ham
Dunno lei shd b driving lor cos i go sch 1 hr oni.,ham
Sorry da..today i wont come to play..i have driving clas..,ham
From here after The performance award is calculated every two month.not for current one month period..,ham
"For ur chance to win a £250 cash every wk TXT: ACTION to 80608. T's&C's www.movietrivia.tv custcare 08712405022, 1x150p/wk.",spam
Congratulations ur awarded either £500 of CD gift vouchers & Free entry 2 our £100 weekly draw txt MUSIC to 87066 TnCs www.Ldew.com 1 win150ppmx3age16,spam
"Me, i dont know again oh",ham
I asked sen to come chennai and search for job.,ham
"Gud gud..k, chikku tke care.. sleep well gud nyt",ham
ME 2 BABE I FEEL THE SAME LETS JUST 4GET ABOUT IT+BOTH TRY +CHEER UP+NOT FIT SOO MUCHXXLOVE U LOCAXX,ham
FREE entry into our £250 weekly competition just text the word WIN to 80086 NOW. 18 T&C www.txttowin.co.uk,spam
Reason is if the team budget is available at last they buy the unsold players for at base rate..,ham
Wat u doing there?,ham
Can not use foreign stamps in this country.,ham
Ok then i'll let him noe later n ask him call u tmr...,ham
Do you hide anythiing or keeping distance from me,ham
"URGENT! Your mobile number *************** WON a £2000 Bonus Caller prize on 10/06/03! This is the 2nd attempt to reach you! Call 09066368753 ASAP! Box 97N7QP, 150ppm",spam
"Mum, hope you are having a great day. Hoping this text meets you well and full of life. Have a great day. Abiola",ham
"Its so common hearin How r u? Wat r u doing? How was ur day? So let me ask u something different. Did u smile today? If not, do it now.... Gud evng.",ham
83039 62735=£450 UK Break AccommodationVouchers terms & conditions apply. 2 claim you mustprovide your claim number which is 15541,spam
Hi mate its RV did u hav a nice hol just a message 3 say hello coz havent sent u 1 in ages started driving so stay off roads!RVx,ham
Aah bless! How's your arm?,ham
"… we r stayin here an extra week, back next wed. How did we do in the rugby this weekend? Hi to and and , c u soon """,ham
Well done and ! luv ya all,ham
I am not having her number sir,ham
"Playin space poker, u?",ham
"Hey elaine, is today's meeting still on?",ham
Die... Now i have e toot fringe again...,ham
"This is the 2nd time we have tried 2 contact u. U have won the 750 Pound prize. 2 claim is easy, call 08718726970 NOW! Only 10p per min. BT-national-rate",spam
"449050000301 You have won a £2,000 price! To claim, call 09050000301.",spam
Ok i've sent u da latest version of da project.,ham
"Sorry, in meeting I'll call you later",ham
Joy's father is John. Then John is the NAME of Joy's father. Mandan,ham
I'll meet you in the lobby,ham
Lol its ok I didn't remember til last nite,ham
"Thanks for your ringtone order, reference number X49. Your mobile will be charged 4.50. Should your tone not arrive please call customer services 09065989182. From: [colour=red]text[/colour]TXTstar",spam
What does the dance river do?,ham
Cause I'm not freaky lol,ham
Meet after lunch la...,ham
Draw va?i dont think so:),ham
"YOU VE WON! Your 4* Costa Del Sol Holiday or £5000 await collection. Call 09050090044 Now toClaim. SAE, TC s, POBox334, Stockport, SK38xh, Cost£1.50/pm, Max10mins",spam
Honestly i've just made a lovely cup of tea and promptly dropped my keys in it and then burnt my fingers getting them out!,ham
"Do you know why god created gap between your fingers..? So that, One who is made for you comes &amp; fills those gaps by holding your hand with LOVE..!",ham
Tell my bad character which u Dnt lik in me. I'll try to change in &lt;#&gt; . I ll add tat 2 my new year resolution. Waiting for ur reply.Be frank...good morning.,ham
"Alright we're hooked up, where you guys at",ham
New TEXTBUDDY Chat 2 horny guys in ur area 4 just 25p Free 2 receive Search postcode or at gaytextbuddy.com. TXT ONE name to 89693. 08715500022 rpl Stop 2 cnl,spam
Let me know if you need anything else. Salad or desert or something... How many beers shall i get?,ham
Me n him so funny...,ham
Jason says it's cool if we pick some up from his place in like an hour,ham
Please dont say like that. Hi hi hi,ham
Are you there in room.,ham
Do you still have the grinder?,ham
Do we have any spare power supplies,ham
PRIVATE! Your 2003 Account Statement for shows 800 un-redeemed S. I. M. points. Call 08715203652 Identifier Code: 42810 Expires 29/10/0,spam
Jesus armand really is trying to tell everybody he can find,ham
"FreeMSG You have been awarded a FREE mini DIGITAL CAMERA, just reply SNAP to collect your prize! (quizclub Opt out? Stop 80122300p/wk SP:RWM Ph:08704050406)",spam
Miss call miss call khelate kintu opponenter miss call dhorte lage. Thats d rule. One with great phone receiving quality wins.,ham
Fine if thats the way u feel. Thats the way its gota b,ham
Check mail.i have mailed varma and kept copy to you regarding membership.take care.insha allah.,ham
"Goodmorning, today i am late for 1hr.",ham
"Men always needs a beautiful, intelligent, caring, loving, adjustable, cooperative wife. But the law allows only one wife....",ham
How many licks does it take to get to the center of a tootsie pop?,ham
No i am not having not any movies in my laptop,ham
So can collect ur laptop?,ham
"Piggy, r u awake? I bet u're still sleeping. I'm going 4 lunch now...",ham
"After my work ah... Den 6 plus lor... U workin oso rite... Den go orchard lor, no other place to go liao...",ham
"The world suffers a lot... Not because of the violence of bad people. But because of the silence of good people!, Gud night....",ham
Please tell me not all of my car keys are in your purse,ham
So how's the weather over there?,ham
"Haven't found a way to get another app for your phone, eh ? Will you go to the net cafe ? Did you take that job? Geeee I need you babe. I crave to see you ...",ham
Hi happy birthday. Hi hi hi hi hi hi hi,ham
"Yo, call me when you get the chance, a friend of mine wanted me to ask you about a big order",ham
Today my system sh get ready.all is well and i am also in the deep well,ham
TheMob>Yo yo yo-Here comes a new selection of hot downloads for our members to get for FREE! Just click & open the next link sent to ur fone...,spam
Where are the garage keys? They aren't on the bookshelf,ham
Okey dokey swashbuckling stuff what oh.,ham
"Hi Chikku, send some nice msgs",ham
Ya i knw u vl giv..its ok thanks kano..anyway enjoy wit ur family wit 1st salary..:-);-),ham
"XXXMobileMovieClub: To use your credit, click the WAP link in the next txt message or click here>> http://wap. xxxmobilemovieclub.com?n=QJKGIGHJJGCBL",spam
"Sad story of a Man - Last week was my b'day. My Wife did'nt wish me. My Parents forgot n so did my Kids . I went to work. Even my Colleagues did not wish. As I entered my cabin my PA said, '' Happy B'day Boss !!''. I felt special. She askd me 4 lunch. After lunch she invited me to her apartment. We went there. She said,'' do u mind if I go into the bedroom for a minute ? '' ''OK'', I sed in a sexy mood. She came out 5 minuts latr wid a cake...n My Wife, My Parents, My Kidz, My Friends n My Colleagues. All screaming.. SURPRISE !! and I was waiting on the sofa.. ... ..... ' NAKED...!",ham
I'm gonna say no. Sorry. I would but as normal am starting to panic about time. Sorry again! Are you seeing on Tuesday?,ham
Just got up. have to be out of the room very soon. …. i hadn't put the clocks back til at 8 i shouted at everyone to get up and then realised it was 7. wahay. another hour in bed.,ham
Get a brand new mobile phone by being an agent of The Mob! Plus loads more goodies! For more info just text MAT to 87021.,spam
Send me yetty's number pls.,ham
"Yeah work is fine, started last week, all the same stuff as before, dull but easy and guys are fun!",ham
Check audrey's status right now,ham
Okay but i thought you were the expert,ham
Howz that persons story,ham
You are a big chic. Common. Declare,ham
Nobody names their penis a girls name this story doesn't add up at all,ham
"No we put party 7 days a week and study lightly, I think we need to draw in some custom checkboxes so they know we're hardcore",ham
Money i have won wining number 946 wot do i do next,spam
Tell them no need to investigate about me anywhere.,ham
He is world famamus....,ham
K:)all the best:)congrats...,ham
"Are you sure you don't mean ""get here, we made you hold all the weed""",ham
5p 4 alfie Moon's Children in need song on ur mob. Tell ur m8s. Txt Tone charity to 8007 for Nokias or Poly charity for polys: zed 08701417012 profit 2 charity.,spam
Can. Dunno wat to get 4 her...,ham
Realy sorry-i don't recognise this number and am now confused :) who r u please?!,ham
Hi dude hw r u da realy mising u today,ham
"Dad wanted to talk about the apartment so I got a late start, omw now",ham
"Babe! How goes that day ? What are you up to ? I miss you already, my Love ... * loving kiss* ... I hope everything goes well.",ham
I wont. So wat's wit the guys,ham
I love to wine and dine my lady!,ham
I'm always on yahoo messenger now. Just send the message to me and i.ll get it you may have to send it in the mobile mode sha but i.ll get it. And will reply.,ham
Thanks for loving me so. You rock,ham
I can do that! I want to please you both inside and outside the bedroom...,ham
Yeah he got in at 2 and was v apologetic. n had fallen out and she was actin like spoilt child and he got caught up in that. Till 2! But we won't go there! Not doing too badly cheers. You?,ham
Dude how do you like the buff wind.,ham
"K give me a sec, breaking a &lt;#&gt; at cstore",ham
Ok... Let u noe when i leave my house.,ham
Ok no prob. Take ur time.,ham
So dont use hook up any how,ham
Oops. 4 got that bit.,ham
Do you like shaking your booty on the dance floor?,ham
Good evening! this is roger. How are you?,ham
No drama Pls.i have had enough from you and family while i am struggling in the hot sun in a strange place.No reason why there should be an ego of not going 'IF NOT INVITED' when actually its necessity to go.wait for very serious reppurcussions.,ham
"I'm not coming over, do whatever you want",ham
Hey so whats the plan this sat?,ham
"Now u sound like manky scouse boy steve,like! I is travelling on da bus home.wot has u inmind 4 recreation dis eve?",ham
Thanks for being there for me just to talk to on saturday. You are very dear to me. I cherish having you as a brother and role model.,ham
Alex says he's not ok with you not being ok with it,ham
"Good FRIENDS CaRE for each Other.. CLoSE Friends UNDERSTaND each Other... and TRUE Friends STaY forever beyond words, beyond time. Gud ni8",ham
"This is the 2nd time we have tried 2 contact u. U have won the £750 Pound prize. 2 claim is easy, call 087187272008 NOW1! Only 10p per minute. BT-national-rate.",spam
Yup i thk they r e teacher said that will make my face look longer. Darren ask me not 2 cut too short.,ham
"Night has ended for another day, morning has come in a special way. May you smile like the sunny rays and leaves your worries at the blue blue bay.",ham
"Hi this is yijue, can i meet u at 11 tmr?",ham
So wat's da decision?,ham
Lol. Well quality aint bad at all so i aint complaining,ham
Then ü ask dad to pick ü up lar... Ü wan 2 stay until 6 meh...,ham
The 2 oz guy is being kinda flaky but one friend is interested in picking up $ &lt;#&gt; worth tonight if possible,ham
You have an important customer service announcement from PREMIER. Call FREEPHONE 0800 542 0578 now!,spam
R u saying i should re order the slippers cos i had to pay for returning it.,ham
Ur cash-balance is currently 500 pounds - to maximize ur cash-in now send CASH to 86688 only 150p/msg. CC: 08708800282 HG/Suite342/2Lands Row/W1J6HL,spam
Yeah do! Don‘t stand to close tho- you‘ll catch something!,ham
Omg if its not one thing its another. My cat has worms :/ when does this bad day end?,ham
He needs to stop going to bed and make with the fucking dealing,ham
Oh god. I'm gonna Google nearby cliffs now.,ham
Lol or I could just starve and lose a pound by the end of the day.,ham
Glad it went well :) come over at 11 then we'll have plenty of time before claire goes to work.,ham
thanks for the temales it was wonderful. Thank. Have a great week.,ham
Becoz its &lt;#&gt; jan whn al the post ofice is in holiday so she cn go fr the post ofice...got it duffer,ham
Thanks for this hope you had a good day today,ham
"As a valued customer, I am pleased to advise you that following recent review of your Mob No. you are awarded with a £1500 Bonus Prize, call 09066364589",spam
"No! But we found a diff farm shop to buy some cheese. On way back now, can i call in?",ham
No I don't have cancer. Moms making a big deal out of a regular checkup aka pap smear,ham
Nice.nice.how is it working?,ham
No problem. We will be spending a lot of quality time together...,ham
K:)i will give my kvb acc details:),ham
I borrow ur bag ok.,ham
I'm done...,ham
Tell your friends what you plan to do on Valentines day @ &lt;URL&gt;,ham
Yes its possible but dint try. Pls dont tell to any one k,ham
Detroit. The home of snow. Enjoy it.,ham
Noice. Text me when you're here,ham
"Just wondering, the others just took off",ham
How much she payed. Suganya.,ham
If I was I wasn't paying attention,ham
If he started searching he will get job in few days.he have great potential and talent.,ham
Am i that much dirty fellow?,ham
Ok. Me watching tv too.,ham
What is this 'hex' place you talk of? Explain!,ham
My uncles in Atlanta. Wish you guys a great semester.,ham
K k pa Had your lunch aha.,ham
Happy birthday... May all ur dreams come true...,ham
It took Mr owl 3 licks,ham
S:)8 min to go for lunch:),ham
I.ll hand her my phone to chat wit u,ham
It just seems like weird timing that the night that all you and g want is for me to come smoke is the same day as when a shitstorm is attributed to me always coming over and making everyone smoke,ham
Thanks for looking out for me. I really appreciate.,ham
R we still meeting 4 dinner tonight?,ham
Free 1st week entry 2 TEXTPOD 4 a chance 2 win 40GB iPod or £250 cash every wk. Txt POD to 84128 Ts&Cs www.textpod.net custcare 08712405020.,spam
Lol grr my mom is taking forever with my prescription. Pharmacy is like 2 minutes away. Ugh.,ham
Only 2% students solved this CAT question in 'xam... 5+3+2= &lt;#&gt; 9+2+4= &lt;#&gt; 8+6+3= &lt;#&gt; then 7+2+5=????? Tell me the answer if u r brilliant...1thing.i got d answr.,ham
Well that must be a pain to catch,ham
Allo! We have braved the buses and taken on the trains and triumphed. I mean we‘re in b‘ham. Have a jolly good rest of week,ham
"Babe ! How goes that day ? What are you doing ? Where are you ? I sip my cappuccino and think of you, my love ... I send a kiss to you from across the sea",ham
I'm freezing and craving ice. Fml,ham
"Hey babe, how's it going ? Did you ever figure out where your going for New Years ?",ham
December only! Had your mobile 11mths+? You are entitled to update to the latest colour camera mobile for Free! Call The Mobile Update VCo FREE on 08002986906,spam
Enjoy the jamster videosound gold club with your credits for 2 new videosounds+2 logos+musicnews! get more fun from jamster.co.uk! 16+only Help? call: 09701213186,spam
Now got tv 2 watch meh? U no work today?,ham
How much is blackberry bold2 in nigeria.,ham
Already one guy loving you:-.,ham
I know I'm lacking on most of this particular dramastorm's details but for the most part I'm not worried about that,ham
That's y we haf to combine n c how lor...,ham
"All done, all handed in. Don't know if mega shop in asda counts as celebration but thats what i'm doing!",ham
URGENT! We are trying to contact U. Todays draw shows that you have won a £800 prize GUARANTEED. Call 09050001808 from land line. Claim M95. Valid12hrs only,spam
I got your back! Do you have any dislikes in bed?,ham
"44 7732584351, Do you want a New Nokia 3510i colour phone DeliveredTomorrow? With 300 free minutes to any mobile + 100 free texts + Free Camcorder reply or call 08000930705.",spam
Reply with your name and address and YOU WILL RECEIVE BY POST a weeks completely free accommodation at various global locations www.phb1.com ph:08700435505150p,spam
Going thru a very different feeling.wavering decisions and coping up with the same is the same individual.time will heal everything i believe.,ham
Oi. Ami parchi na re. Kicchu kaaj korte iccha korche na. Phone ta tul na. Plz. Plz.,ham
No de.am seeing in online shop so that i asked.,ham
Just buy a pizza. Meat lovers or supreme. U get to pick.,ham
"Yar lor he wan 2 go c horse racing today mah, so eat earlier lor. I ate chicken rice. U?",ham
"Mum, i've sent you many many messages since i got here. I just want to know that you are actually getting them. Do enjoy the rest of your day.",ham
Was actually sleeping and still might when u call back. So a text is gr8. You rock sis. Will send u a text wen i wake.,ham
Really dun bluff me leh... U sleep early too. Nite...,ham
We're on the opposite side from where we dropped you off,ham
R u over scratching it?,ham
I'm not. She lip synced with shangela.,ham
"So many people seems to be special at first sight, But only very few will remain special to you till your last sight.. Maintain them till life ends.. take cr da",ham
Ugh my leg hurts. Musta overdid it on mon.,ham
So ü'll be submitting da project tmr rite?,ham
Hey pple...$700 or $900 for 5 nights...Excellent location wif breakfast hamper!!!,ham
"I'll get there at 3, unless you guys want me to come some time sooner",ham
I have had two more letters from . I will copy them for you cos one has a message for you. Speak soon,ham
"Fun fact: although you would think armand would eventually build up a tolerance or some shit considering how much he smokes, he gets fucked up in like 2 hits",ham
Today am going to college so am not able to atten the class.,ham
You know my old Dom I told you about yesterday ? His name is Roger? He got in touch with me last night and wants me to meet him today at 2 pm,ham
Hello handsome ! Are you finding that job ? Not being lazy ? Working towards getting back that net for mummy ? Where's my boytoy now ? Does he miss me ?,ham
Oh ok..,ham
Hey! Congrats 2u2. id luv 2 but ive had 2 go home!,ham
"HEY THERE BABE, HOW U DOIN? WOT U UP 2 2NITE LOVE ANNIE X.",ham
Hi Princess! Thank you for the pics. You are very pretty. How are you?,ham
Where @,ham
Tiwary to rcb.battle between bang and kochi.,ham
"G says you never answer your texts, confirm/deny",ham
I know girls always safe and selfish know i got it pa. Thank you. good night.,ham
"Spook up your mob with a Halloween collection of a logo & pic message plus a free eerie tone, txt CARD SPOOK to 8007 zed 08701417012150p per logo/pic",spam
"I know where the &lt;#&gt; is, I'll be there around 5",ham
Not yet had..ya sapna aunty manege y'day hogidhe..chinnu full weak and swalpa black agidhane..,ham
Your B4U voucher w/c 27/03 is MARSMS. Log onto www.B4Utele.com for discount credit. To opt out reply stop. Customer care call 08717168528,spam
U coming back 4 dinner rite? Dad ask me so i re confirm wif u...,ham
This is ur face test ( 1 2 3 4 5 6 7 8 9 &lt;#&gt; ) select any number i will tell ur face astrology.... am waiting. quick reply...,ham
Yes when is the appt again?,ham
Our ride equally uneventful - not too many of those pesky cyclists around at that time of night ;).,ham
Thanks honey but still haven't heard anything I will leave it a bit longer so not 2 crowd him and will try later - great advice thanks hope cardiff is still there!,ham
Uncle boye. I need movies oh. Guide me. Plus you know torrents are not particularly legal here. And the system is slowing down. What should i do. Have a gr8 day. Plus have you started cos i dont meet you online. How was the honey moon.,ham
S:)but he had some luck.2 catches put down:),ham
Do you know what Mallika Sherawat did yesterday? Find out now @ &lt;URL&gt;,ham
Do ü noe if ben is going?,ham
I dont know ask to my brother. Nothing problem some thing that. Just i told .,ham
Do u noe wat time e place dat sells 4d closes?,ham
I donno if they are scorable,ham
Jokin only lar... :-) depends on which phone my father can get lor...,ham
You know what hook up means right?,ham
"Pls send me a comprehensive mail about who i'm paying, when and how much.",ham
Dear i have reache room,ham
"Two fundamentals of cool life: ""Walk, like you are the KING""...! OR ""Walk like you Dont care,whoever is the KING""!... Gud nyt",ham
Will do. Have a good day,ham
gonna let me know cos comes bak from holiday that day. is coming. Don't4get2text me number.,ham
If i said anything wrong sorry de:-),ham
Boltblue tones for 150p Reply POLY# or MONO# eg POLY3 1. Cha Cha Slide 2. Yeah 3. Slow Jamz 6. Toxic 8. Come With Me or STOP 4 more tones txt MORE,spam
We got a divorce. Lol. She.s here,ham
"She said,'' do u mind if I go into the bedroom for a minute ? '' ''OK'', I sed in a sexy mood. She came out 5 minuts latr wid a cake...n My Wife,",ham
So i'm doing a list of buyers.,ham
dont make ne plans for nxt wknd coz she wants us to come down then ok,ham
"Wa, ur openin sentence very formal... Anyway, i'm fine too, juz tt i'm eatin too much n puttin on weight...Haha... So anythin special happened?",ham
ALRITE HUNNY!WOT U UP 2 2NITE? DIDNT END UP GOIN DOWN TOWN JUS DA PUB INSTEAD! JUS CHILLIN AT DA MO IN ME BEDROOM!LOVE JEN XXX.,ham
Better. Made up for Friday and stuffed myself like a pig yesterday. Now I feel bleh. But at least its not writhing pain kind of bleh.,ham
No message..no responce..what happend?,ham
I didnt get anything da,ham
Yeah imma come over cause jay wants to do some drugs,ham
Aiyo cos i sms ü then ü neva reply so i wait 4 ü to reply lar. I tot ü havent finish ur lab wat.,ham
You've always been the brainy one.,ham
Ahhh. Work. I vaguely remember that! What does it feel like? Lol,ham
"Nice. Wait...should you be texting right now? I'm not gonna pay your ticket, ya know!",ham
I like dis sweater fr mango but no more my size already so irritating.,ham
Thanks for your message. I really appreciate your sacrifice. I'm not sure of the process of direct pay but will find out on my way back from the test tomorrow. I'm in class now. Do have a wonderful day.,ham
"Idk. You keep saying that you're not, but since he moved, we keep butting heads over freedom vs. responsibility. And i'm tired. I have so much other shit to deal with that i'm barely keeping myself together once this gets added to it.",ham
What about this one then.,ham
"Urgent -call 09066649731from Landline. Your complimentary 4* Ibiza Holiday or £10,000 cash await collection SAE T&Cs PO BOX 434 SK3 8WP 150ppm 18+",spam
Yes! I am a one woman man! Please tell me your likes and dislikes in bed...,ham
Hi juan. Im coming home on fri hey. Of course i expect a welcome party and lots of presents. Ill phone u when i get back. Loads of love nicky x x x x x x x x x,ham
"Yun ah.the ubi one say if ü wan call by tomorrow.call 67441233 look for irene.ere only got bus8,22,65,61,66,382. Ubi cres,ubi tech park.6ph for 1st 5wkg days.èn",ham
Okay lor... Will they still let us go a not ah? Coz they will not know until later. We drop our cards into the box right?,ham
I am going to sleep. I am tired of travel.,ham
Why i come in between you people,ham
I'm fine. Hope you are good. Do take care.,ham
Tired. I haven't slept well the past few nights.,ham
This is my number by vivek..,ham
I hate when she does this. She turns what should be a fun shopping trip into an annoying day of how everything would look in her house.,ham
CDs 4u: Congratulations ur awarded £500 of CD gift vouchers or £125 gift guaranteed & Freeentry 2 £100 wkly draw xt MUSIC to 87066 TnCs www.ldew.com1win150ppmx3age16,spam
Urgent! Please call 09061213237 from a landline. £5000 cash or a 4* holiday await collection. T &Cs SAE PO Box 177 M227XY. 16+,spam
Tell rob to mack his gf in the theater,ham
Every monday..nxt week vl be completing..,ham
"Living is very simple.. Loving is also simple.. Laughing is too simple.. Winning is tooo simple.. But, Being 'SIMPLE' is very difficult...;-) :-)",ham
"K I'm leaving soon, be there a little after 9",ham
You still around? I could use a half-8th,ham
Hope youre not having too much fun without me!! see u tomorrow love jess x,ham
"Multiply the numbers independently and count decimal points then, for the division, push the decimal places like i showed you.",ham
Pass dis to all ur contacts n see wat u get! Red;i'm in luv wid u. Blue;u put a smile on my face. Purple;u r realy hot. Pink;u r so swt. Orange;i thnk i lyk u. Green;i realy wana go out wid u. Yelow;i wnt u bck. Black;i'm jealous of u. Brown;i miss you Nw plz giv me one color,ham
Happy valentines day I know its early but i have hundreds of handsomes and beauties to wish. So i thought to finish off aunties and uncles 1st...,ham
"Had the money issue weigh me down but thanks to you, I can breathe easier now. I.ll make sure you dont regret it. Thanks.",ham
"Painful words- ""I thought being Happy was the most toughest thing on Earth... But, the toughest is acting Happy with all unspoken pain inside..""",ham
"Its ok., i just askd did u knw tht no?",ham
For taking part in our mobile survey yesterday! You can now have 500 texts 2 use however you wish. 2 get txts just send TXT to 80160 T&C www.txt43.com 1.50p,spam
"FREE GAME. Get Rayman Golf 4 FREE from the O2 Games Arcade. 1st get UR games settings. Reply POST, then save & activ8. Press 0 key for Arcade. Termsapply",spam
Anyway i'm going shopping on my own now. Cos my sis not done yet. Dun disturb u liao.,ham
"Night sweet, sleep well! I've just been to see The Exorcism of Emily Rose and may never sleep again! Hugs and snogs!",ham
Thats cool. i liked your photos. You are very sexy!,ham
"No my blankets are sufficient, thx",ham
I could ask carlos if we could get more if anybody else can chip in,ham
"FR'NDSHIP is like a needle of a clock. Though V r in d same clock, V r nt able 2 met. Evn if V meet,itz only 4few seconds. Bt V alwys stay conected. Gud 9t;-)",ham
"Whats that coming over the hill..... Is it a monster! Hope you have a great day. Things r going fine here, busy though!",ham
Yup... I havent been there before... You want to go for the yoga? I can call up to book,ham
"Well, I meant as opposed to my drunken night of before",ham
I wanted to wish you a Happy New Year and I wanted to talk to you about some legal advice to do with when Gary and I split but in person. I'll make a trip to Ptbo for that. I hope everything is good with you babe and I love ya :),ham
"You at mu? You should try to figure out how much money everyone has for gas and alcohol, jay and I are trying to figure out our weed budget",ham
You are being ripped off! Get your mobile content from www.clubmoby.com call 08717509990 poly/true/Pix/Ringtones/Games six downloads for only 3,spam
K and you're sure I don't have to have consent forms to do it :V,ham
Thanks for your subscription to Ringtone UK your mobile will be charged £5/month Please confirm by replying YES or NO. If you reply NO you will not be charged,spam
Lol I would but my mom would have a fit and tell the whole family how crazy and terrible I am,ham
Hey i will be really pretty late... You want to go for the lesson first? I will join you. I'm only reaching tp mrt,ham
Ic. There are a lotta childporn cars then.,ham
I meant as an apology from me for texting you to get me drugs at &lt;#&gt; at night,ham
"Good afternoon sexy buns! How goes the job search ? I wake and you are my first thought as always, my love. I wish your fine and happy and know I adore you!",ham
No that just means you have a fat head,ham
"I get out of class in bsn in like &lt;#&gt; minutes, you know where advising is?",ham
"life alle mone,eppolum oru pole allalo",ham
26th OF JULY,ham
Summers finally here! Fancy a chat or flirt with sexy singles in yr area? To get MATCHED up just reply SUMMER now. Free 2 Join. OptOut txt STOP Help08714742804,spam
Left dessert. U wan me 2 go suntec look 4 u?,ham
Hope you are having a great new semester. Do wish you the very best. You are made for greatness.,ham
"Night has ended for another day, morning has come in a special way. May you smile like the sunny rays and leaves your worries at the blue blue bay. Gud mrng",ham
Dear Subscriber ur draw 4 £100 gift voucher will b entered on receipt of a correct ans. When was Elvis Presleys Birthday? TXT answer to 80062,spam
I cant wait to see you! How were the photos were useful? :),ham
What time is ur flight tmr?,ham
Doing my masters. When will you buy a bb cos i have for sale and how's bf,ham
You flippin your shit yet?,ham
"Gumby's has a special where a &lt;#&gt; "" cheese pizza is $2 so I know what we're doin tonight",ham
No management puzzeles.,ham
Am slow in using biola's fne,ham
I will send them to your email. Do you mind &lt;#&gt; times per night?,ham
"Yeah, we got one lined up for us",ham
Same. Wana plan a trip sometme then,ham
Sounds like there could be a lot of time spent in that chastity device boy ... *grins* ... Or take your beatings like a good dog. Going to lounge in a nice long bath now ?,ham
I have 2 docs appointments next week.:/ I'm tired of them shoving stuff up me. Ugh why couldn't I have had a normal body?,ham
"I jus hope its true that missin me cos i'm really missin him! You haven't done anything to feel guilty about, yet.",ham
"I haven't forgotten you, i might have a couple bucks to send you tomorrow, k? I love ya too",ham
Men like shorter ladies. Gaze up into his eyes.,ham
"If you want to mapquest it or something look up ""usf dogwood drive"", that's the tiny street where the parking lot is",ham
Jos ask if u wana meet up?,ham
He like not v shock leh. Cos telling shuhui is like telling leona also. Like dat almost all know liao. He got ask me abt ur reaction lor.,ham
G.W.R,ham
I wanna watch that movie,ham
Alright took the morphine. Back in yo.,ham
"This weeks SavaMob member offers are now accessible. Just call 08709501522 for details! SavaMob, POBOX 139, LA3 2WU. Only £1.50/week. SavaMob - offers mobile!",spam
Anything lar then ü not going home 4 dinner?,ham
Sorry about that this is my mates phone and i didnt write it love Kate,ham
HELLO PEACH! MY CAKE TASTS LUSH!,ham
"Kind of. Just missed train cos of asthma attack, nxt one in half hr so driving in. not sure where to park.",ham
With my sis lor... We juz watched italian job.,ham
No probably &lt;#&gt; %.,ham
"Dear,regret i cudnt pick call.drove down frm ctla now at cochin home.left mobile in car..ente style ishtamayoo?happy bakrid!",ham
Quite late lar... Ard 12 anyway i wun b drivin...,ham
"Y cant u try new invention to fly..i'm not joking.,",ham
"Aiyo... Her lesson so early... I'm still sleepin, haha... Okie, u go home liao den confirm w me lor...",ham
"Keep ur problems in ur heart, b'coz nobody will fight for u. Only u &amp; u have to fight for ur self &amp; win the battle. -VIVEKANAND- G 9t.. SD.. ham Yeah, give me a call if you've got a minute ham HI BABE UAWAKE?FEELLIKW SHIT.JUSTFOUND OUT VIA ALETTER THATMUM GOTMARRIED 4thNOV.BEHIND OURBACKS FUCKINNICE!SELFISH,DEVIOUSBITCH.ANYWAY,IL CALL U""",ham
"[…] anyway, many good evenings to u! s",ham
FreeMsg Today's the day if you are ready! I'm horny & live in your town. I love sex fun & games! Netcollex Ltd 08700621170150p per msg reply Stop to end,spam
Your board is working fine. The issue of overheating is also reslove. But still software inst is pending. I will come around 8'o clock.,ham
"FREE RINGTONE text FIRST to 87131 for a poly or text GET to 87131 for a true tone! Help? 0845 2814032 16 after 1st free, tones are 3x£150pw to e£nd txt stop",spam
Want 2 get laid tonight? Want real Dogging locations sent direct 2 ur mob? Join the UK's largest Dogging Network bt Txting GRAVEL to 69888! Nt. ec2a. 31p.msg@150p,spam
We'll you pay over like &lt;#&gt; yrs so its not too difficult,ham
I am thinking of going down to reg for pract lessons.. Flung my advance.. Haha wat time u going?,ham
I'm done oredi...,ham
Good Morning my Dear Shijutta........... Have a great &amp; successful day.,ham
&lt;#&gt; w jetton ave if you forgot,ham
I dunno lei... Like dun haf...,ham
PRIVATE! Your 2003 Account Statement for shows 800 un-redeemed S. I. M. points. Call 08719899230 Identifier Code: 41685 Expires 07/11/04,spam
"Maybe westshore or hyde park village, the place near my house?",ham
Ok.ok ok..then..whats ur todays plan,ham
Yes i have. So that's why u texted. Pshew...missing you so much,ham
So u gonna get deus ex?,ham
"Yeah, where's your class at?",ham
Dont gimme that lip caveboy,ham
"Dear Hero,i am leaving to qatar tonite for an apt opportunity.pls do keep in touch at &lt;EMAIL&gt; ,kerala",ham
"K, wat s tht incident?",ham
URGENT! This is the 2nd attempt to contact U!U have WON £1000CALL 09071512432 b4 300603t&csBCM4235WC1N3XX.callcost150ppmmobilesvary. max£7. 50,spam
I'm on the bus. Love you,ham
I'm fine. Hope you are also,ham
Camera - You are awarded a SiPix Digital Camera! call 09061221066 fromm landline. Delivery within 28 days.,spam
Ya had just now.onion roast.,ham
En chikku nange bakra msg kalstiya..then had tea/coffee?,ham
On the way to office da..,ham
"Nothing, i got msg frm tht unknown no..",ham
"I'm in a meeting, call me later at",ham
On ma way to school. Can you pls send me ashley's number,ham
Ok lor thanx... Ü in school?,ham
No * am working on the ringing u thing but have whole houseful of screaming brats so * am pulling my hair out! Loving u,ham
Yesterday its with me only . Now am going home.,ham
"Ah, well that confuses things, doesn‘t it?",ham
Teach me apps da. When you come to college.,ham
Y de asking like this.,ham
"Get the door, I'm here",ham
Okie,ham
Am only searching for good dual sim mobile pa.,ham
Hmm...my uncle just informed me that he's paying the school directly. So pls buy food.,ham
I'll text now! All creepy like so he won't think that we forgot,ham
Then we gotta do it after that,ham
My exam is for february 4. Wish you a great day.,ham
"Japanese Proverb: If one Can do it, U too Can do it, If none Can do it,U must do it Indian version: If one Can do it, LET HIM DO it.. If none Can do it,LEAVE it!! And finally Kerala version: If one can do it, Stop him doing it.. If none can do it, Make a strike against it ...",ham
For many things its an antibiotic and it can be used for chest abdomen and gynae infections even bone infections.,ham
Call him and say you not coming today ok and tell them not to fool me like this ok,ham
"Thanks da thangam, i feel very very happy dear. I also miss you da.",ham
Excellent! Are you ready to moan and scream in ecstasy?,ham
Aiyah ok wat as long as got improve can already wat...,ham
Just haven't decided where yet eh ?,ham
URGENT! Your Mobile number has been awarded with a £2000 prize GUARANTEED. Call 09058094454 from land line. Claim 3030. Valid 12hrs only,spam
It didnt work again oh. Ok goodnight then. I.ll fix and have it ready by the time you wake up. You are very dearly missed have a good night sleep.,ham
Ok leave no need to ask,ham
"Huh... Hyde park not in mel ah, opps, got confused... Anyway, if tt's e best choice den we juz have to take it...",ham
"Oh... Haha... Den we shld had went today too... Gee, nvm la... Kaiez, i dun mind goin jazz oso... Scared hiphop open cant catch up...",ham
