text,label
"This is one of the days you have a billion classes, right?",ham
How stupid to say that i challenge god.You dont think at all on what i write instead you respond immed.,ham
Huh so late... Fr dinner?,ham
Am on a train back from northampton so i'm afraid not! I'm staying skyving off today ho ho! Will be around wednesday though. Do you fancy the comedy club this week by the way?,ham
Sunshine Quiz! Win a super Sony DVD recorder if you canname the capital of Australia? Text MQUIZ to 82277. B,spam
"Hey. What happened? U switch off ur cell d whole day. This isnt good. Now if u do care, give me a call tomorrow.",ham
Ü still attending da talks?,ham
Ok lar i double check wif da hair dresser already he said wun cut v short. He said will cut until i look nice.,ham
Been running but only managed 5 minutes and then needed oxygen! Might have to resort to the roller option!,ham
We still on for tonight?,ham
Sary just need Tim in the bollox &it hurt him a lot so he tol me!,ham
"Thats a bit weird, even ?- where is the do supposed to be happening? But good idea, sure they will be in pub!",ham
Can you pls send me that company name. In saibaba colany,ham
Leaving to qatar tonite in search of an opportunity.all went fast.pls add me in ur prayers dear.Rakhesh,ham
I'm on my way home. Went to change batt 4 my watch then go shop a bit lor.,ham
"Hey, a guy I know is breathing down my neck to get him some bud, anyway you'd be able to get a half track to usf tonight?",ham
"Good afternoon sunshine! How dawns that day ? Are we refreshed and happy to be alive? Do we breathe in the air and smile ? I think of you, my love ... As always",ham
Noice. Text me when you're here,ham
Ugh its been a long day. I'm exhausted. Just want to cuddle up and take a nap,ham
Great. So should i send you my account number.,ham
Hey they r not watching movie tonight so i'll prob b home early...,ham
I.ll give her once i have it. Plus she said grinule greet you whenever we speak,ham
Might ax well im there.,ham
Nothin comes to my mind. Ü help me buy hanger lor. Ur laptop not heavy?,ham
"I dun thk i'll quit yet... Hmmm, can go jazz ? Yogasana oso can... We can go meet em after our lessons den...",ham
"Aight, lemme know what's up",ham
Still in customer place,ham
Oh:)as usual vijay film or its different?,ham
Guess which pub im in? Im as happy as a pig in clover or whatever the saying is!,ham
Cool. Do you like swimming? I have a pool and jacuzzi at my house.,ham
Not heard from U4 a while. Call me now am here all night with just my knickers on. Make me beg for it like U did last time 01223585236 XX Luv Nikiyu4.net,spam
No problem baby. Is this is a good time to talk? I called and left a message.,ham
"Right on brah, see you later",ham
"Aight, call me once you're close",ham
U're welcome... Caught u using broken english again...,ham
"She said,'' do u mind if I go into the bedroom for a minute ? '' ''OK'', I sed in a sexy mood. She came out 5 minuts latr wid a cake...n My Wife,",ham
"No, I was trying it all weekend ;V",ham
If I die I want u to have all my stuffs.,ham
RCT' THNQ Adrian for U text. Rgds Vatian,spam
I'm done. C ü there.,ham
How is it possible to teach you. And where.,ham
You can jot down things you want to remember later.,ham
I will take care of financial problem.i will help:),ham
Boo what time u get out? U were supposed to take me shopping today. :(,ham
Not course. Only maths one day one chapter with in one month we can finish.,ham
I dont understand your message.,ham
Ok no prob. Take ur time.,ham
"No idea, I guess we'll work that out an hour after we're supposed to leave since as usual nobody has any interest in figuring shit out before the last second",ham
PRIVATE! Your 2003 Account Statement for 07973788240 shows 800 un-redeemed S. I. M. points. Call 08715203649 Identifier Code: 40533 Expires 31/10/04,spam
Yeah it's jus rite...,ham
Ok lor wat time ü finish?,ham
Ur cash-balance is currently 500 pounds - to maximize ur cash-in now send GO to 86688 only 150p/meg. CC: 08718720201 HG/Suite342/2lands Row/W1j6HL,spam
You call him and tell now infront of them. Call him now.,ham
Congratulations ur awarded either £500 of CD gift vouchers & Free entry 2 our £100 weekly draw txt MUSIC to 87066 TnCs www.Ldew.com 1 win150ppmx3age16,spam
Missed your call cause I was yelling at scrappy. Miss u. Can't wait for u to come home. I'm so lonely today.,ham
U R THE MOST BEAUTIFUL GIRL IVE EVER SEEN. U R MY BABY COME AND C ME IN THE COMMON ROOM,ham
"U can WIN £100 of Music Gift Vouchers every week starting NOW Txt the word DRAW to 87066 TsCs www.Idew.com SkillGame, 1Winaweek, age16. 150ppermessSubscription",spam
"Not for possession, especially not first offense",ham
K.k:)apo k.good movie.,ham
Want explicit SEX in 30 secs? Ring 02073162414 now! Costs 20p/min,spam
"Since when, which side, any fever, any vomitin.",ham
Wat's my dear doing? Sleeping ah?,ham
U sleeping now.. Or you going to take? Haha.. I got spys wat.. Me online checking n replying mails lor..,ham
"I am in tirupur da, once you started from office call me.",ham
Y ü wan to go there? C doctor?,ham
Too late. I said i have the website. I didn't i have or dont have the slippers,ham
Once free call me sir. I am waiting for you.,ham
XMAS Prize draws! We are trying to contact U. Todays draw shows that you have won a £2000 prize GUARANTEED. Call 09058094565 from land line. Valid 12hrs only,spam
"K, wat s tht incident?",ham
"Hello darling how are you today? I would love to have a chat, why dont you tell me what you look like and what you are in to sexy?",spam
"Hey, iouri gave me your number, I'm wylie, ryan's friend",ham
Im good! I have been thinking about you...,ham
"Call me when you/carlos is/are here, my phone's vibrate is acting up and I might not hear texts",ham
Den wat will e schedule b lk on sun?,ham
Understand. his loss is my gain :) so do you work? School?,ham
"awesome, how do I deal with the gate? Charles told me last night but, uh, yeah",ham
No sir. That's why i had an 8-hr trip on the bus last week. Have another audition next wednesday but i think i might drive this time.,ham
So i asked how's anthony. Dad. And your bf,ham
"Sorry, I'll call later in meeting.",ham
"Night night, see you tomorrow",ham
Hmmm:)how many players selected?,ham
Sorry completely forgot * will pop em round this week if your still here?,ham
RT-KIng Pro Video Club>> Need help? info@ringtoneking.co.uk or call 08701237397 You must be 16+ Club credits redeemable at www.ringtoneking.co.uk! Enjoy!,spam
I'll be late...,ham
What happen to her tell the truth,ham
I plane to give on this month end.,ham
No she didnt. I will search online and let you know.,ham
"Text82228>> Get more ringtones, logos and games from www.txt82228.com. Questions: info@txt82228.co.uk",spam
IM GONNAMISSU SO MUCH!!I WOULD SAY IL SEND U A POSTCARD BUTTHERES ABOUTAS MUCH CHANCE OF MEREMEMBERIN ASTHERE IS OFSI NOT BREAKIN HIS CONTRACT!! LUV Yaxx,ham
You need to get up. Now.,ham
Thanks for ve lovely wisheds. You rock,ham
"Hello. No news on job, they are making me wait a fifth week! Yeah im up for some woozles and weasels... In exeter still, but be home about 3.",ham
"As usual..iam fine, happy &amp; doing well..:)",ham
"That's good, because I need drugs",ham
What u talking bout early morning? It's almost noon where your at!,ham
FREE entry into our £250 weekly competition just text the word WIN to 80086 NOW. 18 T&C www.txttowin.co.uk,spam
My sis is catching e show in e afternoon so i'm not watching w her. So c u wan 2 watch today or tmr lor.,ham
What time you think you'll have it? Need to know when I should be near campus,ham
What class of  &lt;#&gt;  reunion?,ham
Or u ask they all if next sat can a not. If all of them can make it then i'm ok lor.,ham
"Why is that, princess? I bet the brothas are all chasing you!",ham
Y bishan lei... I tot ü say lavender?,ham
Eat jap done oso aft ur lect wat... Ü got lect at 12 rite...,ham
"Aight, I'll ask a few of my roommates",ham
"Ok omw now, you at castor?",ham
Doesn't g have class early tomorrow and thus shouldn't be trying to smoke at  &lt;#&gt;,ham
Sounds like something that someone testing me would sayy,ham
"Welcome to Select, an O2 service with added benefits. You can now call our specially trained advisors FREE from your mobile by dialling 402.",spam
I'm not coming home 4 dinner.,ham
Are you coming to day for class.,ham
"Oh, yes, I've just been a little under the weather so i've kind of been coccooning at home",ham
Nothing will ever be easy. But don't be looking for a reason not to take a risk on life and love,ham
YES! The only place in town to meet exciting adult singles is now in the UK. Txt CHAT to 86688 now! 150p/Msg.,spam
Panasonic & BluetoothHdset FREE. Nokia FREE. Motorola FREE & DoubleMins & DoubleTxt on Orange contract. Call MobileUpd8 on 08000839402 or call 2optout,spam
What happen dear tell me,ham
What time you thinkin of goin?,ham
We can go 4 e normal pilates after our intro...,ham
K..then come wenever u lik to come and also tel vikky to come by getting free time..:-),ham
PRIVATE! Your 2003 Account Statement for 078,spam
Ok lor. Msg me b4 u call.,ham
You have an important customer service announcement from PREMIER. Call FREEPHONE 0800 542 0578 now!,spam
"I'm eatin now lor, but goin back to work soon... E mountain deer show huh... I watch b4 liao, very nice...",ham
Great! I shoot big loads so get ready!,ham
Ard 530 like dat lor. We juz meet in mrt station then ü dun haf to come out.,ham
Ü no home work to do meh...,ham
Kallis is ready for bat in 2nd innings,ham
Thinkin about someone is all good. No drugs for that,ham
"Urgh, coach hot, smells of chip fat! Thanks again, especially for the duvet (not a predictive text word).",ham
"FR'NDSHIP is like a needle of a clock. Though V r in d same clock, V r nt able 2 met. Evn if V meet,itz only 4few seconds. Bt V alwys stay conected. Gud 9t;-)",ham
No shoot me. I'm in the docs waiting room. :/,ham
"Cool breeze... Bright sun... Fresh flower... Twittering birds... All these waiting to wish u: ""GOODMORNING &amp; HAVE A NICE DAY"" :)",ham
Please CALL 08712402902 immediately as there is an urgent message waiting for you.,spam
Thank u. IT BETTER WORK OUT CAUSE I WILL FEEL USED OTHERWISE,ham
Hey you told your name to gautham ah?,ham
* You gonna ring this weekend or wot?,ham
Hey i booked the kb on sat already... what other lessons are we going for ah? Keep your sat night free we need to meet and confirm our lodging,ham
Ugh. Gotta drive back to sd from la. My butt is sore.,ham
We r outside already.,ham
What's up. Do you want me to come online?,ham
Lol yeah at this point I guess not,ham
"Now u sound like manky scouse boy steve,like! I is travelling on da bus home.wot has u inmind 4 recreation dis eve?",ham
8007 25p 4 Alfie Moon's Children in Need song on ur mob. Tell ur m8s. Txt TONE CHARITY to 8007 for nokias or POLY CHARITY for polys :zed 08701417012 profit 2 charity,spam
Hey so this sat are we going for the intro pilates only? Or the kickboxing too?,ham
"Xmas & New Years Eve tickets are now on sale from the club, during the day from 10am till 8pm, and on Thurs, Fri & Sat night this week. They're selling fast!",spam
at bruce b downs &amp; fletcher now,ham
Sorry i din lock my keypad.,ham
"Ok da, i already planned. I wil pick you.",ham
Wat ü doing now?,ham
He fucking chickened out. He messaged me he would be late and woould buzz me and then I didn't hear a word from him,ham
"I met you as a stranger and choose you as my friend. As long as the world stands, our friendship never ends. Lets be Friends forever!!! Gud nitz...",ham
"TheMob> Check out our newest selection of content, Games, Tones, Gossip, babes and sport, Keep your mobile fit and funky text WAP to 82468",spam
"As I entered my cabin my PA said, '' Happy B'day Boss !!''. I felt special. She askd me 4 lunch. After lunch she invited me to her apartment. We went there.",ham
Double your mins & txts on Orange or 1/2 price linerental - Motorola and SonyEricsson with B/Tooth FREE-Nokia FREE Call MobileUpd8 on 08000839402 or2optout/HV9D,spam
No..he joined today itself.,ham
"Just arrived, see you in a couple days &lt;3",ham
MY NEW YEARS EVE WAS OK. I WENT TO A PARTY WITH MY BOYFRIEND. WHO IS THIS SI THEN HEY,ham
ok. I am a gentleman and will treat you with dignity and respect.,ham
Sounds great! Im going to sleep now. Have a good night!,ham
"Yo, the game almost over? Want to go to walmart soon",ham
Do you know where my lab goggles went,ham
Probably a couple hours tops,ham
Infact happy new year. How are you where are you when are we seeing,ham
U are subscribed to the best Mobile Content Service in the UK for £3 per ten days until you send STOP to 83435. Helpline 08706091795.,spam
18 days to Euro2004 kickoff! U will be kept informed of all the latest news and results daily. Unsubscribe send GET EURO STOP to 83222.,spam
Free 1st week entry 2 TEXTPOD 4 a chance 2 win 40GB iPod or £250 cash every wk. Txt POD to 84128 Ts&Cs www.textpod.net custcare 08712405020.,spam
"Not yet chikku..k, then wat abt tht guy did he stopped irritating or msging to u..",ham
"Well, I meant as opposed to my drunken night of before",ham
"Multiply the numbers independently and count decimal points then, for the division, push the decimal places like i showed you.",ham
Bring tat cd don forget,ham
"I think your mentor is , but not 100 percent sure.",ham
You have registered Sinco as Payee. Log in at icicibank.com and enter URN  &lt;#&gt;  to confirm. Beware of frauds. Do NOT share or disclose URN to anyone.,ham
Can u look 4 me in da lib i got stuff havent finish yet.,ham
I want to sent  &lt;#&gt; mesages today. Thats y. Sorry if i hurts,ham
Please CALL 08712402972 immediately as there is an urgent message waiting for you,spam
Nothing just getting msgs by dis name wit different no's..,ham
"Haha yeah I see that now, be there in a sec",ham
i thought we were doing a king of the hill thing there.,ham
U dun say so early hor... U c already then say...,ham
No. But we'll do medical missions to nigeria,ham
"I'd say that's a good sign but, well, you know my track record at reading women",ham
Badrith is only for chennai:)i will surely pick for us:)no competition for him.,ham
Much better now thanks lol,ham
"Dear Sir,Salam Alaikkum.Pride and Pleasure meeting you today at the Tea Shop.We are pleased to send you our contact number at Qatar.Rakhesh an Indian.Pls save our Number.Respectful Regards.",ham
Prakesh is there know.,ham
"Anyway I don't think I can secure anything up here, lemme know if you want me to drive down south and chill",ham
We are supposed to meet to discuss abt our trip... Thought xuhui told you? In the afternoon. Thought we can go for lesson after that,ham
"Dear relieved of westonzoyland, all going to plan this end too!",ham
Your credits have been topped up for http://www.bubbletext.com Your renewal Pin is tgxxrz,spam
Yup i'm still having coffee wif my frens... My fren drove she'll give me a lift...,ham
"Call me. I m unable to cal. Lets meet bhaskar, and deep",ham
Yup i'm free...,ham
Was playng 9 doors game and gt racing on phone lol,ham
I'm home.,ham
So are you guys asking that i get that slippers again or its gone with last year,ham
oh ya... Got hip hop open. Haha i was thinking can go for jazz then zoom to cine... Actually tonight i'm free leh... And there's a kb lesson tonight,ham
Hahaha..use your brain dear,ham
"K, if u bored up just come to my home..",ham
Havent stuck at orchard in my dad's car. Going 4 dinner now. U leh? So r they free tonight?,ham
I dont want to hear philosophy. Just say what happen,ham
You have won a guaranteed £200 award or even £1000 cashto claim UR award call free on 08000407165 (18+) 2 stop getstop on 88222 PHP. RG21 4JX,spam
Can you let me know details of fri when u find out cos I'm not in tom or fri. mentionned chinese. Thanks,ham
"Hi, my love! How goes that day? Fuck, this morning I woke and dropped my cell on the way down the stairs but it seems alright ... *phews* I miss you !",ham
Reckon need to be in town by eightish to walk from * carpark.,ham
"OH MR SHEFFIELD! You wanna play THAT game, okay. You're the boss and I'm the nanny. You give me a raise and I'll give YOU one!!",ham
Nope i'm not drivin... I neva develop da photos lei...,ham
Then ü ask dad to pick ü up lar... Ü wan 2 stay until 6 meh...,ham
"I got like $ &lt;#&gt; , I can get some more later though. Get whatever you feel like",ham
Go where n buy? Juz buy when we get there lar.,ham
"Well, i'm glad you didn't find it totally disagreeable ... Lol",ham
"Our dating service has been asked 2 contact U by someone shy! CALL 09058091870 NOW all will be revealed. POBox84, M26 3UZ 150p",spam
network operator. The service is free. For T & C's visit 80488.biz,spam
The bus leaves at  &lt;#&gt;,ham
"Haha, my friend tyler literally just asked if you could get him a dubsack",ham
Wow so healthy. Old airport rd lor. Cant thk of anything else. But i'll b bathing my dog later.,ham
How come u got nothing to do?,ham
"I.ll always be there, even if its just in spirit. I.ll get a bb soon. Just trying to be sure i need it.",ham
"OH YEAH,AND HAV A GREAT TIME IN NEWQUAY-SEND ME A POSTCARD !1 LOOK AFTER ALL THE GIRLS WHILE IM GONE(U KNOW THE 1IM TALKIN BOUT!)xx",ham
Just come home. I don't want u to be miserable,ham
I have to take exam with in march 3,ham
Hey cutie. How goes it? Here in WALES its kinda ok. There is like hills and shit but i still avent killed myself.,ham
2 and half years i missed your friendship:-),ham
Probably earlier than that if the station's where I think it is,ham
Dear Dave this is your final notice to collect your 4* Tenerife Holiday or #5000 CASH award! Call 09061743806 from landline. TCs SAE Box326 CW25WX 150ppm,spam
"Yeah go on then, bored and depressed sittin waitin for phone to ring... Hope the wind drops though, scary",ham
Oh Howda gud gud.. Mathe en samachara chikku:-),ham
Well I wasn't available as I washob nobbing with last night so they had to ask Nickey Platt instead of me!;,ham
Lol ok ill try to send. Be warned Sprint is dead slow. You'll prolly get it tomorrow,ham
Does uncle timi help in clearing cars,ham
Do you still have the grinder?,ham
You didnt complete your gist oh.,ham
i see. When we finish we have loads of loans to pay,ham
I have a rather prominent bite mark on my right cheek,ham
Yar lor... Keep raining non stop... Or u wan 2 go elsewhere?,ham
Good sleep is about rhythm. The person has to establish a rhythm that the body will learn and use. If you want to know more :-),ham
"all the lastest from Stereophonics, Marley, Dizzee Racal, Libertines and The Strokes! Win Nookii games with Flirt!! Click TheMob WAP Bookmark or text WAP to 82468",spam
Pls give her the food preferably pap very slowly with loads of sugar. You can take up to an hour to give it. And then some water. Very very slowly.,ham
I think its far more than that but find out. Check google maps for a place from your dorm.,ham
"* Was a nice day and, impressively, i was sensible, went home early and now feel fine. Or am i just boring?! When's yours, i can't remember.",ham
In e msg jus now. U said thanks for gift.,ham
Good. do you think you could send me some pix? I would love to see your top and bottom...,ham
Congratulations ur awarded 500 of CD vouchers or 125gift guaranteed & Free entry 2 100 wkly draw txt MUSIC to 87066 TnCs www.Ldew.com1win150ppmx3age16,spam
"Yo, call me when you get the chance, a friend of mine wanted me to ask you about a big order",ham
"(I should add that I don't really care and if you can't I can at least get this dude to fuck off but hey, your money if you want it)",ham
Yup bathe liao...,ham
Am only searching for good dual sim mobile pa.,ham
Ok. I asked for money how far,ham
Long time. You remember me today.,ham
I just saw ron burgundy captaining a party boat so yeah,ham
Asking do u knw them or nt? May be ur frnds or classmates?,ham
Same to u...,ham
"I got arrested for possession at, I shit you not,  &lt;TIME&gt;  pm",ham
When can ü come out?,ham
"Haha get used to driving to usf man, I know a lot of stoners",ham
"Hi, the SEXYCHAT girls are waiting for you to text them. Text now for a great night chatting. send STOP to stop this service",spam
We will meet soon princess! Ttyl!,ham
Babes I think I got ur brolly I left it in English wil bring it in 2mrw 4 u luv Franxx,ham
Misplaced your number and was sending texts to your old number. Wondering why i've not heard from you this year. All the best in your mcat. Got this number from my atlanta friends,ham
Hello boytoy ! Geeee ... I'm missing you today. I like to send you a tm and remind you I'm thinking of you ... And you are loved ... *loving kiss*,ham
Jamster! To get your free wallpaper text HEART to 88888 now! T&C apply. 16 only. Need Help? Call 08701213186.,spam
No go. No openings for that room 'til after thanksgiving without an upcharge.,ham
No it's waiting in e car dat's bored wat. Cos wait outside got nothing 2 do. At home can do my stuff or watch tv wat.,ham
I REALLY NEED 2 KISS U I MISS U MY BABY FROM UR BABY 4EVA,ham
Check Out Choose Your Babe Videos @ sms.shsex.netUN fgkslpoPW fgkslpo,spam
No I'm in the same boat. Still here at my moms. Check me out on yo. I'm half naked.,ham
Ryder unsold.now gibbs.,ham
Busy here. Trying to finish for new year. I am looking forward to finally meeting you...,ham
Life spend with someone for a lifetime may be meaningless but a few moments spent with someone who really love you means more than life itself..,ham
U still painting ur wall?,ham
I need you to be in my strong arms...,ham
Want 2 get laid tonight? Want real Dogging locations sent direct 2 ur Mob? Join the UK's largest Dogging Network by txting MOAN to 69888Nyt. ec2a. 31p.msg@150p,spam
That sucks. So what do you got planned for your yo valentine? I am your yo valentine aren't I?,ham
Hey i will be late... i'm at amk. Need to drink tea or coffee,ham
Is fujitsu s series lifebook good?,ham
I'll talk to the others and probably just come early tomorrow then,ham
Yesterday its with me only . Now am going home.,ham
Back 2 work 2morro half term over! Can U C me 2nite 4 some sexy passion B4 I have 2 go back? Chat NOW 09099726481 Luv DENA Calls £1/minMobsmoreLKPOBOX177HP51FL,spam
E admin building there? I might b slightly earlier... I'll call u when i'm reaching...,ham
"Haven't found a way to get another app for your phone, eh ? Will you go to the net cafe ? Did you take that job? Geeee I need you babe. I crave to see you ...",ham
And several to you sir.,ham
Lol enjoy role playing much?,ham
The battery is for mr adewale my uncle. Aka Egbon,ham
"Under the sea, there lays a rock. In the rock, there is an envelope. In the envelope, there is a paper. On the paper, there are 3 words... '",ham
Just chill for another 6hrs. If you could sleep the pain is not a surgical emergency so see how it unfolds. Okay,ham
"I can't, I don't have her number!",ham
Hi:)cts employee how are you?,ham
K then 2marrow are you coming to class.,ham
Send this to ur friends and receive something about ur voice..... How is my speaking expression? 1.childish 2.naughty 3.Sentiment 4.rowdy 5.ful of attitude 6.romantic 7.shy 8.Attractive 9.funny  &lt;#&gt; .irritating  &lt;#&gt; .lovable. reply me..,ham
I reach home safe n sound liao...,ham
From someone not to smoke when every time I've smoked in the last two weeks is because of you calling or texting me that you wanted to smoke,ham
Dnt worry...use ice pieces in a cloth pack.also take 2 tablets.,ham
I want kfc its Tuesday. Only buy 2 meals ONLY 2. No gravy. Only 2 Mark. 2!,ham
"Cool, what time you think you can get here?",ham
Havent planning to buy later. I check already lido only got 530 show in e afternoon. U finish work already?,ham
I will be gentle princess! We will make sweet gentle love...,ham
Are there TA jobs available? Let me know please cos i really need to start working,ham
Horrible bf... I now v hungry...,ham
She.s find. I sent you an offline message to know how anjola's now.,ham
Wat time ü wan today?,ham
"No dude, its not fake..my frnds got money, thts y i'm reffering u..if u member wit my mail link, u vl be credited  &lt;#&gt; rs and il be getiing  &lt;#&gt; rs..i can draw my acc wen it is  &lt;#&gt; rs..",ham
"Cool, I'll text you in a few",ham
"Hi there, 2nights ur lucky night! Uve been invited 2 XCHAT, the Uks wildest chat! Txt CHAT to 86688 now! 150p/MsgrcvdHG/Suite342/2Lands/Row/W1J6HL LDN 18yrs",spam
Hey whats up? U sleeping all morning?,ham
I miss you so much I'm so desparate I have recorded the message you left for me the other day and listen to it just to hear the sound of your voice. I love you,ham
Ok give me 5 minutes I think I see her. BTW you're my alibi. You were cutting my hair the whole time.,ham
Hello handsome ! Are you finding that job ? Not being lazy ? Working towards getting back that net for mummy ? Where's my boytoy now ? Does he miss me ?,ham
I'm home...,ham
Tomarrow i want to got to court. At  &lt;DECIMAL&gt; . So you come to bus stand at 9.,ham
"Urgent! Please call 0906346330. Your ABTA complimentary 4* Spanish Holiday or £10,000 cash await collection SAE T&Cs BOX 47 PO19 2EZ 150ppm 18+",spam
Aiya we discuss later lar... Pick ü up at 4 is it?,ham
I'm in a movie... Collect car oredi...,ham
"44 7732584351, Do you want a New Nokia 3510i colour phone DeliveredTomorrow? With 300 free minutes to any mobile + 100 free texts + Free Camcorder reply or call 08000930705.",spam
"Yes, princess. Are you going to make me moan?",ham
Good morning. At the repair shop--the ONLY reason i'm up at this hour.,ham
"You can stop further club tones by replying ""STOP MIX"" See my-tone.com/enjoy. html for terms. Club tones cost GBP4.50/week. MFL, PO Box 1146 MK45 2WT (2/3)",spam
Wat uniform? In where get?,ham
Yo sorry was in the shower sup,ham
Mum say we wan to go then go... Then she can shun bian watch da glass exhibition...,ham
Free video camera phones with Half Price line rental for 12 mths and 500 cross ntwk mins 100 txts. Call MobileUpd8 08001950382 or Call2OptOut/674,spam
Jason says it's cool if we pick some up from his place in like an hour,ham
You could have seen me..i did't recognise you Face.:),ham
"Al he does is moan at me if n e thin goes wrong its my fault&al de arguments r my fault&fed up of him of himso y bother? Hav 2go, thanx.xx",ham
Well done and ! luv ya all,ham
I'm not. She lip synced with shangela.,ham
Shopping? Eh ger i toking abt syd leh...Haha,ham
"""Hi its Kate it was lovely to see you tonight and ill phone you tomorrow. I got to sing and a guy gave me his card! xxx""",ham
"Sounds gd... Haha... Can... Wah, u yan jiu so fast liao...",ham
"Haha awesome, I've been to 4u a couple times. Who all's coming?",ham
HI DARLIN IM MISSIN U HOPE YOU ARE HAVING A GOOD TIME. WHEN ARE U BACK AND WHAT TIME IF U CAN GIVE ME A CALL AT HOME. JESS XX,ham
Please dont say like that. Hi hi hi,ham
Dear i have reache room,ham
Sorry dude. Dont know how i forgot. Even after Dan reminded me. Sorry. Hope you guys had fun.,ham
Smith waste da.i wanna gayle.,ham
It's é only $140 ard...É rest all ard $180 at least...Which is é price 4 é 2 bedrm ($900),ham
No current and food here. I am alone also,ham
"We're all getting worried over here, derek and taylor have already assumed the worst",ham
Ron say fri leh. N he said ding tai feng cant make reservations. But he said wait lor.,ham
08714712388 between 10am-7pm Cost 10p,spam
"Ta-Daaaaa! I am home babe, are you still up ?",ham
"Dad wanted to talk about the apartment so I got a late start, omw now",ham
University of southern california.,ham
Indeed and by the way it was either or - not both !,ham
HI BABE U R MOST LIKELY TO BE IN BED BUT IM SO SORRY ABOUT TONIGHT! I REALLY WANNA SEE U TOMORROW SO CALL ME AT 9. LOVE ME XXX,ham
"My fri ah... Okie lor,goin 4 my drivin den go shoppin after tt...",ham
Ya that one is slow as poo,ham
"Hmmm ... I thought we said 2 hours slave, not 3 ... You are late ... How should I punish you ?",ham
Me too! Have a lovely night xxx,ham
Please call our customer service representative on 0800 169 6031 between 10am-9pm as you have WON a guaranteed £1000 cash or £5000 prize!,spam
"I guess you could be as good an excuse as any, lol.",ham
"Thank you. And by the way, I just lost.",ham
Ok.,ham
What is important is that you prevent dehydration by giving her enough fluids,ham
So what do you guys do.,ham
I jokin oni lar.. Ü busy then i wun disturb ü.,ham
Carlos'll be here in a minute if you still need to buy,ham
She ran off with a younger man. we will make pretty babies together :),ham
Hi this is yijue... It's regarding the 3230 textbook it's intro to algorithms second edition... I'm selling it for $50...,ham
Ya just telling abt tht incident..,ham
Yup i'm elaborating on the safety aspects and some other issues..,ham
it's still not working. And this time i also tried adding zeros. That was the savings. The checking is  &lt;#&gt;,ham
Free msg: Single? Find a partner in your area! 1000s of real people are waiting to chat now!Send CHAT to 62220Cncl send STOPCS 08717890890£1.50 per msg,spam
"Thursday night? Yeah, sure thing, we'll work it out then",ham
So ü'll be submitting da project tmr rite?,ham
S:-)kallis wont play in first two odi:-),ham
I'll let you know when it kicks in,ham
Both :) i shoot big loads so get ready!,ham
Already am squatting is the new way of walking,ham
Then we wait 4 u lor... No need 2 feel bad lar...,ham
"Good afternoon sexy buns! How goes the job search ? I wake and you are my first thought as always, my love. I wish your fine and happy and know I adore you!",ham
I am getting threats from your sales executive Shifad as i raised complaint against him. Its an official message.,ham
And you! Will expect you whenever you text! Hope all goes well tomo,ham
No. Thank you. You've been wonderful,ham
Do you know what Mallika Sherawat did yesterday? Find out now @  &lt;URL&gt;,ham
FREE MSG:We billed your mobile number by mistake from shortcode 83332.Please call 08081263000 to have charges refunded.This call will be free from a BT landline,spam
"I'll get there at 3, unless you guys want me to come some time sooner",ham
Well that must be a pain to catch,ham
On ma way to school. Can you pls send me ashley's number,ham
No. It's not pride. I'm almost  &lt;#&gt;  years old and shouldn't be takin money from my kid. You're not supposed to have to deal with this stuff. This is grownup stuff--why i don't tell you.,ham
Lol I would but my mom would have a fit and tell the whole family how crazy and terrible I am,ham
Cancel cheyyamo?and get some money back?,ham
Should I head straight there or what,ham
Ok enjoy . R u there in home.,ham
Even if he my friend he is a priest call him now,ham
Your weekly Cool-Mob tones are ready to download !This weeks new Tones include: 1) Crazy Frog-AXEL F>>> 2) Akon-Lonely>>> 3) Black Eyed-Dont P >>>More info in n,spam
Oops my phone died and I didn't even know. Yeah I like it better.,ham
You have 1 new voicemail. Please call 08719181513.,spam
Good evening! this is roger. How are you?,ham
I like cheap! But i‘m happy to splash out on the wine if it makes you feel better..,ham
Lol I was gonna last month. I cashed some in but I left &lt;#&gt; just in case. I was collecting more during the week cause they announced it on the blog.,ham
Ok ill tell the company,ham
Haven't eaten all day. I'm sitting here staring at this juicy pizza and I can't eat it. These meds are ruining my life.,ham
Ok. There may be a free gym about.,ham
"Want to funk up ur fone with a weekly new tone reply TONES2U 2 this text. www.ringtones.co.uk, the original n best. Tones 3GBP network operator rates apply",spam
S.this will increase the chance of winning.,ham
So do you have samus shoulders yet,ham
Ok. How many should i buy.,ham
Yes.he have good crickiting mind,ham
Summers finally here! Fancy a chat or flirt with sexy singles in yr area? To get MATCHED up just reply SUMMER now. Free 2 Join. OptOut txt STOP Help08714742804,spam
I will come tomorrow di,ham
Now get step 2 outta the way. Congrats again.,ham
My tuition is at 330. Hm we go for the 1120 to 1205 one? Do you mind?,ham
Sday only joined.so training we started today:),ham
Lol ... I really need to remember to eat when I'm drinking but I do appreciate you keeping me company that night babe *smiles*,ham
All these nice new shirts and the only thing I can wear them to is nudist themed ;_; you in mu?,ham
"Sir, I have been late in paying rent for the past few months and had to pay a $ &lt;#&gt;  charge. I felt it would be inconsiderate of me to nag about something you give at great cost to yourself and that's why i didnt speak up. I however am in a recession and wont be able to pay the charge this month hence my askin well ahead of month's end. Can you please help. Thanks",ham
There the size of elephant tablets & u shove um up ur ass!!,ham
"You have won ?1,000 cash or a ?2,000 prize! To claim, call09050000327",spam
"Someone U know has asked our dating service 2 contact you! Cant Guess who? CALL 09058097189 NOW all will be revealed. POBox 6, LS15HB 150p",spam
"Yeah that's what I thought, lemme know if anything's goin on later",ham
Its sarcasm.. .nt scarcasim,ham
Hey mr  and I are going to the sea view and having a couple of gays I mean games! Give me a bell when ya finish,ham
G wants to know where the fuck you are,ham
I'm vivek:)i got call from your number.,ham
It so happens that there r 2waxsto do wat you want. She can come and ill get her medical insurance. And she'll be able to deliver and have basic care. I'm currently shopping for the right medical insurance for her. So just give me til friday morning. Thats when i.ll see the major person that can guide me to the right insurance.,ham
Please da call me any mistake from my side sorry da. Pls da goto doctor.,ham
"Are you being good, baby? :)",ham
Hi its me you are probably having too much fun to get this message but i thought id txt u cos im bored! and james has been farting at me all night,ham
Where's mummy's boy ? Is he being good or bad ? Is he being positive or negative ? Why is mummy being made to wait? Hmmmm?,ham
Send his number and give reply tomorrow morning for why you said that to him like that ok,ham
Hi:)did you asked to waheeda fathima about leave?,ham
My love ... I hope your not doing anything drastic. Don't you dare sell your pc or your phone ...,ham
There is a first time for everything :),ham
"In The Simpsons Movie released in July 2007 name the band that died at the start of the film? A-Green Day, B-Blue Day, C-Red Day. (Send A, B or C)",spam
Sorry da..today i wont come to play..i have driving clas..,ham
THING R GOOD THANX GOT EXAMS IN MARCH IVE DONE NO REVISION? IS FRAN STILL WITH BOYF? IVE GOTTA INTERVIW 4 EXETER BIT WORRIED!x,ham
I'll probably be by tomorrow (or even later tonight if something's going on),ham
"Open rebtel with firefox. When it loads just put plus sign in the user name place, and it will show you two numbers. The lower number is my number. Once you pick that number the pin will display okay!",ham
That's y u haf 2 keep me busy...,ham
"He will, you guys close?",ham
Oh :-)only 4 outside players allowed to play know,ham
Message Important information for O2 user. Today is your lucky day! 2 find out why log onto http://www.urawinner.com there is a fantastic surprise awaiting you,spam
No prob. I will send to your email.,ham
:-( that's not v romantic!,ham
Mum not going robinson already.,ham
HMV BONUS SPECIAL 500 pounds of genuine HMV vouchers to be won. Just answer 4 easy questions. Play Now! Send HMV to 86688 More info:www.100percent-real.com,spam
Wanna get laid 2nite? Want real Dogging locations sent direct to ur mobile? Join the UK's largest Dogging Network. Txt PARK to 69696 now! Nyt. ec2a. 3lp £1.50/msg,spam
WHAT TIME U WRKIN?,ham
"Xmas Offer! Latest Motorola, SonyEricsson & Nokia & FREE Bluetooth or DVD! Double Mins & 1000 Txt on Orange. Call MobileUpd8 on 08000839402 or call2optout/4QF2",spam
"Solve d Case : A Man Was Found Murdered On  &lt;DECIMAL&gt; . &lt;#&gt;  AfterNoon. 1,His wife called Police. 2,Police questioned everyone. 3,Wife: Sir,I was sleeping, when the murder took place. 4.Cook: I was cooking. 5.Gardener: I was picking vegetables. 6.House-Maid: I went 2 d post office. 7.Children: We went 2 play. 8.Neighbour: We went 2 a marriage. Police arrested d murderer Immediately. Who's It? Reply With Reason, If U r Brilliant.",ham
Dear :-/ why you mood off. I cant drive so i brother to drive,ham
I'll pick you up at about 5.15pm to go to taunton if you still want to come.,ham
"Nope, I'm still in the market",ham
Hi there. We have now moved in2 our pub . Would be great 2 c u if u cud come up.,ham
Still chance there. If you search hard you will get it..let have a try :),ham
How come?,ham
Black shirt n blue jeans... I thk i c ü...,ham
I dont know exactly could you ask chechi.,ham
Apo all other are mokka players only,ham
Finally the match heading towards draw as your prediction.,ham
Wat time u finish ur lect today?,ham
Hurry home. Soup is DONE!,ham
God's love has no limit. God's grace has no measure. God's power has no boundaries. May u have God's endless blessings always in ur life...!! Gud ni8,ham
No da if you run that it activate the full version da.,ham
Aiyo cos i sms ü then ü neva reply so i wait 4 ü to reply lar. I tot ü havent finish ur lab wat.,ham
Many times we lose our best ones bcoz we are,ham
I donno if they are scorable,ham
You have an important customer service announcement from PREMIER.,spam
All day working day:)except saturday and sunday..,ham
He needs to stop going to bed and make with the fucking dealing,ham
"That's very rude, you on campus?",ham
I can't believe how attached I am to seeing you every day. I know you will do the best you can to get to me babe. I will go to teach my class at your midnight,ham
Cant think of anyone with * spare room off * top of my head,ham
Hard LIVE 121 chat just 60p/min. Choose your girl and connect LIVE. Call 09094646899 now! Cheap Chat UK's biggest live service. VU BCM1896WC1N3XX,spam
"sorry brah, just finished the last of my exams, what up",ham
Dunno lei... I might b eatin wif my frens... If ü wan to eat then i wait 4 ü lar,ham
Mobile Club: Choose any of the top quality items for your mobile. 7cfca1a,spam
Huh but i got lesson at 4 lei n i was thinkin of going to sch earlier n i tot of parkin at kent vale...,ham
"I just lov this line: ""Hurt me with the truth, I don't mind,i wil tolerat.bcs ur my someone..... But, Never comfort me with a lie"" gud ni8 and sweet dreams",ham
"Hi, wkend ok but journey terrible. Wk not good as have huge back log of marking to do",ham
what number do u live at? Is it 11?,ham
How are you holding up?,ham
Not from this campus. Are you in the library?,ham
Try to do something dear. You read something for exams,ham
Where are the garage keys? They aren't on the bookshelf,ham
"Whenevr ur sad, Whenevr ur gray, Remembr im here 2 listn 2 watevr u wanna say, Jus walk wid me a little while,&amp; I promise I'll bring back ur smile.:-)",ham
Or just do that 6times,ham
Shall i send that exe to your mail id.,ham
Oi when you gonna ring,ham
GENT! We are trying to contact you. Last weekends draw shows that you won a £1000 prize GUARANTEED. Call 09064012160. Claim Code K52. Valid 12hrs only. 150ppm,spam
cThen i thk shd b enuff.. Still got conclusion n contents pg n references.. I'll b doing da contents pg n cover pg..,ham
"Oops - am at my mum's in somerset... Bit far! Back tomo, see you soon x",ham
"A bit of Ur smile is my hppnss, a drop of Ur tear is my sorrow, a part of Ur heart is my life, a heart like mine wil care for U, forevr as my GOODFRIEND",ham
"Dear,regret i cudnt pick call.drove down frm ctla now at cochin home.left mobile in car..ente style ishtamayoo?happy bakrid!",ham
Aiyo please ü got time meh.,ham
Why you Dint come with us.,ham
Yes princess! I want to catch you with my big strong hands...,ham
Yo we are watching a movie on netflix,ham
"Don't worry though, I understand how important it is that I be put in my place with a poorly thought out punishment in the face of the worst thing that has ever happened to me. Brb gonna go kill myself",ham
"Ditto. And you won't have to worry about me saying ANYTHING to you anymore. Like i said last night, you do whatever you want and i'll do the same. Peace.",ham
"Ya, told..she was asking wats matter?",ham
Shuhui say change 2 suntec steamboat? U noe where? Where r u now?,ham
U attend ur driving lesson how many times a wk n which day?,ham
Update your face book status frequently :),ham
Hello! How's you and how did saturday go? I was just texting to see if you'd decided to do anything tomo. Not that i'm trying to invite myself or anything!,ham
"She is our sister.. She belongs 2 our family.. She is d hope of tomorrow.. Pray 4 her,who was fated 4 d Shoranur train incident. Lets hold our hands together &amp; fuelled by love &amp; concern prior 2 her grief &amp; pain. Pls join in dis chain &amp; pass it. STOP VIOLENCE AGAINST WOMEN.",ham
Hi dude hw r u da realy mising u today,ham
What???? Hello wats talks email address?,ham
"Some friends want me to drive em someplace, probably take a while",ham
Where r we meeting?,ham
K...k...when will you give treat?,ham
There is os called ubandu which will run without installing in hard disk...you can use that os to copy the important files in system and give it to repair shop..,ham
Yun buying... But school got offer 2000 plus only...,ham
"Tunde, how are you doing. This is just wishing you a great day. Abiola.",ham
Am okay. Will soon be over. All the best,ham
Hey i will be late ah... Meet you at 945+,ham
No dear i was sleeping :-P,ham
If i start sending blackberry torch to nigeria will you find buyer for me?like 4a month. And tell dad not to buy bb from anyone oh.,ham
Hope youre not having too much fun without me!! see u tomorrow love jess x,ham
Just haven't decided where yet eh ?,ham
Goodnight da thangam I really miss u dear.,ham
Pls dont forget to study,ham
Delhi and chennai still silent.,ham
Ill be there on  &lt;#&gt;  ok.,ham
U have a secret admirer who is looking 2 make contact with U-find out who they R*reveal who thinks UR so special-call on 09058094594,spam
Oops I was in the shower when u called. Hey a parking garage collapsed at university hospital. See I'm not crazy. Stuff like that DOES happen.,ham
Please call Amanda with regard to renewing or upgrading your current T-Mobile handset free of charge. Offer ends today. Tel 0845 021 3680 subject to T's and C's,spam
You are a winner U have been specially selected 2 receive £1000 cash or a 4* holiday (flights inc) speak to a live operator 2 claim 0871277810810,spam
I dled 3d its very imp,ham
"""CHEERS FOR CALLIN BABE.SOZI CULDNT TALKBUT I WANNATELL U DETAILS LATER WENWECAN CHAT PROPERLY X""",ham
Its worse if if uses half way then stops. Its better for him to complete it.,ham
"Sorry, I'll call later  &lt;#&gt; mins",ham
Have you bookedthe hut? And also your time off? How are you by the way?,ham
They have a thread on the wishlist section of the forums where ppl post nitro requests. Start from the last page and collect from the bottom up.,ham
Cool. I am  &lt;#&gt;  inches long. hope you like them big!,ham
jay says he'll put in  &lt;#&gt;,ham
Hey i've booked the pilates and yoga lesson already... Haha,ham
Can... I'm free...,ham
ROMCAPspam Everyone around should be responding well to your presence since you are so warm and outgoing. You are bringing in a real breath of sunshine.,spam
Do you want bold 2 or bb torch,ham
Haha... dont be angry with yourself... Take it as a practice for the real thing. =),ham
The length is e same but e top shorter n i got a fringe now. I thk i'm not going liao. Too lazy. Dun wan 2 distract u also.,ham
Ya! when are ü taking ure practical lessons? I start in june..,ham
I can make lasagna for you... vodka...,ham
U studying in sch or going home? Anyway i'll b going 2 sch later.,ham
"Sorry pa, i dont knw who ru pa?",ham
You tell what happen dont behave like this to me. Ok no need to say,ham
How much is blackberry bold2 in nigeria.,ham
"Miss ya, need ya, want ya, love ya.",ham
Havent shopping now lor i juz arrive only,ham
No did you check? I got his detailed message now,ham
I would but I'm still cozy. And exhausted from last night.nobody went to school or work. Everything is closed.,ham
URGENT We are trying to contact you Last weekends draw shows u have won a £1000 prize GUARANTEED Call 09064017295 Claim code K52 Valid 12hrs 150p pm,spam
"If you don't, your prize will go to another customer. T&C at www.t-c.biz 18+ 150p/min Polo Ltd Suite 373 London W1J 6HL Please call back if busy",spam
http//tms. widelive.com/index. wml?id=820554ad0a1705572711&first=true¡C C Ringtone¡,spam
Great! How is the office today?,ham
"Good afternon, my love. How are today? I hope your good and maybe have some interviews. I wake and miss you babe. A passionate kiss from across the sea",ham
"Until 545 lor... Ya, can go 4 dinner together...",ham
What do u want when i come back?.a beautiful necklace as a token of my heart for you.thats what i will give but ONLY to MY WIFE OF MY LIKING.BE THAT AND SEE..NO ONE can give you that.dont call me.i will wait till i come.,ham
U don't know how stubborn I am. I didn't even want to go to the hospital. I kept telling Mark I'm not a weak sucker. Hospitals are for weak suckers.,ham
Hi where you. You in home or calicut?,ham
"Are you sure you don't mean ""get here, we made you hold all the weed""",ham
Tell rob to mack his gf in the theater,ham
"My sister in law, hope you are having a great month. Just saying hey. Abiola",ham
Moby Pub Quiz.Win a £100 High Street prize if u know who the new Duchess of Cornwall will be? Txt her first name to 82277.unsub STOP £1.50 008704050406 SP Arrow,spam
That seems unnecessarily hostile,ham
Hello! Good week? Fancy a drink or something later?,ham
1's finish meeting call me.,ham
Send me your id and password,ham
"Well the weather in cali's great. But its complexities are great. You need a car to move freely, its taxes are outrageous. But all in all its a great place. The sad part is i missing home.",ham
I'm really not up to it still tonight babe,ham
Tone Club: Your subs has now expired 2 re-sub reply MONOC 4 monos or POLYC 4 polys 1 weekly @ 150p per week Txt STOP 2 stop This msg free Stream 0871212025016,spam
You are right. Meanwhile how's project twins comin up,ham
True dear..i sat to pray evening and felt so.so i sms'd you in some time...,ham
"Ya ok, then had dinner?",ham
"Gud gud..k, chikku tke care.. sleep well gud nyt",ham
I got it before the new year cos yetunde said she wanted to surprise you with it but when i didnt see money i returned it mid january before the  &lt;#&gt; day return period ended.,ham
Dude im no longer a pisces. Im an aquarius now.,ham
"Hi this is yijue, can i meet u at 11 tmr?",ham
Well done ENGLAND! Get the official poly ringtone or colour flag on yer mobile! text TONE or FLAG to 84199 NOW! Opt-out txt ENG STOP. Box39822 W111WX £1.50,spam
R u saying i should re order the slippers cos i had to pay for returning it.,ham
You'd like that wouldn't you? Jerk!,ham
"1) Go to write msg 2) Put on Dictionary mode 3)Cover the screen with hand, 4)Press  &lt;#&gt; . 5)Gently remove Ur hand.. Its interesting..:)",ham
I need to come home and give you some good lovin...,ham
That's y we haf to combine n c how lor...,ham
Can do lor...,ham
"Jane babes not goin 2 wrk, feel ill after lst nite. Foned in already cover 4 me chuck.:-)",ham
Our Prasanth ettans mother passed away last night. Just pray for her and family.,ham
Pls send me the correct name da.,ham
Had your mobile 11mths ? Update for FREE to Oranges latest colour camera mobiles & unlimited weekend calls. Call Mobile Upd8 on freefone 08000839402 or 2StopTx,spam
"Faith makes things possible,Hope makes things work,Love makes things beautiful,May you have all three this Christmas!Merry Christmas!",ham
"Nothing, smsing u n xy lor. Sorry lor da guys neva c u in person but they sort of know u lor. So u wan 2 meet them xy ask me 2 bring u along 4 our next meeting.",ham
C movie is juz last minute decision mah. Juz watch 2 lar but i tot ü not interested.,ham
What * u wearing?,ham
Ok... But they said i've got wisdom teeth hidden inside n mayb need 2 remove.,ham
07732584351 - Rodger Burns - MSG = We tried to call you re your reply to our sms for a free nokia mobile + free camcorder. Please call now 08000930705 for delivery tomorrow,spam
Lol yep did that yesterday. Already got my fireplace. Now its just another icon sitting there for me.,ham
PRIVATE! Your 2003 Account Statement for 07808 XXXXXX shows 800 un-redeemed S. I. M. points. Call 08719899217 Identifier Code: 41685 Expires 07/11/04,spam
cud u tell ppl im gona b a bit l8 cos 2 buses hav gon past cos they were full & im still waitin 4 1. Pete x,ham
Hi my email address has changed now it is,ham
Hi. I'm always online on yahoo and would like to chat with you someday,ham
ARE YOU IN TOWN? THIS IS V. IMPORTANT,ham
"Sir, i am waiting for your call.",ham
I anything lor.,ham
Why do you ask princess?,ham
Todays Voda numbers ending 7548 are selected to receive a $350 award. If you have a match please call 08712300220 quoting claim code 4041 standard rates app,spam
have * good weekend.,ham
If I was I wasn't paying attention,ham
WHEN THE FIRST STRIKE IS A RED ONE. THE BIRD + ANTELOPE BEGIN TOPLAY IN THE FIELDOF SELFINDEPENDENCE BELIEVE THIS + THE FLOWER OF CONTENTION WILL GROW.RANDOM!,ham
U havent lost me ill always b here 4u.i didnt intend 2 hurt u but I never knew how u felt about me when Iwas+marine&thats what itried2tell urmom.i careabout u,ham
"Shit that is really shocking and scary, cant imagine for a second. Def up for night out. Do u think there is somewhere i could crash for night, save on taxi?",ham
They released vday shirts and when u put it on it makes your bottom half naked instead of those white underwear.,ham
Ü eatin later but i'm eatin wif my frens now lei... Ü going home first?,ham
The search 4 happiness is 1 of d main sources of unhappiness! Accept life the way it comes! U will find happiness in every moment u live.,ham
Wat would u like 4 ur birthday?,ham
Urgent! Please call 09061213237 from landline. £5000 cash or a luxury 4* Canary Islands Holiday await collection. T&Cs SAE PO Box 177. M227XY. 150ppm. 16+,spam
GSOH? Good with SPAM the ladies?U could b a male gigolo? 2 join the uk's fastest growing mens club reply ONCALL. mjzgroup. 08714342399.2stop reply STOP. msg@£1.50rcvd,spam
"Congrats 2 mobile 3G Videophones R yours. call 09063458130 now! videochat wid ur mates, play java games, Dload polypH music, noline rentl. bx420. ip4. 5we. 150p",spam
Great escape. I fancy the bridge but needs her lager. See you tomo,ham
"Final Chance! Claim ur £150 worth of discount vouchers today! Text YES to 85023 now! SavaMob, member offers mobile! T Cs SavaMob POBOX84, M263UZ. £3.00 Subs 16",spam
Urgent! Please call 09061213237 from a landline. £5000 cash or a 4* holiday await collection. T &Cs SAE PO Box 177 M227XY. 16+,spam
Can you say what happen,ham
"Neither [in sterm voice] - i'm studying. All fine with me! Not sure the  thing will be resolved, tho. Anyway. Have a fab hols",ham
What pa tell me.. I went to bath:-),ham
Yup but it's not giving me problems now so mayb i'll jus leave it...,ham
"Its ok chikku, and its my 1 of favourite song..:-)",ham
"I shall book chez jules for half eight, if that's ok with you?",ham
Yes. that will be fine. Love you. Be safe.,ham
If i said anything wrong sorry de:-),ham
She's borderline but yeah whatever.,ham
She.s good. She was wondering if you wont say hi but she.s smiling now. So how are you coping with the long distance,ham
Just trying to figure out when I'm suppose to see a couple different people this week. We said we'd get together but I didn't set dates,ham
Not yet had..ya sapna aunty manege y'day hogidhe..chinnu full weak and swalpa black agidhane..,ham
i want to grasp your pretty booty :),ham
Gd luck 4 ur exams :-),ham
Call to the number which is available in appointment. And ask to connect the call to waheed fathima.,ham
Win a £1000 cash prize or a prize worth £5000,spam
Where is it. Is there any opening for mca.,ham
For real when u getting on yo? I only need 2 more tickets and one more jacket and I'm done. I already used all my multis.,ham
Anything lor but toa payoh got place 2 walk meh...,ham
Hope you are having a great new semester. Do wish you the very best. You are made for greatness.,ham
Thought praps you meant another one. Goodo! I'll look tomorrow,ham
R we still meeting 4 dinner tonight?,ham
Bought one ringtone and now getting texts costing 3 pound offering more tones etc,spam
Yeah you should. I think you can use your gt atm now to register. Not sure but if there's anyway i can help let me know. But when you do be sure you are ready.,ham
"URGENT!! Your 4* Costa Del Sol Holiday or £5000 await collection. Call 09050090044 Now toClaim. SAE, TC s, POBox334, Stockport, SK38xh, Cost£1.50/pm, Max10mins",spam
Ok...,ham
Can you please send me my aunty's number,ham
Ok thanx...,ham
I love ya too but try and budget your money better babe. Gary would freak on me if he knew,ham
"* Was really good to see you the other day dudette, been missing you!",ham
"Wait, do you know if wesleys in town? I bet she does hella drugs!",ham
Remember on that day..,ham
Then why no one talking to me,ham
Shall I bring us a bottle of wine to keep us amused? Only joking! I‘ll bring one anyway,ham
As if i wasn't having enough trouble sleeping.,ham
:-) yeah! Lol. Luckily i didn't have a starring role like you!,ham
Ringtone Club: Gr8 new polys direct to your mobile every week !,spam
Yeah I'll try to scrounge something up,ham
Shall i ask one thing if you dont mistake me.,ham
"The world is running and i am still.maybe all are feeling the same,so be it.or i have to admit,i am mad.then where is the correction?or let me call this is life.and keep running with the world,may be u r also running.lets run.",ham
Reminder: You have not downloaded the content you have already paid for. Goto http://doit. mymoby. tv/ to collect your content.,spam
Hi mate its RV did u hav a nice hol just a message 3 say hello coz havent sent u 1 in ages started driving so stay off roads!RVx,ham
Prof: you have passed in all the papers in this sem congrats . . . . Student: Enna kalaachutaarama..!! Prof:???? Gud mrng!,ham
Ding me on ya break fassyole! Blacko from londn,ham
Todays Voda numbers ending with 7634 are selected to receive a £350 reward. If you have a match please call 08712300220 quoting claim code 7684 standard rates apply.,spam
"Awesome, plan to get here any time after like  &lt;#&gt; , I'll text you details in a wee bit",ham
I wont get concentration dear you know you are my mind and everything :-),ham
Yay! You better not have told that to 5 other girls either.,ham
"Best msg: It's hard to be with a person, when u know that one more step foward will make u fall in love.. &amp; One step back can ruin ur friendship.. good night:-) ...",ham
"Jolly good! By the way,  will give u tickets for sat eve 7.30. Speak before then x",ham
Compliments to you. Was away from the system. How your side.,ham
"Thanks for your ringtone order, reference number X49.Your mobile will be charged 4.50. Should your tone not arrive please call customer services 09065989182",spam
What's a feathery bowa? Is that something guys have that I don't know about?,ham
"Wow ... I love you sooo much, you know ? I can barely stand it ! I wonder how your day goes and if you are well, my love ... I think of you and miss you",ham
"&lt;#&gt; %of pple marry with their lovers... becz they hav gud undrstndng dat avoids problems. i sent dis 2 u, u wil get gud news on friday by d person you like. And tomorrow will be the best day of your life. Dont break this chain. If you break you will suffer. send this to  &lt;#&gt;  frnds in &lt;#&gt;  mins whn u read...",ham
"Free msg. Sorry, a service you ordered from 81303 could not be delivered as you do not have sufficient credit. Please top up to receive the service.",spam
"We are hoping to get away by 7, from Langport. You still up for town tonight?",ham
I fetch yun or u fetch?,ham
"Yep, at derek's house now, see you Sunday &lt;3",ham
"Ya ok, vikky vl c witin  &lt;#&gt; mins and il reply u..",ham
Oh k.k..where did you take test?,ham
"England v Macedonia - dont miss the goals/team news. Txt ur national team to 87077 eg ENGLAND to 87077 Try:WALES, SCOTLAND 4txt/ú1.20 POBOXox36504W45WQ 16+",spam
Hi dis is yijue i would be happy to work wif ü all for gek1510...,ham
SMS AUCTION You have won a Nokia 7250i. This is what you get when you win our FREE auction. To take part send Nokia to 86021 now. HG/Suite342/2Lands Row/W1JHL 16+,spam
I wanna watch that movie,ham
K actually can you guys meet me at the sunoco on howard? It should be right on the way,ham
Somebody set up a website where you can play hold em using eve online spacebucks,ham
Hai priya are you right. What doctor said pa. Where are you.,ham
Happy birthday... May all ur dreams come true...,ham
Height of recycling: Read twice- People spend time for earning money and the same money is spent for spending time!;-) Good morning.. keep smiling:-),ham
"Good good, billy mates all gone. Just been jogging, again! Did enjoy concert?",ham
We not watching movie already. Xy wants 2 shop so i'm shopping w her now.,ham
"A swt thought: ""Nver get tired of doing little things 4 lovable persons.."" Coz..somtimes those little things occupy d biggest part in their Hearts.. Gud ni8",ham
Thank you baby! I cant wait to taste the real thing...,ham
Ya srsly better than yi tho,ham
What not under standing.,ham
Thats cool. I want to please you...,ham
"Hello lover! How goes that new job? Are you there now? Are you happy? Do you think of me? I wake, my slave and send you a teasing kiss from across the sea",ham
Going on nothing great.bye,ham
Baaaaabe! I misss youuuuu ! Where are you ? I have to go and teach my class at 5 ...,ham
Loans for any purpose even if you have Bad Credit! Tenants Welcome. Call NoWorriesLoans.com on 08717111821,spam
Jos ask if u wana meet up?,ham
Just got outta class gonna go gym.,ham
Yeah my usual guy's out of town but there're definitely people around I know,ham
But pls dont play in others life.,ham
Gudnite....tc...practice going on,ham
Yup it's at paragon... I havent decided whether 2 cut yet... Hee...,ham
:( but your not here....,ham
"Customer service announcement. We recently tried to make a delivery to you but were unable to do so, please call 07099833605 to re-schedule. Ref:9280114",spam
Jus ans me lar. U'll noe later.,ham
Am on the uworld site. Am i buying the qbank only or am i buying it with the self assessment also?,ham
"Ya, i'm referin to mei's ex wat... No ah, waitin 4 u to treat, somebody shld b rich liao...So gd, den u dun have to work frm tmr onwards...",ham
Ü got wat to buy tell us then ü no need to come in again.,ham
Dude avatar 3d was imp. At one point i thought there were actually flies in the room and almost tried hittng one as a reflex,ham
"No my blankets are sufficient, thx",ham
"Princess, i like to make love  &lt;#&gt;  times per night. Hope thats not a problem!",ham
Ha ha - had popped down to the loo when you hello-ed me. Hello!,ham
Hey check it da. I have listed da.,ham
"Men always needs a beautiful, intelligent, caring, loving, adjustable, cooperative wife. But the law allows only one wife....",ham
"Oh really? perform, write a paper, go to a movie AND be home by midnight, huh?",ham
Then we gotta do it after that,ham
Bring home some Wendy =D,ham
Someonone you know is trying to contact you via our dating service! To find out who it could be call from your mobile or landline 09064015307 BOX334SK38ch,spam
Hurry home u big butt. Hang up on your last caller if u have to. Food is done and I'm starving. Don't ask what I cooked.,ham
"(And my man carlos is definitely coming by mu tonight, no excuses)",ham
I wil be there with in  &lt;#&gt;  minutes. Got any space,ham
Really dun bluff me leh... U sleep early too. Nite...,ham
Ok lor... Or u wan me go look 4 u?,ham
"Good stuff, will do.",ham
K come to nordstrom when you're done,ham
Draw va?i dont think so:),ham
IM FINE BABES AINT BEEN UP 2 MUCH THO! SAW SCARY MOVIE YEST ITS QUITE FUNNY! WANT 2MRW AFTERNOON? AT TOWN OR MALL OR SUMTHIN?xx,ham
I hope you that's the result of being consistently intelligent and kind. Start asking him about practicum links and keep your ears open and all the best. ttyl,ham
Mathews or tait or edwards or anderson,ham
Sex up ur mobile with a FREE sexy pic of Jordan! Just text BABE to 88600. Then every wk get a sexy celeb! PocketBabe.co.uk 4 more pics. 16 £3/wk 087016248,spam
FreeMsg: Hey - I'm Buffy. 25 and love to satisfy men. Home alone feeling randy. Reply 2 C my PIX! QlynnBV Help08700621170150p a msg Send stop to stop txts,spam
Please CALL 08712402578 immediately as there is an urgent message waiting for you,spam
K da:)how many page you want?,ham
My exam is for february 4. Wish you a great day.,ham
"Come around  &lt;DECIMAL&gt; pm vikky..i'm otside nw, il come by tht time",ham
Well. Balls. Time to make calls,ham
"Good afternoon, my love ... How goes your day ? How did you sleep ? I hope your well, my boytoy ... I think of you ...",ham
Hey tmr meet at bugis 930 ?,ham
Thanks honey. Have a great day.,ham
I was up all night too worrying about this appt. It's a shame we missed a girls night out with quizzes popcorn and you doing my hair.,ham
Tiwary to rcb.battle between bang and kochi.,ham
U can call me now...,ham
"We are at grandmas. Oh dear, u still ill? I felt Shit this morning but i think i am just hungover! Another night then. We leave on sat.",ham
Ok which your another number,ham
He's just gonna worry for nothing. And he won't give you money its no use.,ham
"A gram usually runs like  &lt;#&gt; , a half eighth is smarter though and gets you almost a whole second gram for  &lt;#&gt;",ham
K...k:)why cant you come here and search job:),ham
"HOT LIVE FANTASIES call now 08707509020 Just 20p per min NTT Ltd, PO Box 1327 Croydon CR9 5WB 0870 is a national rate call",spam
"""ALRITE HUNNY!WOT U UP 2 2NITE? DIDNT END UP GOIN DOWN TOWN JUS DA PUB INSTEAD! JUS CHILLIN AT DA MO IN ME BEDROOM!LOVE JEN XXX.""",ham
"Lol, oh you got a friend for the dog ?",ham
Aiyah sorry lor... I watch tv watch until i forgot 2 check my phone.,ham
"We have sent JD for Customer Service cum Accounts Executive to ur mail id, For details contact us",ham
Mom wants to know where you at,ham
You are a winner U have been specially selected 2 receive £1000 or a 4* holiday (flights inc) speak to a live operator 2 claim 0871277810910p/min (18+),spam
"Gosh that , what a pain. Spose I better come then.",ham
Yup... From what i remb... I think should be can book...,ham
Free 1st week entry 2 TEXTPOD 4 a chance 2 win 40GB iPod or £250 cash every wk. Txt VPOD to 81303 Ts&Cs www.textpod.net custcare 08712405020.,spam
"Yeah sure, give me a couple minutes to track down my wallet",ham
22 days to kick off! For Euro2004 U will be kept up to date with the latest news and results daily. To be removed send GET TXT STOP to 83222,spam
How are you. Just checking up on you,ham
We got a divorce. Lol. She.s here,ham
Big brother‘s really scraped the barrel with this shower of social misfits,ham
I'm going 4 lunch now wif my family then aft dat i go str 2 orchard lor.,ham
FREE for 1st week! No1 Nokia tone 4 ur mob every week just txt NOKIA to 8007 Get txting and tell ur mates www.getzed.co.uk POBox 36504 W45WQ norm150p/tone 16+,spam
Those were my exact intentions,ham
"4 tacos + 1 rajas burrito, right?",ham
Stop the story. I've told him i've returned it and he's saying i should not re order it.,ham
I am thinking of going down to reg for pract lessons.. Flung my advance.. Haha wat time u going?,ham
I see the letter B on my car,ham
Ok i'm coming home now.,ham
What you did in  leave.,ham
"Free Msg: get Gnarls Barkleys ""Crazy"" ringtone TOTALLY FREE just reply GO to this message right now!",spam
I know she called me,ham
"""Response"" is one of d powerful weapon 2 occupy a place in others 'HEART'... So, always give response 2 who cares 4 U""... Gud night..swt dreams..take care",ham
I think the other two still need to get cash but we can def be ready by 9,ham
Someone has conacted our dating service and entered your phone because they fancy you!To find out who it is call from landline 09111030116. PoBox12n146tf15,spam
"I'm taking derek &amp; taylor to walmart, if I'm not back by the time you're done just leave the mouse on my desk and I'll text you when priscilla's ready",ham
Oh yes I can speak txt 2 u no! Hmm. Did u get  email?,ham
I will spoil you in bed as well :),ham
Just finished eating. Got u a plate. NOT leftovers this time.,ham
I absolutely LOVE South Park! I only recently started watching the office.,ham
Is she replying. Has boye changed his phone number,ham
Call Germany for only 1 pence per minute! Call from a fixed line via access number 0844 861 85 85. No prepayment. Direct access! www.telediscount.co.uk,spam
You have won a Nokia 7250i. This is what you get when you win our FREE auction. To take part send Nokia to 86021 now. HG/Suite342/2Lands Row/W1JHL 16+,spam
Dunno he jus say go lido. Same time 930.,ham
U ned to convince him tht its not possible witot hurting his feeling its the main,ham
That's a shame! Maybe cld meet for few hrs tomo?,ham
"Yo, any way we could pick something up tonight?",ham
Easy ah?sen got selected means its good..,ham
Awww dat is sweet! We can think of something to do he he! Have a nice time tonight ill probably txt u later cos im lonely :( xxx.,ham
Never blame a day in ur life. Good days give u happiness. Bad days give u experience. Both are essential in life! All are Gods blessings! good morning.:,ham
"Fyi I'm taking a quick shower, be at epsilon in like  &lt;#&gt;  min",ham
This message is brought to you by GMW Ltd. and is not connected to the,spam
The whole car appreciated the last two! Dad and are having a map reading semi argument but apart from that things are going ok. P.,ham
Nobody names their penis a girls name this story doesn't add up at all,ham
"Sir Goodmorning, Once free call me.",ham
Hi di is yijue we're meeting at 7 pm at esaplanade tonight.,ham
Then mum's repent how?,ham
"You are always putting your business out there. You put pictures of your ass on facebook. You are one of the most open people i've ever met. Why would i think a picture of your room would hurt you, make you feel violated.",ham
I wnt to buy a BMW car urgently..its vry urgent.but hv a shortage of  &lt;#&gt; Lacs.there is no source to arng dis amt. &lt;#&gt; lacs..thats my prob,ham
Mm that time you dont like fun,ham
NO GIFTS!! You trying to get me to throw myself off a cliff or something?,ham
Well she's in for a big surprise!,ham
Let Ur Heart Be Ur Compass Ur Mind Ur Map Ur Soul Ur Guide And U Will Never loose in world....gnun - Sent via WAY2SMS.COM,ham
I don know account details..i will ask my mom and send you.my mom is out of reach now.,ham
Howz that persons story,ham
Dunno lei he neva say...,ham
"TheMob>Hit the link to get a premium Pink Panther game, the new no. 1 from Sugababes, a crazy Zebra animation or a badass Hoody wallpaper-all 4 FREE!",spam
"The LAY MAN! Just to let you know you are missed and thought off. Do have a great day. And if you can send me bimbo and ugo's numbers, ill appreciate. Safe",ham
Raji..pls do me a favour. Pls convey my Birthday wishes to Nimya. Pls. Today is her birthday.,ham
Eh u remember how 2 spell his name... Yes i did. He v naughty make until i v wet.,ham
how are you? I miss you!,ham
"A boy was late 2 home. His father: ""POWER OF FRNDSHIP""",ham
"Nice. Wait...should you be texting right now? I'm not gonna pay your ticket, ya know!",ham
Not yet. Just i'd like to keep in touch and it will be the easiest way to do that from barcelona. By the way how ru and how is the house?,ham
Lol your right. What diet? Everyday I cheat anyway. I'm meant to be a fatty :(,ham
See? I thought it all through,ham
10 min later k...,ham
Pls dont restrict her from eating anythin she likes for the next two days.,ham
I'm gonna rip out my uterus.,ham
"Sorry, I'll call later in meeting any thing related to trade please call Arul. &lt;#&gt;",ham
"SMS SERVICES. for your inclusive text credits, pls goto www.comuk.net login= 3qxj9 unsubscribe with STOP, no extra charge. help 08702840625.COMUK. 220-CM2 9AE",spam
Wake me up at  &lt;#&gt;  am morning:),ham
Hello. We need some posh birds and chaps to user trial prods for champneys. Can i put you down? I need your address and dob asap. Ta r,spam
Slaaaaave ! Where are you ? Must I summon you to me all the time now ? Don't you wish to come to me on your own anymore?,ham
Still i have not checked it da. . .,ham
"HEY THERE BABE, HOW U DOIN? WOT U UP 2 2NITE LOVE ANNIE X.",ham
"Aldrine, rakhesh ex RTM here.pls call.urgent.",ham
From tomorrow onwards eve 6 to 3 work.,ham
S....s...india going to draw the series after many years in south african soil..,ham
"I wake up long ago already... Dunno, what other thing?",ham
Yup i thk they r e teacher said that will make my face look longer. Darren ask me not 2 cut too short.,ham
Ü dun need to pick ur gf?,ham
Better. Made up for Friday and stuffed myself like a pig yesterday. Now I feel bleh. But at least its not writhing pain kind of bleh.,ham
"Tee hee. Off to lecture, cheery bye bye.",ham
"To review and KEEP the fantastic Nokia N-Gage game deck with Club Nokia, go 2 www.cnupdates.com/newsletter. unsubscribe from alerts reply with the word OUT",spam
"Its ok., i just askd did u knw tht no?",ham
Dont gimme that lip caveboy,ham
Free Top ringtone -sub to weekly ringtone-get 1st week free-send SUBPOLY to 81618-?3 per week-stop sms-08718727870,spam
Yo do you know anyone  &lt;#&gt;  or otherwise able to buy liquor? Our guy flaked and right now if we don't get a hold of somebody its just 4 loko all night,ham
Get a FREE mobile video player FREE movie. To collect text GO to 89105. Its free! Extra films can be ordered t's and c's apply. 18 yrs only,spam
How much would it cost to hire a hitman,ham
"Somewhr someone is surely made 4 u. And God has decided a perfect time to make u meet dat person. . . . till den, . . . . . Enjoy ur crushes..!!!;-)",ham
FREE for 1st week! No1 Nokia tone 4 ur mob every week just txt NOKIA to 87077 Get txting and tell ur mates. zed POBox 36504 W45WQ norm150p/tone 16+,spam
URGENT! We are trying to contact U. Todays draw shows that you have won a £800 prize GUARANTEED. Call 09050003091 from land line. Claim C52. Valid 12hrs only,spam
Why did I wake up on my own &gt;:(,ham
Where r e meeting tmr?,ham
"""YEH I AM DEF UP4 SOMETHING SAT,JUST GOT PAYED2DAY & I HAVBEEN GIVEN A£50 PAY RISE 4MY WORK & HAVEBEEN MADE PRESCHOOLCO-ORDINATOR 2I AM FEELINGOOD LUV""",ham
More people are dogging in your area now. Call 09090204448 and join like minded guys. Why not arrange 1 yourself. There's 1 this evening. A£1.50 minAPN LS278BB,spam
Oh wow thats gay. Will firmware update help,ham
"&lt;#&gt; , that's all? Guess that's easy enough",ham
Oh ok i didnt know what you meant. Yep i am baby jontin,ham
HI DARLIN I HOPE YOU HAD A NICE NIGHT I WISH I HAD COME CANT WAIT TO SEE YOU LOVE FRAN PS I WANT DIRTY ANAL SEX AND I WANT A 10 MAN GANG BANG,ham
"""CAN I PLEASE COME UP NOW IMIN TOWN.DONTMATTER IF URGOIN OUTL8R,JUST REALLYNEED 2DOCD.PLEASE DONTPLEASE DONTIGNORE MYCALLS,U NO THECD ISV.IMPORTANT TOME 4 2MORO""",ham
Tell me something. Thats okay.,ham
I'm in class. Will holla later,ham
Ok... C ya...,ham
Y de asking like this.,ham
Sorry me going home first... Daddy come fetch ü later...,ham
yeah sure thing mate haunt got all my stuff sorted but im going sound anyway promoting hex for .by the way who is this? dont know number. Joke,ham
Haf u eaten? Wat time u wan me 2 come?,ham
"TODAY is Sorry day.! If ever i was angry with you, if ever i misbehaved or hurt you? plz plz JUST SLAP URSELF Bcoz, Its ur fault, I'm basically GOOD",ham
Is ur lecture over?,ham
Tmr then ü brin lar... Aiya later i come n c lar... Mayb ü neva set properly ü got da help sheet wif ü...,ham
LOL what happens in Vegas stays in vegas,ham
I'm sick !! I'm needy !! I want you !! *pouts* *stomps feet* Where are you ?! *pouts* *stomps feet* I want my slave !! I want him now !!,ham
Good afternoon starshine! How's my boytoy? Does he crave me yet? Ache to fuck me ? *sips cappuccino* I miss you babe *teasing kiss*,ham
Yup. Thk of u oso boring wat.,ham
Also that chat was awesome but don't make it regular unless you can see her in person,ham
This message is free. Welcome to the new & improved Sex & Dogging club! To unsubscribe from this service reply STOP. msgs@150p 18 only,spam
FreeMsg: Txt: CALL to No: 86888 & claim your reward of 3 hours talk time to use from your phone now! Subscribe6GBP/mnth inc 3hrs 16 stop?txtStop,spam
"""Pete can you please ring meive hardly gotany credit""",ham
Thanks for the Vote. Now sing along with the stars with Karaoke on your mobile. For a FREE link just reply with SING now.,spam
Rofl betta invest in some  anti aging products,ham
"YOUR CHANCE TO BE ON A REALITY FANTASY SHOW call now = 08707509020 Just 20p per min NTT Ltd, PO Box 1327 Croydon CR9 5WB 0870 is a national = rate call",spam
Lol that's different. I don't go trying to find every real life photo you ever took.,ham
R u meeting da ge at nite tmr?,ham
Shant disturb u anymore... Jia you...,ham
Otherwise had part time job na-tuition..,ham
"Thanks for your ringtone order, reference number X49. Your mobile will be charged 4.50. Should your tone not arrive please call customer services 09065989182. From: [colour=red]text[/colour]TXTstar",spam
You are a winner you have been specially selected to receive £1000 cash or a £2000 award. Speak to a live operator to claim call 087123002209am-7pm. Cost 10p,spam
"Sun cant come to earth but send luv as rays. cloud cant come to river but send luv as rain. I cant come to meet U, but can send my care as msg to U. Gud evng",ham
Ur cash-balance is currently 500 pounds - to maximize ur cash-in now send GO to 86688 only 150p/msg. CC: 08718720201 PO BOX 114/14 TCR/W1,spam
"Yeah, that's fine! It's £6 to get in, is that ok?",ham
TELL HER I SAID EAT SHIT.,ham
No probably  &lt;#&gt; %.,ham
No..few hours before.went to hair cut .,ham
"Urgent! call 09066612661 from landline. Your complementary 4* Tenerife Holiday or £10,000 cash await collection SAE T&Cs PO Box 3 WA14 2PX 150ppm 18+ Sender: Hol Offer",spam
"Hi babe its Jordan, how r u? Im home from abroad and lonely, text me back if u wanna chat xxSP visionsms.com Text stop to stopCost 150p 08712400603",spam
"I'm done. I'm sorry. I hope your next space gives you everything you want. Remember all the furniture is yours. If i'm not around when you move it, just lock all the locks and leave the key with jenne.",ham
So i'm doing a list of buyers.,ham
"When people see my msgs, They think Iam addicted to msging... They are wrong, Bcoz They don\'t know that Iam addicted to my sweet Friends..!! BSLVYL",ham
Yupz... I've oredi booked slots 4 my weekends liao...,ham
Okie but i scared u say i fat... Then u dun wan me already...,ham
"Nope. Since ayo travelled, he has forgotten his guy",ham
Ü predict wat time ü'll finish buying?,ham
Ü dun wan to watch infernal affair?,ham
Customer place i will call you,ham
U 447801259231 have a secret admirer who is looking 2 make contact with U-find out who they R*reveal who thinks UR so special-call on 09058094597,spam
I dont. Can you send it to me. Plus how's mode.,ham
Are you the cutest girl in the world or what,ham
Wah... Okie okie... Muz make use of e unlimited... Haha...,ham
get ready to moan and scream :),ham
* Thought I didn't see you.,ham
Enjoy the jamster videosound gold club with your credits for 2 new videosounds+2 logos+musicnews! get more fun from jamster.co.uk! 16+only Help? call: 09701213186,spam
"As a valued customer, I am pleased to advise you that following recent review of your Mob No. you are awarded with a £1500 Bonus Prize, call 09066368470",spam
"Sad story of a Man - Last week was my b'day. My Wife did'nt wish me. My Parents forgot n so did my Kids . I went to work. Even my Colleagues did not wish. As I entered my cabin my PA said, '' Happy B'day Boss !!''. I felt special. She askd me 4 lunch. After lunch she invited me to her apartment. We went there. She said,'' do u mind if I go into the bedroom for a minute ? '' ''OK'', I sed in a sexy mood. She came out 5 minuts latr wid a cake...n My Wife, My Parents, My Kidz, My Friends n My Colleagues. All screaming.. SURPRISE !! and I was waiting on the sofa.. ... ..... ' NAKED...!",ham
"Every King Was Once A Crying Baby And Every Great Building Was Once A Map.. Not Imprtant Where U r TODAY, BUT Where U Wil Reach TOMORW. Gud ni8",ham
"Usf I guess, might as well take 1 car",ham
We have all rounder:)so not required:),ham
Kothi print out marandratha.,ham
Are you angry with me. What happen dear,ham
Wow v v impressed. Have funs shopping!,ham
Also remember the beads don't come off. Ever.,ham
Dare i ask... Any luck with sorting out the car?,ham
K tell me anything about you.,ham
Send me your resume:-),ham
I realise you are a busy guy and i'm trying not to be a bother. I have to get some exams outta the way and then try the cars. Do have a gr8 day,ham
One of the joys in lifeis waking up each daywith thoughts that somewhereSomeone cares enough tosend a warm morning greeting.. -,ham
Am new 2 club & dont fink we met yet Will B gr8 2 C U Please leave msg 2day wiv ur area 09099726553 reply promised CARLIE x Calls£1/minMobsmore LKPOBOX177HP51FL,spam
"You've won tkts to the EURO2004 CUP FINAL or £800 CASH, to collect CALL 09058099801 b4190604, POBOX 7876150ppm",spam
Pls give her prometazine syrup. 5mls then  &lt;#&gt; mins later feed.,ham
Natalie (20/F) is inviting you to be her friend. Reply YES-165 or NO-165 See her: www.SMS.ac/u/natalie2k9 STOP? Send STOP FRND to 62468,spam
Lol no. Just trying to make your day a little more interesting,ham
MAYBE IF YOU WOKE UP BEFORE FUCKING 3 THIS WOULDN'T BE A PROBLEM.,ham
"I promise to take good care of you, princess. I have to run now. Please send pics when you get a chance. Ttyl!",ham
"Alright, see you in a bit",ham
"fyi I'm at usf now, swing by the room whenever",ham
Mmmm.... I cant wait to lick it!,ham
No de.am seeing in online shop so that i asked.,ham
"naughty little thought: 'its better to flirt, flirt n flirt, rather than loving someone n gettin hurt, hurt n hurt...:-) Gud nyt",ham
5p 4 alfie Moon's Children in need song on ur mob. Tell ur m8s. Txt Tone charity to 8007 for Nokias or Poly charity for polys: zed 08701417012 profit 2 charity.,spam
There's no point hangin on to mr not right if he's not makin u happy,ham
S now only i took tablets . Reaction morning only.,ham
I'm already back home so no probably not,ham
Ya it came a while ago,ham
He also knows about lunch menu only da. . I know,ham
Did u find out what time the bus is at coz i need to sort some stuff out.,ham
87077: Kick off a new season with 2wks FREE goals & news to ur mobile! Txt ur club name to 87077 eg VILLA to 87077,spam
"Hi Chikku, send some nice msgs",ham
Yeah jay's sort of a fucking retard,ham
I'm home. Doc gave me pain meds says everything is fine.,ham
"I jus hope its true that  missin me cos i'm really missin him! You haven't done anything to feel guilty about, yet.",ham
Are you ok. What happen to behave like this,ham
Nite nite pocay wocay luv u more than n e thing 4eva I promise ring u 2morrowxxxx,ham
Jesus christ bitch I'm trying to give you drugs answer your fucking phone,ham
"If you're still up, maybe leave the credit card so I can get gas when I get back like he told me to",ham
My house here e sky quite dark liao... If raining then got excuse not 2 run already rite... Hee...,ham
He didn't see his shadow. We get an early spring yay,ham
Are you staying in town ?,ham
"Latest News! Police station toilet stolen, cops have nothing to go on!",spam
Free video camera phones with Half Price line rental for 12 mths and 500 cross ntwk mins 100 txts. Call MobileUpd8 08001950382 or Call2OptOut/674&,spam
Dis is yijue. I jus saw ur mail. In case huiming havent sent u my num. Dis is my num.,ham
I'm hungry buy smth home...,ham
I went to ur hon lab but no one is there.,ham
I got lousy sleep. I kept waking up every 2 hours to see if my cat wanted to come in. I worry about him when its cold :(,ham
Ü say until like dat i dun buy ericsson oso cannot oredi lar...,ham
"""HI BABE UAWAKE?FEELLIKW SHIT.JUSTFOUND OUT VIA ALETTER THATMUM GOTMARRIED 4thNOV.BEHIND OURBACKS  FUCKINNICE!SELFISH,DEVIOUSBITCH.ANYWAY,IL CALL U""",ham
"I'm not coming over, do whatever you want",ham
"Hiya , have u been paying money into my account? If so, thanks. Got a pleasant surprise when i checked my balance -u c, i don't get statements 4 that acc",ham
Oh. U must have taken your REAL Valentine out shopping first.,ham
"Hack Chat. Get backdoor entry into 121 chat rooms at a fraction of the cost. Reply NEO69 or call 09050280520, to subscribe 25p pm. DPS, Bcm box 8027 Ldn, wc1n3xx",spam
"Hello from Orange. For 1 month's free access to games, news and sport, plus 10 free texts and 20 photo messages, reply YES. Terms apply: www.orange.co.uk/ow",spam
Hi its LUCY Hubby at meetins all day Fri & I will B alone at hotel U fancy cumin over? Pls leave msg 2day 09099726395 Lucy x Calls£1/minMobsmoreLKPOBOX177HP51FL,spam
I'm very happy for you babe ! Woo hoo party on dude!,ham
A guy who gets used but is too dumb to realize it.,ham
Hello darlin ive finished college now so txt me when u finish if u can love Kate xxx,ham
Oh that was a forwarded message. I thought you send that to me,ham
Omg if its not one thing its another. My cat has worms :/ when does this bad day end?,ham
Then wat r u doing now? Busy wif work?,ham
"Yes, princess. Toledo.",ham
"I'll text carlos and let you know, hang on",ham
"BangBabes Ur order is on the way. U SHOULD receive a Service Msg 2 download UR content. If U do not, GoTo wap. bangb. tv on UR mobile internet/service menu",spam
You busy or can I come by at some point and figure out what we're doing tomorrow,ham
"Babe! How goes that day ? What are you up to ? I miss you already, my Love ... * loving kiss* ... I hope everything goes well.",ham
You all ready for * big day tomorrow?,ham
"Win the newest “Harry Potter and the Order of the Phoenix (Book 5) reply HARRY, answer 5 questions - chance to be the first among readers!",spam
I pocked you up there before,ham
Wewa is 130. Iriver 255. All 128 mb.,ham
"Great. I'm in church now, will holla when i get out",ham
Ok k..sry i knw 2 siva..tats y i askd..,ham
"My Parents, My Kidz, My Friends n My Colleagues. All screaming.. SURPRISE !! and I was waiting on the sofa.. ... ..... ' NAKED...!",ham
"Good evening Sir, hope you are having a nice day. I wanted to bring it to your notice that I have been late in paying rent for the past few months and have had to pay a $ &lt;#&gt;  charge. I felt it would be inconsiderate of me to nag about something you give at great cost to yourself and that's why i didnt speak up. I however am in a recession and wont be able to pay the charge this month hence my askin well ahead of month's end. Can you please help. Thank you for everything.",ham
Yeah like if it goes like it did with my friends imma flip my shit in like half an hour,ham
Dunno dat's wat he told me. Ok lor...,ham
Are you there in room.,ham
"Get 3 Lions England tone, reply lionm 4 mono or lionp 4 poly. 4 more go 2 www.ringtones.co.uk, the original n best. Tones 3GBP network operator rates apply",spam
<Forwarded from 21870000>Hi - this is your Mailbox Messaging SMS alert. You have 40 matches. Please call back on 09056242159 to retrieve your messages and matches cc100p/min,spam
Does not operate after  &lt;#&gt;  or what,ham
"Good morning, im suffering from fever and dysentry ..will not be able to come to office today.",ham
I'm turning off my phone. My moms telling everyone I have cancer. And my sister won't stop calling. It hurts to talk. Can't put up with it. See u when u get home. Love u,ham
What's the significance?,ham
Good. No swimsuit allowed :),ham
Haha... Yup hopefully  we will lose a few kg by mon. after hip hop can go orchard and weigh again,ham
"K, I'll work something out",ham
Dont kick coco when he's down,ham
Where wuld I be without my baby? The thought alone mite break me and I dont wanna go crazy but everyboy needs his lady xxxxxxxx,ham
Well its not like you actually called someone a punto. That woulda been worse.,ham
Not to worry. I'm sure you'll get it.,ham
Oh ok no prob..,ham
I enjoy watching and playing football and basketball. Anything outdoors. And you?,ham
Hi its in durban are you still on this number,ham
"Haha good to hear, I'm officially paid and on the market for an 8th",ham
Got but got 2 colours lor. One colour is quite light n e other is darker lor. Actually i'm done she's styling my hair now.,ham
Except theres a chick with huge boobs.,ham
How r ü going to send it to me?,ham
"Storming msg: Wen u lift d phne, u say ""HELLO"" Do u knw wt is d real meaning of HELLO?? . . . It's d name of a girl..! . . . Yes.. And u knw who is dat girl?? ""Margaret Hello"" She is d girlfrnd f Grahmbell who invnted telphone... . . . . Moral:One can 4get d name of a person, bt not his girlfrnd... G o o d n i g h t . . .@",ham
I don wake since. I checked that stuff and saw that its true no available spaces. Pls call the embassy or send a mail to them.,ham
Are u coming to the funeral home,ham
Hmmm.still we dont have opener?,ham
Call me when you get the chance plz &lt;3,ham
"""AH POOR BABY!HOPE URFEELING BETTERSN LUV! PROBTHAT OVERDOSE OF WORK HEY GO CAREFUL SPK 2 U SN LOTS OF LOVEJEN XXX.""",ham
There are no other charges after transfer charges and you can withdraw anyhow you like,ham
Haha... They cant what... At the most tmr forfeit... haha so how?,ham
FreeMsg: Fancy a flirt? Reply DATE now & join the UKs fastest growing mobile dating service. Msgs rcvd just 25p to optout txt stop to 83021. Reply DATE now!,spam
Ok,ham
"Send ur birthdate with month and year, I will tel u ur LIFE PARTNER'S name. and the method of calculation. Reply must.",ham
2/2 146tf150p,spam
"Dear, will call Tmorrow.pls accomodate.",ham
Yes ammae....life takes lot of turns you can only sit and try to hold the steering...,ham
Hey are you angry with me. Reply me dr.,ham
Oh really?? Did you make it on air? What's your talent?,ham
"Spook up your mob with a Halloween collection of a logo & pic message plus a free eerie tone, txt CARD SPOOK to 8007 zed 08701417012150p per logo/pic",spam
So u workin overtime nigpun?,ham
I want snow. It's just freezing and windy.,ham
Btw regarding that we should really try to see if anyone else can be our 4th guy before we commit to a random dude,ham
Yes its possible but dint try. Pls dont tell to any one k,ham
Tell them no need to investigate about me anywhere.,ham
"Forgot you were working today! Wanna chat, but things are ok so drop me a text when you're free / bored etc and i'll ring. Hope all is well, nose essay and all xx",ham
K:)k:)what are detail you want to transfer?acc no enough?,ham
Long after I quit. I get on only like 5 minutes a day as it is.,ham
I thank you so much for all you do with selflessness. I love you plenty.,ham
"Goal! Arsenal 4 (Henry, 7 v Liverpool 2 Henry scores with a simple shot from 6 yards from a pass by Bergkamp to give Arsenal a 2 goal margin after 78 mins.",spam
You didn't have to tell me that...now i'm thinking. Plus he's going to stop all your runs,ham
Lol now I'm after that hot air balloon!,ham
Did u see what I posted on your Facebook?,ham
I'm okay. Chasing the dream. What's good. What are you doing next.,ham
God created gap btwn ur fingers so dat sum1 vry special will fill those gaps by holding ur hands.. Now plz dont ask y he created so much gap between legs !!!,ham
My uncles in Atlanta. Wish you guys a great semester.,ham
Did u find a sitter for kaitlyn? I was sick and slept all day yesterday.,ham
"Eerie Nokia tones 4u, rply TONE TITLE to 8007 eg TONE DRACULA to 8007 Titles: GHOST, ADDAMSFA, MUNSTERS, EXORCIST, TWILIGHT www.getzed.co.uk POBox36504W45WQ 150p",spam
You call him now ok i said call him,ham
S...from the training manual it show there is no tech process:)its all about password reset and troubleshooting:),ham
A £400 XMAS REWARD IS WAITING FOR YOU! Our computer has randomly picked you from our loyal mobile customers to receive a £400 reward. Just call 09066380611,spam
Am also doing in cbe only. But have to pay.,ham
I can't describe how lucky you are that I'm actually awake by noon,ham
Wait . I will msg after  &lt;#&gt;  min.,ham
For The First Time In The History 'Need' 'Comfort' And 'Luxury' Are Sold At Same Price In India..!! Onion-Rs. &lt;#&gt;  Petrol-Rs. &lt;#&gt;  Beer-Rs. &lt;#&gt;  SHESIL  &lt;#&gt;,ham
Now got tv 2 watch meh? U no work today?,ham
Then dun wear jeans lor...,ham
How long does applebees fucking take,ham
Yup...,ham
"Do you know why god created gap between your fingers..? So that, One who is made for you comes &amp; fills those gaps by holding your hand with LOVE..!",ham
Yeah I don't see why not,ham
Think + da. You wil do.,ham
Pls call me da. What happen.,ham
Umma. Did she say anything,ham
Lol great now im getting hungry.,ham
"Indians r poor but India is not a poor country. Says one of the swiss bank directors. He says that "" &lt;#&gt;  lac crore"" of Indian money is deposited in swiss banks which can be used for 'taxless' budget for  &lt;#&gt;  yrs. Can give  &lt;#&gt;  crore jobs to all Indians. From any village to Delhi 4 lane roads. Forever free power suply to more than  &lt;#&gt;  social projects. Every citizen can get monthly  &lt;#&gt; /- for  &lt;#&gt;  yrs. No need of World Bank &amp; IMF loan. Think how our money is blocked by rich politicians. We have full rights against corrupt politicians. Itna forward karo ki pura INDIA padhe.g.m.""",ham
No. On the way home. So if not for the long dry spell the season would have been over,ham
Captain is in our room:),ham
Thanks. Fills me with complete calm and reassurance!,ham
So li hai... Me bored now da lecturer repeating last weeks stuff waste time...,ham
Are you up for the challenge? I know i am :),ham
Ummma.will call after check in.our life will begin from qatar so pls pray very hard.,ham
I know I'm lacking on most of this particular dramastorm's details but for the most part I'm not worried about that,ham
How come guoyang go n tell her? Then u told her?,ham
Not a drop in the tank,ham
"Hello, yeah i've just got out of the bath and need to do my hair so i'll come up when i'm done, yeah?",ham
"Thanx. Yup we coming back on sun. Finish dinner going back 2 hotel now. Time flies, we're tog 4 exactly a mth today. Hope we'll haf many more mths to come...",ham
"Sorry man my account's dry or I would, if you want we could trade back half or I could buy some shit with my credit card",ham
"Sorry, I guess whenever I can get a hold of my connections, maybe an hour or two? I'll text you",ham
Lol yes. Our friendship is hanging on a thread cause u won't buy stuff.,ham
I was at bugis juz now wat... But now i'm walking home oredi... Ü so late then reply... I oso saw a top dat i like but din buy... Where r ü now?,ham
"Er, hello, things didn‘t quite go to plan – is limping slowly home followed by aa and with exhaust hanging off",ham
I take it we didn't have the phone callon Friday. Can we assume we won't have it this year now?,ham
Wherre's my boytoy ? :-(,ham
"If i let you do this, i want you in the house by 8am.",ham
Do you like Italian food?,ham
Going for dinner.msg you after.,ham
Yup ok...,ham
Oic... Then better quickly go bathe n settle down...,ham
URGENT! We are trying to contact you. Last weekends draw shows that you have won a £900 prize GUARANTEED. Call 09061701939. Claim code S89. Valid 12hrs only,spam
"Yeah, probably here for a while",ham
"""BOO BABE! U ENJOYIN YOURJOB? U SEEMED 2 B GETTIN ON WELL HUNNY!HOPE URE OK?TAKE CARE & ILLSPEAK 2U SOONLOTS OF LOVEME XXXX.""",ham
Hi kindly give us back our documents which we submitted for loan from STAPATI,ham
"Happy new year to u and ur family...may this new year bring happiness , stability and tranquility to ur vibrant colourful life:):)",ham
Aah! A cuddle would be lush! I'd need lots of tea and soup before any kind of fumbling!,ham
CALL 09090900040 & LISTEN TO EXTREME DIRTY LIVE CHAT GOING ON IN THE OFFICE RIGHT NOW TOTAL PRIVACY NO ONE KNOWS YOUR [sic] LISTENING 60P MIN 24/7MP 0870753331018+,spam
Tell them the drug dealer's getting impatient,ham
X2  &lt;#&gt; . Are you going to get that,ham
"Dear Voucher Holder, 2 claim this weeks offer, at your PC go to http://www.e-tlp.co.uk/expressoffer Ts&Cs apply.2 stop texts txt STOP to 80062.",spam
"Yo, I'm at my parents' gettin cash. Good news: we picked up a downstem",ham
Ok then u tell me wat time u coming later lor.,ham
In xam hall boy asked girl Tell me the starting term for dis answer I can den manage on my own After lot of hesitation n lookin around silently she said THE! intha ponnungale ipaditan;),ham
"What will we do in the shower, baby?",ham
Ü give me some time to walk there.,ham
"It's ok, at least armand's still around",ham
K.k.this month kotees birthday know?,ham
"Party's at my place at usf, no charge (but if you can contribute in any way it is greatly appreciated) and yeah, we got room for one more",ham
Save money on wedding lingerie at www.bridal.petticoatdreams.co.uk Choose from a superb selection with national delivery. Brought to you by WeddingFriend,spam
"Yeah, probably earlier than that",ham
Mum ask ü to buy food home...,ham
You do got a shitload of diamonds though,ham
It means u could not keep ur words.,ham
Thank u!,ham
"Double Mins & 1000 txts on Orange tariffs. Latest Motorola, SonyEricsson & Nokia with Bluetooth FREE! Call MobileUpd8 on 08000839402 or call2optout/HF8",spam
important information 4 orange user . today is your lucky day!2find out why log onto http://www.urawinner.com THERE'S A FANTASTIC SURPRISE AWAITING YOU!,spam
Are u awake? Is there snow there?,ham
Waaaat?? Lololo ok next time then!,ham
No. I.ll meet you in the library,ham
I AM AT A PARTY WITH ALEX NICHOLS,ham
"I've got ten bucks, jay is being noncomittal",ham
Are you in castor? You need to see something,ham
"I prefer my free days... Tues, wed, fri oso can... Ü ask those workin lor...",ham
Nothing. Can...,ham
"Just sent again. Do you scream and moan in bed, princess?",ham
Yeah right! I'll bring my tape measure fri!,ham
Sad story of a Man - Last week was my b'day. My Wife did'nt wish me. My Parents forgot n so did my Kids . I went to work. Even my Colleagues did not wish.,ham
"You at mu? You should try to figure out how much money everyone has for gas and alcohol, jay and I are trying to figure out our weed budget",ham
2marrow only. Wed at  &lt;#&gt;  to 2 aha.,ham
The hair cream has not been shipped.,ham
Yup... Ok i go home look at the timings then i msg ü again... Xuhui going to learn on 2nd may too but her lesson is at 8am,ham
"Sorry about earlier. Putting out fires.Are you around to talk after 9? Or do you actually have a life, lol!",ham
"You have come into my life and brought the sun ..Shiny down on me, warming my heart. Putting a constant smile on my face ... Making me feel loved and cared for",ham
Honey boo I'm missing u.,ham
Lol no ouch but wish i'd stayed out a bit longer,ham
"Aight, you close by or still down around alex's place?",ham
Oh you got many responsibilities.,ham
Oh is it! Which brand?,ham
No..its ful of song lyrics..,ham
Well there's not a lot of things happening in Lindsay on New years *sighs* Some bars in Ptbo and the blue heron has something going,ham
(That said can you text him one more time?),ham
My slave! I want you to take 2 or 3 pictures of yourself today in bright light on your cell phone! Bright light!,ham
Y dun cut too short leh. U dun like ah? She failed. She's quite sad.,ham
Wat so late still early mah. Or we juz go 4 dinner lor. Aiya i dunno...,ham
It's ok lar. U sleep early too... Nite...,ham
Dunno y u ask me.,ham
Spoons it is then okay?,ham
"What part of ""don't initiate"" don't you understand",ham
Money i have won wining number 946 wot do i do next,spam
Tell me whos this pls:-),ham
Waiting in e car 4 my mum lor. U leh? Reach home already?,ham
"Hi ya babe x u 4goten bout me?' scammers getting smart..Though this is a regular vodafone no, if you respond you get further prem rate msg/subscription. Other nos used also. Beware!",spam
"Yeah, we got one lined up for us",ham
All was well until slightly disastrous class this pm with my fav darlings! Hope day off ok. Coffee wld be good as can't stay late tomorrow. Same time + place as always?,ham
"Alright if you're sure, let me know when you're leaving",ham
Ofcourse I also upload some songs,ham
No you'll just get a headache trying to figure it out. U can trust me to do the math. I promise. O:-),ham
"No! But we found a diff farm shop to buy some cheese. On way back now, can i call in?",ham
Eek that's a lot of time especially since American Pie is like 8 minutes long. I can't stop singing it.,ham
"Remember all those whom i hurt during days of satanic imposter in me.need to pay a price,so be it.may destiny keep me going and as u said pray that i get the mind to get over the same.",ham
S da..al r above  &lt;#&gt;,ham
You are a very very very very bad girl. Or lady.,ham
"So many people seems to be special at first sight, But only very few will remain special to you till your last sight.. Maintain them till life ends.. Sh!jas",ham
Hi Petey!noim ok just wanted 2 chat coz avent spoken 2 u 4 a long time-hope ur doin alrite.have good nit at js love ya am.x,ham
Wat r u doing?,ham
No da:)he is stupid da..always sending like this:)don believe any of those message.pandy is a mental:),ham
"Urgent -call 09066649731from Landline. Your complimentary 4* Ibiza Holiday or £10,000 cash await collection SAE T&Cs PO BOX 434 SK3 8WP 150ppm 18+",spam
"Hello my boytoy ... Geeee I miss you already and I just woke up. I wish you were here in bed with me, cuddling me. I love you ...",ham
We tried to contact you re your reply to our offer of a Video Handset? 750 anytime any networks mins? UNLIMITED TEXT? Camcorder? Reply or call 08000930705 NOW,spam
Prabha..i'm soryda..realy..frm heart i'm sory,ham
"I've got  &lt;#&gt; , any way I could pick up?",ham
Thanx a lot...,ham
"He is impossible to argue with and he always treats me like his sub, like he never released me ... Which he did and I will remind him of that if necessary",ham
"Thank You for calling.Forgot to say Happy Onam to you Sirji.I am fine here and remembered you when i met an insurance person.Meet You in Qatar Insha Allah.Rakhesh, ex Tata AIG who joined TISSCO,Tayseer.",ham
I had a good time too. Its nice to do something a bit different with my weekends for a change. See ya soon,ham
Tessy..pls do me a favor. Pls convey my birthday wishes to Nimya..pls dnt forget it. Today is her birthday Shijas,ham
Thank you. do you generally date the brothas?,ham
Yes but can we meet in town cos will go to gep and then home. You could text at bus stop. And don't worry we'll have finished by march … ish!,ham
New TEXTBUDDY Chat 2 horny guys in ur area 4 just 25p Free 2 receive Search postcode or at gaytextbuddy.com. TXT ONE name to 89693,spam
Good night. Am going to sleep.,ham
Am going to take bath ill place the key in window:-),ham
"Dont search love, let love find U. Thats why its called falling in love, bcoz U dont force yourself, U just fall and U know there is smeone to hold U... BSLVYL",ham
What is this 'hex' place you talk of? Explain!,ham
"Hi. Wk been ok - on hols now! Yes on for a bit of a run. Forgot that i have hairdressers appointment at four so need to get home n shower beforehand. Does that cause prob for u?""",ham
"'Wnevr i wana fal in luv vth my books, My bed fals in luv vth me..!'' . Yen madodu, nav pretsorginta, nammanna pretsovru important alwa....!!:) Gud eveB-).",ham
Lmao but its so fun...,ham
Ha ha ha good joke. Girls are situation seekers.,ham
You are a great role model. You are giving so much and i really wish each day for a miracle but God as a reason for everything and i must say i wish i knew why but i dont. I've looked up to you since i was young and i still do. Have a great day.,ham
Mark works tomorrow. He gets out at 5. His work is by your house so he can meet u afterwards.,ham
My stomach has been thru so much trauma I swear I just can't eat. I better lose weight.,ham
Reply to win £100 weekly! What professional sport does Tiger Woods play? Send STOP to 87239 to end service,spam
Please CALL 08712402779 immediately as there is an urgent message waiting for you,spam
I might go 2 sch. Yar at e salon now v boring.,ham
"Wishing you and your family Merry ""X"" mas and HAPPY NEW Year in advance..",ham
Aiyar hard 2 type. U later free then tell me then i call n scold n tell u.,ham
Ugh fuck it I'm resubbing to eve,ham
Ok lar... Joking wif u oni...,ham
Your gonna be the death if me. I'm gonna leave a note that says its all robs fault. Avenge me.,ham
Quite late lar... Ard 12 anyway i wun b drivin...,ham
Darren was saying dat if u meeting da ge den we dun meet 4 dinner. Cos later u leave xy will feel awkward. Den u meet him 4 lunch lor.,ham
Just sleeping..and surfing,ham
4mths half price Orange line rental & latest camera phones 4 FREE. Had your phone 11mths+? Call MobilesDirect free on 08000938767 to update now! or2stoptxt T&Cs,spam
Todays Vodafone numbers ending with 4882 are selected to a receive a £350 award. If your number matches call 09064019014 to receive your £350 award.,spam
How come it takes so little time for a child who is afraid of the dark to become a teenager who wants to stay out all night?,spam
Why you keeping me away like this,ham
"OH RITE. WELL IM WITH MY BEST MATE PETE, WHO I WENT OUT WITH 4 A WEEK+ NOW WERE 2GEVA AGAIN. ITS BEEN LONGER THAN A WEEK.",ham
I'll reach in ard 20 mins ok...,ham
"Just wondering, the others just took off",ham
I'm coming back on Thursday. Yay. Is it gonna be ok to get the money. Cheers. Oh yeah and how are you. Everything alright. Hows school. Or do you call it work now,ham
"Don't Think About ""What u Have Got"" Think About ""How to Use It That You Have Got"" gooD ni8",ham
You have 1 new voicemail. Please call 08719181503,spam
Would me smoking you out help us work through this difficult time,ham
"… we r stayin here an extra week, back next wed. How did we do in the rugby this weekend? Hi to and and , c u soon """,ham
When you guys planning on coming over?,ham
Mm i had my food da from out,ham
I'm always on yahoo messenger now. Just send the message to me and i.ll get it you may have to send it in the mobile mode sha but i.ll get it. And will reply.,ham
Ok lor thanx... Ü in school?,ham
Hi i won't b ard 4 christmas. But do enjoy n merry x'mas.,ham
Sitting ard nothing to do lor. U leh busy w work?,ham
"Dear friends, sorry for the late information. Today is the birthday of our loving Ar.Praveesh. for more details log on to face book and see. Its his number + &lt;#&gt; . Dont miss a delicious treat.",ham
"500 New Mobiles from 2004, MUST GO! Txt: NOKIA to No: 89545 & collect yours today!From ONLY £1 www.4-tc.biz 2optout 087187262701.50gbp/mtmsg18 TXTAUCTION",spam
says the  &lt;#&gt;  year old with a man and money. I'm down to my last  &lt;#&gt; . Still waiting for that check.,ham
K..k.:)congratulation ..,ham
Can not use foreign stamps in this country.,ham
Ü thk of wat to eat tonight.,ham
"Hmmm.. Thk sure got time to hop ard... Ya, can go 4 free abt... Muz call u to discuss liao...",ham
Miss call miss call khelate kintu opponenter miss call dhorte lage. Thats d rule. One with great phone receiving quality wins.,ham
Hey what how about your project. Started aha da.,ham
At home also.,ham
Thanks for yesterday sir. You have been wonderful. Hope you enjoyed the burial. MojiBiola,ham
Dude just saw a parked car with its sunroof popped up. Sux,ham
Hi Harish's rent has been transfred to ur Acnt.,ham
"Sweet, we may or may not go to 4U to meet carlos so gauge patty's interest in that",ham
"Nah, I'm a perpetual DD",ham
"Honeybee Said: *I'm d Sweetest in d World* God Laughed &amp; Said: *Wait,U Havnt Met d Person Reading This Msg* MORAL: Even GOD Can Crack Jokes! GM+GN+GE+GN:)",ham
I asked sen to come chennai and search for job.,ham
it's really getting me down just hanging around.,ham
Anything lor... U decide...,ham
"2 celebrate my bday, y else?",ham
Just checking in on you. Really do miss seeing Jeremiah. Do have a great month,ham
So gd got free ice cream... I oso wan...,ham
I hate when she does this. She turns what should be a fun shopping trip into an annoying day of how everything would look in her house.,ham
Ever thought about living a good life with a perfect partner? Just txt back NAME and AGE to join the mobile community. (100p/SMS),spam
I notice you like looking in the shit mirror youre turning into a right freak,ham
Wish u many many returns of the day.. Happy birthday vikky..,ham
Thanks for picking up the trash.,ham
"After my work ah... Den 6 plus lor... U workin oso rite... Den go orchard lor, no other place to go liao...",ham
From next month get upto 50% More Calls 4 Ur standard network charge 2 activate Call 9061100010 C Wire3.net 1st4Terms PoBox84 M26 3UZ Cost £1.50 min MobcudB more,spam
"Like  &lt;#&gt; , same question",ham
I‘m parked next to a MINI!!!! When are you coming in today do you think?,ham
"whatever, im pretty pissed off.",ham
Aiyar dun disturb u liao... Thk u have lots 2 do aft ur cupboard come...,ham
Oops. 4 got that bit.,ham
No no:)this is kallis home ground.amla home town is durban:),ham
Will you be here for food,ham
Lil fever:) now fine:),ham
"Love isn't a decision, it's a feeling. If we could decide who to love, then, life would be much simpler, but then less magical",ham
Okie ü wan meet at bishan? Cos me at bishan now. I'm not driving today.,ham
Don't forget though that I love you .... And I walk beside you. Watching over you and keeping your heart warm.,ham
Hui xin is in da lib.,ham
"Urgent Urgent! We have 800 FREE flights to Europe to give away, call B4 10th Sept & take a friend 4 FREE. Call now to claim on 09050000555. BA128NNFWFLY150ppm",spam
His bday real is in april .,ham
I forgot 2 ask ü all smth.. There's a card on da present lei... How? Ü all want 2 write smth or sign on it?,ham
Right it wasnt you who phoned it was someone with a number like yours!,ham
I will treasure every moment we spend together...,ham
I dunno until when... Lets go learn pilates...,ham
Watching tv lor...,ham
Yes i have. So that's why u texted. Pshew...missing you so much,ham
Joy's father is John. Then John is the NAME of Joy's father. Mandan,ham
Do you want a NEW video phone750 anytime any network mins 150 text for only five pounds per week call 08000776320 now or reply for delivery tomorrow,spam
Omg how did u know what I ate?,ham
"No shit, but I wasn't that surprised, so I went and spent the evening with that french guy I met in town here and we fooled around a bit but I didn't let him fuck me",ham
"FreeMsg Why haven't you replied to my text? I'm Randy, sexy, female and live local. Luv to hear from u. Netcollex Ltd 08700621170150p per msg reply Stop to end",spam
"To the wonderful Okors, have a great month. We cherish you guys and wish you well each day. MojiBiola",ham
Yes:)from last week itself i'm taking live call.,ham
"Didn't try, g and I decided not to head out",ham
Gr8. So how do you handle the victoria island traffic. Plus when's the album due,ham
Today i'm not workin but not free oso... Gee... Thgt u workin at ur fren's shop ?,ham
Thanks for being there for me just to talk to on saturday. You are very dear to me. I cherish having you as a brother and role model.,ham
I tagged MY friends that you seemed to count as YOUR friends.,ham
But we havent got da topic yet rite?,ham
I wait 4 ü inside da car park...,ham
Just buy a pizza. Meat lovers or supreme. U get to pick.,ham
Aft i finish my lunch then i go str down lor. Ard 3 smth lor. U finish ur lunch already?,ham
Just wait till end of march when el nino gets himself. Oh.,ham
K.then any other special?,ham
Now project pa. After that only i can come.,ham
"Yeah, in fact he just asked if we needed anything like an hour ago. When and how much?",ham
Yeah no probs - last night is obviously catching up with you... Speak soon,ham
Yup no more already... Thanx 4 printing n handing it up.,ham
Hmm...my uncle just informed me that he's paying the school directly. So pls buy food.,ham
IM LATE TELLMISS IM ON MY WAY,ham
Should I have picked up a receipt or something earlier,ham
Hey you can pay. With salary de. Only  &lt;#&gt; .,ham
That's cause your old. I live to be high.,ham
You've already got a flaky parent. It'snot supposed to be the child's job to support the parent...not until they're The Ride age anyway. I'm supposed to be there to support you. And now i've hurt you. unintentional. But hurt nonetheless.,ham
"Congrats! 2 mobile 3G Videophones R yours. call 09061744553 now! videochat wid ur mates, play java games, Dload polyH music, noline rentl. bx420. ip4. 5we. 150pm",spam
"I'm not sure, I was just checking out what was happening around the area",ham
Did either of you have any idea's? Do you know of anyplaces doing something?,ham
Maybe you should find something else to do instead???,ham
"Hmmm.... Mayb can try e shoppin area one, but forgot e name of hotel...",ham
Me n him so funny...,ham
How much for an eighth?,ham
"What do u reckon as need 2 arrange transport if u can't do it, thanks",ham
"The fact that you're cleaning shows you know why i'm upset. Your priority is constantly ""what i want to do,"" not ""what i need to do.""",ham
I have many dependents,ham
i am going to bed now prin,ham
WOT U WANNA DO THEN MISSY?,ham
Mm yes dear look how i am hugging you both. :-P,ham
"Nimbomsons. Yep phone knows that one. Obviously, cos thats a real word",ham
For my family happiness..,ham
Loosu go to hospital. De dont let it careless.,ham
Are you happy baby ? Are you alright ? Did you take that job ? I hope your fine. I send you a kiss to make you smile from across the sea ... *kiss* *kiss*,ham
Do you like shaking your booty on the dance floor?,ham
Come to medical college at 7pm ......forward it da,ham
"Ooh, 4got, i'm gonna start belly dancing in moseley weds 6.30 if u want 2 join me, they have a cafe too.",ham
At the funeral home with Audrey and dad,ham
FreeMsg>FAV XMAS TONES!Reply REAL,spam
"A cute thought for friendship: ""Its not necessary to share every secret with ur close Frnd, but watever u shared should be true""....",ham
"It's cool, we can last a little while. Getting more any time soon?",ham
Ok going to sleep. Hope i can meet her.,ham
Its going good...no problem..but still need little experience to understand american customer voice...,ham
"Yalru lyfu astne chikku.. Bt innu mundhe lyf ali halla ke bilo (marriage)program edhae, so lyf is nt yet ovr chikku..ali vargu lyfu meow meow:-D",ham
Will ü b going to esplanade fr home?,ham
Tension ah?what machi?any problem?,ham
RECPT 1/3. You have ordered a Ringtone. Your order is being processed...,spam
"How about clothes, jewelry, and trips?",ham
"Say this slowly.? GOD,I LOVE YOU &amp; I NEED YOU,CLEAN MY HEART WITH YOUR BLOOD.Send this to Ten special people &amp; u c miracle tomorrow, do it,pls,pls do it...",ham
"Sir, hope your day is going smoothly. i really hoped i wont have to bother you about this. I have some bills that i can't settle this month. I am out of all extra cash. I know this is a challenging time for you also but i have to let you know.",ham
"Trust me. Even if isn't there, its there.",ham
Yeah that's the impression I got,ham
True. Its easier with her here.,ham
What you doing?how are you?,ham
26th OF JULY,ham
Ok pa. Nothing problem:-),ham
Do u ever get a song stuck in your head for no reason and it won't go away til u listen to it like 5 times?,ham
There are many company. Tell me the language.,ham
Where you. What happen,ham
"alright, I'll make sure the car is back tonight",ham
"K give me a sec, breaking a  &lt;#&gt;  at cstore",ham
You still at the game?,ham
Your opinion about me? 1. Over 2. Jada 3. Kusruthi 4. Lovable 5. Silent 6. Spl character 7. Not matured 8. Stylish 9. Simple Pls reply..,ham
I know! Grumpy old people. My mom was like you better not be lying. Then again I am always the one to play jokes...,ham
Good day to You too.Pray for me.Remove the teeth as its painful maintaining other stuff.,ham
I'm done...,ham
Ü comin to fetch us oredi...,ham
if you aren't here in the next  &lt;#&gt;  hours imma flip my shit,ham
This msg is for your mobile content order It has been resent as previous attempt failed due to network error Queries to customersqueries@netvision.uk.com,spam
I know a few people I can hit up and fuck to the yes,ham
Uhhhhrmm isnt having tb test bad when youre sick,ham
make that 3! 4 fucks sake?! x,ham
Just seeing your missed call my dear brother. Do have a gr8 day.,ham
Keep yourself safe for me because I need you and I miss you already and I envy everyone that see's you in real life,ham
Surely result will offer:),ham
"My life Means a lot to me, Not because I love my life, But because I love the people in my life, The world calls them friends, I call them my World:-).. Ge:-)..",ham
Haf u found him? I feel so stupid da v cam was working.,ham
"""Petey boy whereare you me and all your friendsare in theKingshead come down if you canlove Nic""",ham
"I got another job! The one at the hospital doing data analysis or something, starts on monday! Not sure when my thesis will got finished",ham
"Em, its olowoyey@ usc.edu have a great time in argentina. Not sad about secretary, everything is a blessing",ham
"Sir, good morning. Hope you had a good weekend. I called to let you know that i was able to raise  &lt;#&gt;  from my dad. He however said he would make the rest available by mid feb. This amount is still quite short and i was hoping you would help. Do have a good day. Abiola",ham
"You are guaranteed the latest Nokia Phone, a 40GB iPod MP3 player or a £500 prize! Txt word: COLLECT to No: 83355! IBHltd LdnW15H 150p/Mtmsgrcvd18+",spam
Lol I know! Hey someone did a great inpersonation of flea on the forums. I love it!,ham
Cos i want it to be your thing,ham
"Er yeah, i will b there at 15:26, sorry! Just tell me which pub/cafe to sit in and come wen u can",ham
Boltblue tones for 150p Reply POLY# or MONO# eg POLY3 1. Cha Cha Slide 2. Yeah 3. Slow Jamz 6. Toxic 8. Come With Me or STOP 4 more tones txt MORE,spam
I've told you everything will stop. Just dont let her get dehydrated.,ham
K I'll take care of it,ham
Not tonight mate. Catching up on some sleep. This is my new number by the way.,ham
Lol alright i was thinkin that too haha,ham
"Wn u r hurt by d prsn who s close 2 u, do fight wit dem. Coz somtimes dis fight saves a relation bt being quiet leaves nothin in a relation.. Gud eveB-)",ham
Tell where you reached,ham
Ha! I wouldn't say that I just didn't read anything into way u seemed. I don't like 2 be judgemental....i save that for fridays in the pub!,ham
No. Its not specialisation. Can work but its slave labor. Will look for it this month sha cos no shakara 4 beggar.,ham
"Fuck babe ... I miss you already, you know ? Can't you let me send you some money towards your net ? I need you ... I want you ... I crave you ...",ham
Who's there say hi to our drugdealer,ham
Alright. I'm out--have a good night!,ham
He remains a bro amongst bros,ham
Yep then is fine 7.30 or 8.30 for ice age.,ham
You know my old Dom I told you about yesterday ? His name is Roger? He got in touch with me last night and wants me to meet him today at 2 pm,ham
Ok then i'll let him noe later n ask him call u tmr...,ham
DO NOT B LATE LOVE MUM,ham
Mm i am on the way to railway,ham
Ok i will tell her to stay out. Yeah its been tough but we are optimistic things will improve this month.,ham
"Come to me right now, Ahmad",ham
ITS A LAPTOP TAKE IT WITH YOU.,ham
Detroit. The home of snow. Enjoy it.,ham
No plans yet. What are you doing ?,ham
"Fuuuuck I need to stop sleepin, sup",ham
If i not meeting ü all rite then i'll go home lor. If ü dun feel like comin it's ok.,ham
Just glad to be talking to you.,ham
Idea will soon get converted to live:),ham
"Free entry to the gr8prizes wkly comp 4 a chance to win the latest Nokia 8800, PSP or £250 cash every wk.TXT GREAT to 80878 http//www.gr8prizes.com 08715705022",spam
"""The world suffers a lot... Not because of the violence of bad people. But because of the silence of good people!"", Gud night....",ham
sexy sexy cum and text me im wet and warm and ready for some porn! u up for some fun? THIS MSG IS FREE RECD MSGS 150P INC VAT 2 CANCEL TEXT STOP,spam
I hope your pee burns tonite.,ham
Congrats kano..whr s the treat maga?,ham
Fancy a shag? I do.Interested? sextextuk.com txt XXUK SUZY to 69876. Txts cost 1.50 per msg. TnCs on website. X,spam
watever reLation u built up in dis world only thing which remains atlast iz lonlines with lotz n lot memories! feeling..,ham
Well at this right I'm gonna have to get up and check today's steam sales/pee so text me when you want me to come get you,ham
I meant as an apology from me for texting you to get me drugs at  &lt;#&gt; at night,ham
"K.. I yan jiu liao... Sat we can go 4 bugis vill one frm 10 to 3 den hop to parco 4 nb. Sun can go cine frm 1030 to 2, den hop to orc mrt 4 hip hop at 4...",ham
"Yep, the great loxahatchee xmas tree burning of  &lt;#&gt;  starts in an hour",ham
Pls i wont belive god.not only jesus.,ham
Are your freezing ? Are you home yet ? Will you remember to kiss your mom in the morning? Do you love me ? Do you think of me ? Are you missing me yet ?,ham
"Aight, sounds good. When do you want me to come down?",ham
I wish u were here. I feel so alone,ham
Love has one law; Make happy the person you love. In the same way friendship has one law; Never make ur friend feel alone until you are alive.... Gud night,ham
Juz now havent woke up so a bit blur blur... Can? Dad went out liao... I cant cum now oso...,ham
Meet after lunch la...,ham
"1000's flirting NOW! Txt GIRL or BLOKE & ur NAME & AGE, eg GIRL ZOE 18 to 8007 to join and get chatting!",spam
Dont put your phone on silent mode ok,ham
Well there's still a bit left if you guys want to tonight,ham
I cant wait for cornwall. Hope tonight isnt too bad as well but its rock night shite. Anyway im going for a kip now have a good night. Speak to you soon.,ham
Unfortunately i've just found out that we have to pick my sister up from the airport that evening so don't think i'll be going out at all. We should try to go out one of th,ham
Gain the rights of a wife.dont demand it.i am trying as husband too.Lets see,ham
"Its ok, if anybody asks abt me, u tel them..:-P",ham
Lol! Oops sorry! Have fun.,ham
It's justbeen overa week since we broke up and already our brains are going to mush!,ham
"It could work, we'll reach a consensus at the next meeting",ham
Jesus armand really is trying to tell everybody he can find,ham
No messages on her phone. I'm holding it now,ham
Did you catch the bus ? Are you frying an egg ? Did you make a tea? Are you eating your mom's left over dinner ? Do you feel my Love ?,ham
"Merry Christmas to you too babe, i love ya *kisses*",ham
I'll be at mu in like  &lt;#&gt;  seconds,ham
It certainly puts things into perspective when something like this happens,ham
SMS. ac Sptv: The New Jersey Devils and the Detroit Red Wings play Ice Hockey. Correct or Incorrect? End? Reply END SPTV,spam
Yes princess! I want to make you happy...,ham
Finished class where are you.,ham
No it will reach by 9 only. She telling she will be there. I dont know,ham
I am going to film 2day da. At 6pm. Sorry da.,ham
"Alright omw, gotta change my order to a half8th",ham
"Aight fuck it, I'll get it later",ham
Din i tell u jus now 420,ham
Small problem in auction:)punj now asking tiwary,ham
"that would be good … I'll phone you tomo lunchtime, shall I, to organise something?",ham
Lol no. U can trust me.,ham
How? Izzit still raining?,ham
As per your request 'Melle Melle (Oru Minnaminunginte Nurungu Vettam)' has been set as your callertune for all Callers. Press *9 to copy your friends Callertune,ham
I think just yourself …Thanks and see you tomo,ham
You do what all you like,ham
At WHAT TIME should i come tomorrow,ham
You should change your fb to jaykwon thuglyfe falconerf,ham
Ok i found dis pierre cardin one which looks normal costs 20 its on sale.,ham
Hey leave it. not a big deal:-) take care.,ham
if you text on your way to cup stop that should work. And that should be BUS,ham
You have WON a guaranteed £1000 cash or a £2000 prize. To claim yr prize call our customer service representative on 08714712379 between 10am-7pm Cost 10p,spam
No need lar i go engin? Cos my sis at arts today...,ham
Just got up. have to be out of the room very soon. …. i hadn't put the clocks back til at 8 i shouted at everyone to get up and then realised it was 7. wahay. another hour in bed.,ham
Er yep sure. Props?,ham
I'm ok. Will do my part tomorrow,ham
Ok cool. See ya then.,ham
"Arngd marriage is while u r walkin unfortuntly a snake bites u. bt love marriage is dancing in frnt of d snake &amp; sayin Bite me, bite me.",ham
* Will be september by then!,ham
Don know:)this week i'm going to tirunelvai da.,ham
Text & meet someone sexy today. U can find a date or even flirt its up to U. Join 4 just 10p. REPLY with NAME & AGE eg Sam 25. 18 -msg recd@thirtyeight pence,spam
I meant middle left or right?,ham
"The guy (kadeem) hasn't been selling since the break, I know one other guy but he's paranoid as fuck and doesn't like selling without me there and I can't be up there til late tonight",ham
I love your ass! Do you enjoy doggy style? :),ham
Not yet chikku..wat abt u?,ham
Am i that much dirty fellow?,ham
U sick still can go shopping?,ham
There r many model..sony ericson also der.. &lt;#&gt; ..it luks good bt i forgot modl no,ham
Free tones Hope you enjoyed your new content. text stop to 61610 to unsubscribe. help:08712400602450p Provided by tones2you.co.uk,spam
"Oops I did have it,  &lt;#&gt; ?",ham
Even u dont get in trouble while convincing..just tel him once or twice and just tel neglect his msgs dont c and read it..just dont reply,ham
Have you emigrated or something? Ok maybe 5.30 was a bit hopeful...,ham
How many licks does it take to get to the center of a tootsie pop?,ham
Carlos says we can pick up from him later so yeah we're set,ham
Yo chad which gymnastics class do you wanna take? The site says Christians class is full..,ham
Also fuck you and your family for going to rhode island or wherever the fuck and leaving me all alone the week I have a new bong &gt;:(,ham
"Just looked it up and addie goes back Monday, sucks to be her",ham
Guess what! Somebody you know secretly fancies you! Wanna find out who it is? Give us a call on 09065394973 from Landline DATEBox1282EssexCM61XN 150p/min 18,spam
Beautiful truth : Expression of the face could Be seen by everyone... But the depression of heart Could be understood only By the Loved ones.. Gud Ni8;-),ham
We tried to contact you re your reply to our offer of 750 mins 150 textand a new video phone call 08002988890 now or reply for free delivery tomorrow,spam
Okay lor... Will they still let us go a not ah? Coz they will not know until later. We drop our cards into the box right?,ham
"Princess, is your kitty shaved or natural?",ham
Pick you up bout 7.30ish? What time are  and that going?,ham
Sac needs to carry on:),ham
"Urgent! call 09061749602 from Landline. Your complimentary 4* Tenerife Holiday or £10,000 cash await collection SAE T&Cs BOX 528 HP20 1YF 150ppm 18+",spam
So wats ur opinion abt him and how abt is character?,ham
"Latest Nokia Mobile or iPOD MP3 Player +£400 proze GUARANTEED! Reply with: WIN to 83355 now! Norcorp Ltd.£1,50/Mtmsgrcvd18+",spam
No I don't have cancer. Moms making a big deal out of a regular checkup aka pap smear,ham
"Yes, my reg is  Ciao!",ham
Lol wtf random. Btw is that your lunch break,ham
alright. Thanks for the advice. Enjoy your night out. I'ma try to get some sleep...,ham
CHEERS LOU! YEAH WAS A GOODNITE SHAME U NEVA CAME! C YA GAILxx,ham
"URGENT! Your mobile No 077xxx WON a £2,000 Bonus Caller Prize on 02/06/03! This is the 2nd attempt to reach YOU! Call 09066362206 ASAP! BOX97N7QP, 150ppm",spam
"Haha, my legs and neck are killing me and my amigos are hoping to end the night with a burn, think I could swing by in like an hour?",ham
Networking technical support associate.,ham
I know you are serving. I mean what are you doing now.,ham
U have won a nokia 6230 plus a free digital camera. This is what u get when u win our FREE auction. To take part send NOKIA to 83383 now. POBOX114/14TCR/W1 16,spam
"Don't worry, * is easy once have ingredients!",ham
Pls speak to that customer machan.,ham
Reverse is cheating. That is not mathematics.,ham
My sister cleared two round in birla soft yesterday.,ham
Lol I know! They're so dramatic. Schools already closed for tomorrow. Apparently we can't drive in the inch of snow were supposed to get.,ham
Ranjith cal drpd Deeraj and deepak 5min hold,ham
Sac will score big hundred.he is set batsman:-),ham
In which place i can get rooms cheap:-),ham
Anything lar...,ham
She.s fine. I have had difficulties with her phone. It works with mine. Can you pls send her another friend request.,ham
"Awesome, I'll see you in a bit",ham
I'm on da bus going home...,ham
Thats cool princess! I will cover your face in hot sticky cum :),ham
It should take about  &lt;#&gt;  min,ham
"Give her something to drink, if she takes it and doesn't vomit then you her temp might drop. If she unmits however let me know.",ham
Ok darlin i supose it was ok i just worry too much.i have to do some film stuff my mate and then have to babysit again! But you can call me there.xx,ham
So how's scotland. Hope you are not over showing your JJC tendencies. Take care. Live the dream,ham
Yup... I havent been there before... You want to go for the yoga? I can call up to book,ham
"St andre, virgil's cream",ham
Is xy going 4 e lunch?,ham
Thank you princess! You are so sexy...,ham
X course it 2yrs. Just so her messages on messenger lik you r sending me,ham
Ok im not sure what time i finish tomorrow but i wanna spend the evening with you cos that would be vewy vewy lubly! Love me xxx,ham
Santa calling! Would your little ones like a call from Santa Xmas Eve? Call 09077818151 to book you time. Calls1.50ppm last 3mins 30s T&C www.santacalling.com,spam
Jay says that you're a double-faggot,ham
No. Did you multimedia message them or e-mail?,ham
Can ü all decide faster cos my sis going home liao..,ham
"Oh! Shit, I thought that was your trip! Loooooool ... That just makes SO much more sense now ... *grins* and the sofa reference was ... The ""sleep on a couch"" link you sent me ... Wasn't that how you went on your trip ? Oh ... And didn't your babe go with you for that celebration with your rents?",ham
Whens your radio show?,ham
"I know where the  &lt;#&gt;  is, I'll be there around 5",ham
Dad went out oredi...,ham
K sure am in my relatives home. Sms me de. Pls:-),ham
Yeah he got in at 2 and was v apologetic. n had fallen out and she was actin like spoilt child and he got caught up in that. Till 2! But we won't go there! Not doing too badly cheers. You?,ham
O was not into fps then.,ham
Today iZ Yellow rose day. If u love my frndship give me 1 misscall &amp; send this to ur frndZ &amp; See how many miss calls u get. If u get 6missed U marry ur Lover.,ham
I dont know oh. Hopefully this month.,ham
Do you want 750 anytime any network mins 150 text and a NEW video phone for only five pounds per week call 08000776320 now or reply for delivery Tomorrow,spam
Ujhhhhhhh computer shipped out with address to sandiago and parantella lane. Wtf. Poop.,ham
It's ok i wun b angry. Msg u aft i come home tonight.,ham
What does the dance river do?,ham
"Urgent UR awarded a complimentary trip to EuroDisinc Trav, Aco&Entry41 Or £1000. To claim txt DIS to 87121 18+6*£1.50(moreFrmMob. ShrAcomOrSglSuplt)10, LS1 3AJ",spam
Oh yah... We never cancel leh... Haha,ham
Usually the body takes care of it buy making sure it doesnt progress. Can we pls continue this talk on saturday.,ham
is your hamster dead? Hey so tmr i meet you at 1pm orchard mrt?,ham
What should i eat fo lunch senor,ham
"K, wait chikku..il send aftr  &lt;#&gt; mins",ham
Can't. I feel nauseous. I'm so pissed. I didn't eat any sweets all week cause today I was planning to pig out. I was dieting all week. And now I'm not hungry :/,ham
"Kate jackson rec center before 7ish, right?",ham
"Customer place, i wil cal u sir.",ham
"aight we can pick some up, you open before tonight?",ham
Guess what! Somebody you know secretly fancies you! Wanna find out who it is? Give us a call on 09065394514 From Landline DATEBox1282EssexCM61XN 150p/min 18,spam
Wif my family booking tour package.,ham
This phone has the weirdest auto correct.,ham
"Sppok up ur mob with a Halloween collection of nokia logo&pic message plus a FREE eerie tone, txt CARD SPOOK to 8007",spam
So dont use hook up any how,ham
Watch lor. I saw a few swatch one i thk quite ok. Ard 116 but i need 2nd opinion leh...,ham
She doesnt need any test.,ham
Don know..he is watching film in computer..,ham
"Get 3 Lions England tone, reply lionm 4 mono or lionp 4 poly. 4 more go 2 www.ringtones.co.uk, the original n best. Tones 3GBP network operator rates apply.",spam
"Huh... Hyde park not in mel ah, opps, got confused... Anyway, if tt's e best choice den we juz have to take it...",ham
Nutter. Cutter. Ctter. Cttergg. Cttargg. Ctargg. Ctagg. ie you,ham
"And how you will do that, princess? :)",ham
We'll you pay over like  &lt;#&gt; yrs so its not too difficult,ham
Crazy ar he's married. Ü like gd looking guys not me. My frens like say he's korean leona's fave but i dun thk he is. Aft some thinking mayb most prob i'll go.,ham
How i noe... She's in da car now... Later then c lar... I'm wearing shorts...,ham
Wylie update: my weed dealer carlos went to freedom and had a class with lunsford,ham
"Yeah, probably but not sure. Ilol let u know, but personally I wuldnt bother, then again if ur goin to then I mite as well!!",ham
Get your garden ready for summer with a FREE selection of summer bulbs and seeds worth £33:50 only with The Scotsman this Saturday. To stop go2 notxt.co.uk,spam
This message is free. Welcome to the new & improved Sex & Dogging club! To unsubscribe from this service reply STOP. msgs@150p 18+only,spam
If I get there before you after your ten billion calls and texts so help me god,ham
"Each Moment in a day,has its own value-Morning brings hope,afternoon brings faith,Evening brings luv,Night brings rest,Wish u find them all today.Good Morning",ham
No just send to you. Bec you in temple na.,ham
Lol grr my mom is taking forever with my prescription. Pharmacy is like 2 minutes away. Ugh.,ham
Your account has been refilled successfully by INR  &lt;DECIMAL&gt; . Your KeralaCircle prepaid account balance is Rs  &lt;DECIMAL&gt; . Your Transaction ID is KR &lt;#&gt; .,ham
O i played smash bros  &lt;#&gt;  religiously.,ham
"New Tones This week include: 1)McFly-All Ab.., 2) Sara Jorge-Shock.. 3) Will Smith-Switch.. To order follow instructions on next message",spam
Im done. Just studyn in library,ham
I've been searching for the right words to thank you for this breather. I promise i wont take your help for granted and will fulfil my promise. You have been wonderful and a blessing at all times.,ham
would u fuckin believe it they didnt know i had thurs pre booked off so they re cancelled me AGAIN! that needs to b sacked,ham
I remain unconvinced that this isn't an elaborate test of my willpower,ham
"Thanx 4 the time weve spent 2geva, its bin mint! Ur my Baby and all I want is u!xxxx",ham
&lt;#&gt; ISH MINUTES WAS 5 MINUTES AGO. WTF.,ham
I dont know ask to my brother. Nothing problem some thing that. Just i told .,ham
"K, jason says he's gonna be around so I'll be up there around  &lt;#&gt;",ham
Dear where you. Call me,ham
I will once i get home,ham
"HI HUN! IM NOT COMIN 2NITE-TELL EVERY1 IM SORRY 4 ME, HOPE U AVA GOODTIME!OLI RANG MELNITE IFINK IT MITE B SORTED,BUT IL EXPLAIN EVERYTHIN ON MON.L8RS.x",ham
Really? I crashed out cuddled on my sofa.,ham
"I think I‘m waiting for the same bus! Inform me when you get there, if you ever get there.",ham
Just do what ever is easier for you,ham
Yes. It's all innocent fun. O:-),ham
Do you want a new Video phone? 600 anytime any network mins 400 Inclusive Video calls AND downloads 5 per week Free delTOMORROW call 08002888812 or reply NOW,spam
None of that's happening til you get here though,ham
For sale - arsenal dartboard. Good condition but no doubles or trebles!,spam
"Hey there! Glad u r better now. I hear u treated urself to a digi cam, is it good? We r off at 9pm. Have a fab new year, c u in coupla wks!",ham
Miserable. They don't tell u that the side effects of birth control are massive gut wrenching cramps for the first 2 months. I didn't sleep at all last night.,ham
Got it! It looks scrumptious... daddy wants to eat you all night long!,ham
Hi. Hope you had a good day. Have a better night.,ham
Nah dub but je still buff,ham
No objection. My bf not coming.,ham
I will cme i want to go to hos 2morow. After that i wil cme. This what i got from her dear what to do. She didnt say any time,ham
What time is ur flight tmr?,ham
"By the way, 'rencontre' is to meet again. Mountains dont....",ham
Ok i wont call or disturb any one. I know all are avoiding me. I am a burden for all,ham
Wishing you a wonderful week.,ham
"Arms fine, how's Cardiff and uni?",ham
But that's on ebay it might be less elsewhere.,ham
He like not v shock leh. Cos telling shuhui is like telling leona also. Like dat almost all know liao. He got ask me abt ur reaction lor.,ham
Good Morning plz call me sir,ham
You will recieve your tone within the next 24hrs. For Terms and conditions please see Channel U Teletext Pg 750,spam
Apart from the one i told you about yesterday?,ham
You best watch what you say cause I get drunk as a motherfucker,ham
Huh y lei...,ham
Babe? You said 2 hours and it's been almost 4 ... Is your internet down ?,ham
"Okies... I'll go yan jiu too... We can skip ard oso, go cine den go mrt one, blah blah blah...",ham
Nope. Meanwhile she talk say make i greet you.,ham
"My planning usually stops at ""find hella weed, smoke hella weed""",ham
I'm aight. Wat's happening on your side.,ham
on a Tuesday night r u 4 real,ham
Sure! I am driving but will reach my destination soon.,ham
"There'll be a minor shindig at my place later tonight, you interested?",ham
Dear good morning now only i am up,ham
No rushing. I'm not working. I'm in school so if we rush we go hungry.,ham
"Oh, then your phone phoned me but it disconnected",ham
"The house is on the water with a dock, a boat rolled up with a newscaster who dabbles in jazz flute behind the wheel",ham
"Haha, just what I was thinkin",ham
I will vote for wherever my heart guides me,ham
I dun believe u. I thk u told him.,ham
Please sen :)my kind advice :-)please come here and try:-),ham
Its ok..come to my home it vl nice to meet and v can chat..,ham
"says that he's quitting at least5times a day so i wudn't take much notice of that. Nah, she didn't mind. Are you gonna see him again? Do you want to come to taunton tonight? U can tell me all about !",ham
Where are you ? What do you do ? How can you stand to be away from me ? Doesn't your heart ache without me ? Don't you wonder of me ? Don't you crave me ?,ham
"Sorry I missed you babe. I was up late and slept in. I hope you enjoy your driving lesson, boytoy. I miss you too ... *teasing kiss*",ham
"G says you never answer your texts, confirm/deny",ham
"accordingly. I repeat, just text the word ok on your mobile phone and send",spam
LIFE has never been this much fun and great until you came in. You made it truly special for me. I won't forget you! enjoy @ one gbp/sms,spam
"Aiyo... U always c our ex one... I dunno abt mei, she haven reply... First time u reply so fast... Y so lucky not workin huh, got bao by ur sugardad ah...gee..",ham
Hi.:)technical support.providing assistance to us customer through call and email:),ham
"Dear Voucher Holder, To claim this weeks offer, at you PC please go to http://www.e-tlp.co.uk/reward. Ts&Cs apply.",spam
I only haf msn. It's yijue@hotmail.com,ham
"House-Maid is the murderer, coz the man was murdered on  &lt;#&gt; th January.. As public holiday all govt.instituitions are closed,including post office..understand?",ham
This is my number by vivek..,ham
Have you not finished work yet or something?,ham
I dont want to hear anything,ham
Hello! How r u? Im bored. Inever thought id get bored with the tv but I am. Tell me something exciting has happened there? Anything! =/,ham
"Wait that's still not all that clear, were you not sure about me being sarcastic or that that's why x doesn't want to live with us",ham
Kent vale lor... Ü wait 4 me there ar?,ham
How much she payed. Suganya.,ham
"Hello, my boytoy! I made it home and my constant thought is of you, my love. I hope your having a nice visit but I can't wait till you come home to me ...*kiss*",ham
I'm going for bath will msg you next  &lt;#&gt;  min..,ham
Or I guess  &lt;#&gt;  min,ham
Booked ticket for pongal?,ham
Of cos can lar i'm not so ba dao ok... 1 pm lor... Y u never ask where we go ah... I said u would ask on fri but he said u will ask today...,ham
"Nothing, i got msg frm tht unknown no..",ham
U wan 2 haf lunch i'm in da canteen now.,ham
Only saturday and sunday holiday so its very difficult:),ham
Captain vijaykanth is doing comedy in captain tv..he is drunken :),ham
Desires- u going to doctor 4 liver. And get a bit stylish. Get ur hair managed. Thats it.,ham
I jus reached home. I go bathe first. But my sis using net tell u when she finishes k...,ham
Good morning pookie pie! Lol hope I didn't wake u up,ham
How abt making some of the pics bigger?,ham
"U were outbid by simonwatson5120 on the Shinco DVD Plyr. 2 bid again, visit sms. ac/smsrewards 2 end bid notifications, reply END OUT",spam
You please give us connection today itself before  &lt;DECIMAL&gt;  or refund the bill,ham
"Hmmm ... And imagine after you've come home from that having to rub my feet, make me dinner and help me get ready for my date ! Are you sure your ready for that kind of life ?",ham
Talk sexy!! Make new friends or fall in love in the worlds most discreet text dating service. Just text VIP to 83110 and see who you could meet.,spam
Still in the area of the restaurant. Ill try to come back soon,ham
I'm leaving my house now...,ham
Thanks for loving me so. You rock,ham
Its a site to simulate the test. It just gives you very tough questions to test your readiness.,ham
Thanx u darlin!im cool thanx. A few bday drinks 2 nite. 2morrow off! Take care c u soon.xxx,ham
Ok can...,ham
Onum ela pa. Normal than.,ham
So that takes away some money worries,ham
I'd like to tell you my deepest darkest fantasies. Call me 09094646631 just 60p/min. To stop texts call 08712460324 (nat rate),spam
"Fun fact: although you would think armand would eventually build up a tolerance or some shit considering how much he smokes, he gets fucked up in like 2 hits",ham
O. Well uv causes mutations. Sunscreen is like essential thesedays,ham
Yar but they say got some error.,ham
"""I;m reaching in another 2 stops.""",ham
What can i do? Might accidant tookplace between somewhere ghodbandar rd. Traffic moves slovely. So plz slip &amp; don't worry.,ham
Y lei?,ham
Hey... are you going to quit soon? Xuhui and i working till end of the month,ham
COME BACK TO TAMPA FFFFUUUUUUU,ham
"FREE NOKIA Or Motorola with upto 12mths 1/2price linerental, 500 FREE x-net mins&100txt/mth FREE B'tooth*. Call Mobileupd8 on 08001950382 or call 2optout/D3WV",spam
Really do hope the work doesnt get stressful. Have a gr8 day.,ham
My sort code is  and acc no is . The bank is natwest. Can you reply to confirm i've sent this to the right person!,ham
Still otside le..u come 2morrow maga..,ham
Dont know supports ass and srt i thnk. I think ps3 can play through usb too,ham
I ask if u meeting da ge tmr nite...,ham
No * am working on the ringing u thing but have whole houseful of screaming brats so * am pulling my hair out! Loving u,ham
Eh den sat u book e kb liao huh...,ham
alright tyler's got a minor crisis and has to be home sooner than he thought so be here asap,ham
"Dont give a monkeys wot they think and i certainly don't mind. Any friend of mine&all that! Just don't sleep wiv , that wud be annoyin!",ham
Dont think so. It turns off like randomlly within 5min of opening,ham
Where u been hiding stranger?,ham
Oh all have to come ah?,ham
G.W.R,ham
I am great princess! What are you thinking about me? :),ham
I know you mood off today,ham
"Just sent you an email – to an address with incomm in it, is that right?",ham
We took hooch for a walk toaday and i fell over! Splat! Grazed my knees and everything! Should have stayed at home! See you tomorrow!,ham
"Yeah work is fine, started last week, all the same stuff as before, dull but easy and guys are fun!",ham
Headin towards busetop,ham
Same as kallis dismissial in 2nd test:-).,ham
Nope but i'm going home now then go pump petrol lor... Like going 2 rain soon...,ham
"He has lots of used ones babe, but the model doesn't help. Youi have to bring it over and he'll match it up",ham
"K, makes sense, btw carlos is being difficult so you guys are gonna smoke while I go pick up the second batch and get gas",ham
Hi' Test on  &lt;#&gt; rd ....,ham
At home watching tv lor.,ham
Good. Good job. I like entrepreneurs,ham
That's good. Lets thank God. Please complete the drug. Have lots of water. And have a beautiful day.,ham
In life when you face choices Just toss a coin not becoz its settle the question But while the coin in the air U will know what your heart is hoping for. Gudni8,ham
As a registered optin subscriber ur draw 4 £100 gift voucher will be entered on receipt of a correct ans to 80062 Whats No1 in the BBC charts,spam
Dunno lei shd b driving lor cos i go sch 1 hr oni.,ham
Gettin rdy to ship comp,ham
", how's things? Just a quick question.",ham
Most of the tiime when i don't let you hug me it's so i don't break into tears.,ham
You have WON a guaranteed £1000 cash or a £2000 prize. To claim yr prize call our customer service representative on 08714712394 between 10am-7pm,spam
Hey!!! I almost forgot ... Happy B-day babe ! I love ya!!,ham
"complimentary 4 STAR Ibiza Holiday or £10,000 cash needs your URGENT collection. 09066364349 NOW from Landline not to lose out! Box434SK38WP150PPM18+",spam
I will see in half an hour,ham
Been up to ne thing interesting. Did you have a good birthday? When are u wrking nxt? I started uni today.,ham
from www.Applausestore.com MonthlySubscription@50p/msg max6/month T&CsC web age16 2stop txt stop,spam
HI ITS JESS I DONT KNOW IF YOU ARE AT WORK BUT CALL ME WHEN U CAN IM AT HOME ALL EVE. XXX,ham
Sindu got job in birla soft ..,ham
That is wondar full flim.,ham
Horrible u eat macs eat until u forgot abt me already rite... U take so long 2 reply. I thk it's more toot than b4 so b prepared. Now wat shall i eat?,ham
This is ur face test ( 1 2 3 4 5 6 7 8 9  &lt;#&gt;  ) select any number i will tell ur face astrology.... am waiting. quick reply...,ham
PRIVATE! Your 2004 Account Statement for 078498****7 shows 786 unredeemed Bonus Points. To claim call 08719180219 Identifier Code: 45239 Expires 06.05.05,spam
Hey mr whats the name of that bill brison book the one about language and words,ham
"Mah b, I'll pick it up tomorrow",ham
"Tell you what, if you make a little spreadsheet and track whose idea it was to smoke to determine who ""smokes too much"" for the entire month of february, I'll come up",ham
Enjoy urself tmr...,ham
Kit Strip - you have been billed 150p. Netcollex Ltd. PO Box 1013 IG11 OJA,spam
HCL chennai requires FRESHERS for voice process.Excellent english needed.Salary upto  &lt;#&gt; .Call Ms.Suman  &lt;#&gt;  for Telephonic interview -via Indyarocks.com,ham
No need lar. Jus testing e phone card. Dunno network not gd i thk. Me waiting 4 my sis 2 finish bathing so i can bathe. Dun disturb u liao u cleaning ur room.,ham
"Good morning, my boytoy! How's those yummy lips ? Where's my sexy buns now ? What do you do ? Do you think of me ? Do you crave me ? Do you need me ?",ham
"The affidavit says  &lt;#&gt;  E Twiggs St, division g, courtroom  &lt;#&gt; , &lt;TIME&gt;  AM. I'll double check and text you again tomorrow",ham
We are pleased to inform that your application for Airtel Broadband is processed successfully. Your installation will happen within 3 days.,ham
Nope thats fine. I might have a nap tho!,ham
"You might want to pull out more just in case and just plan on not spending it if you can, I don't have much confidence in derek and taylor's money management",ham
Its just the effect of irritation. Just ignore it,ham
Okie,ham
You have WON a guaranteed £1000 cash or a £2000 prize. To claim yr prize call our customer service representative on 08714712412 between 10am-7pm Cost 10p,spam
Do you know when the result.,ham
"Sorry da thangam, very very sorry i am held up with prasad.",ham
Hey anyway i have to :-),ham
"""NONE!NOWHERE IKNO DOESDISCOUNT!SHITINNIT""",ham
"Yo, you at jp and hungry like a mofo?",ham
Really good:)dhanush rocks once again:),ham
Macha dont feel upset.i can assume your mindset.believe me one evening with me and i have some wonderful plans for both of us.LET LIFE BEGIN AGAIN.call me anytime,ham
Oh ho. Is this the first time u use these type of words,ham
Get the official ENGLAND poly ringtone or colour flag on yer mobile for tonights game! Text TONE or FLAG to 84199. Optout txt ENG STOP Box39822 W111WX £1.50,spam
"Ok, be careful ! Don't text and drive !",ham
"""CHA QUITEAMUZING THATSCOOL BABE,PROBPOP IN & CU SATTHEN HUNNY 4BREKKIE! LOVE JEN XXX. PSXTRA LRG PORTIONS 4 ME PLEASE """,ham
Teach me apps da. When you come to college.,ham
Holy living christ what is taking you so long,ham
Mine here like all fr china then so noisy.,ham
Thats cool! Sometimes slow and gentle. Sonetimes rough and hard :),ham
You're right I have now that I think about it,ham
Update_Now - 12Mths Half Price Orange line rental: 400mins...Call MobileUpd8 on 08000839402 or call2optout=J5Q,spam
"LOL .. *grins* .. I'm not babe, but thanks for thinking of me!",ham
I (Career Tel) have added u as a contact on INDYAROCKS.COM to send FREE SMS. To remove from phonebook - sms NO to  &lt;#&gt;,ham
"My mobile number.pls sms ur mail id.convey regards to achan,amma.Rakhesh.Qatar",ham
"Sorry to trouble u again. Can buy 4d for my dad again? 1405, 1680, 1843. All 2 big 1 small, sat n sun. Thanx.",ham
Why didn't u call on your lunch?,ham
That day you asked about anand number. Why:-),ham
Ok lor. Anyway i thk we cant get tickets now cos like quite late already. U wan 2 go look 4 ur frens a not? Darren is wif them now...,ham
Omg I want to scream. I weighed myself and I lost more weight! Woohoo!,ham
Just finished. Missing you plenty,ham
You're gonna have to be way more specific than that,ham
"Fighting with the world is easy, u either win or lose bt fightng with some1 who is close to u is dificult if u lose - u lose if u win - u still lose.",ham
Old Orchard near univ. How about you?,ham
YOU HAVE WON! As a valued Vodafone customer our computer has picked YOU to win a £150 prize. To collect is easy. Just call 09061743386,spam
So how are you really. What are you up to. How's the masters. And so on.,ham
How will I creep on you now? ;_;,ham
"I'm gonna be home soon and i don't want to talk about this stuff anymore tonight, k? I've cried enough today.",ham
Can you do online transaction?,ham
What's happening with you. Have you gotten a job and have you begun registration for permanent residency,ham
"Awesome, think we can get an 8th at usf some time tonight?",ham
"God picked up a flower and dippeditinaDEW, lovingly touched itwhichturnedinto u, and the he gifted tomeandsaid,THIS FRIEND IS 4U",ham
....photoshop makes my computer shut down.,ham
Ok set let u noe e details later...,ham
PRIVATE! Your 2003 Account Statement for shows 800 un-redeemed S. I. M. points. Call 08718738002 Identifier Code: 48922 Expires 21/11/04,spam
At 7 we will go ok na.,ham
Can i meet ü at 5.. As 4 where depends on where ü wan 2 in lor..,ham
"As a SIM subscriber, you are selected to receive a Bonus! Get it delivered to your door, Txt the word OK to No: 88600 to claim. 150p/msg, EXP. 30Apr",spam
Lol they don't know about my awesome phone. I could click delete right now if I want.,ham
&lt;#&gt;  w jetton ave if you forgot,ham
Do ü noe if ben is going?,ham
"Sorry, I'll call later ok bye",ham
Auntie huai juan never pick up her phone,ham
"Sure, if I get an acknowledgement from you that it's astoundingly tactless and generally faggy to demand a blood oath fo",ham
Sorry that was my uncle. I.ll keep in touch,ham
"He said that he had a right giggle when he saw u again! You would possibly be the first person2die from NVQ, but think how much you could for!",ham
I also thk too fast... Xy suggest one not me. U dun wan it's ok. Going 2 rain leh where got gd.,ham
haha but no money leh... Later got to go for tuition... Haha and looking for empty slots for driving lessons,ham
"Friendship is not a game to play, It is not a word to say, It doesn\'t start on March and ends on May, It is tomorrow, yesterday, today and e",ham
Yep. I do like the pink furniture tho.,ham
I am in office:)whats the matter..msg me now.i will call you at break:).,ham
But i have to. I like to have love and arrange.,ham
happened here while you were adventuring,ham
The new deus ex game comin early next yr,ham
Ok... Take ur time n enjoy ur dinner...,ham
Sat right? Okay thanks...,ham
Mind blastin.. No more Tsunamis will occur from now on.. Rajnikant stopped swimming in Indian Ocean..:-D,ham
Then ur physics get a-?,ham
Alright i have a new goal now,ham
"Jus chillaxin, what up",ham
"I want to show you the world, princess :) how about europe?",ham
Honestly i've just made a lovely cup of tea and promptly dropped my keys in it and then burnt my fingers getting them out!,ham
Thanx 4 2day! U r a goodmate I THINK UR RITE SARY! ASUSUAL!1 U CHEERED ME UP! LOVE U FRANYxxxxx,ham
PRIVATE! Your 2003 Account Statement for shows 800 un-redeemed S.I.M. points. Call 08718738001 Identifier Code: 49557 Expires 26/11/04,spam
Me hungry buy some food good lei... But mum n yun dun wan juz buy a little bit...,ham
Really... I tot ur paper ended long ago... But wat u copied jus now got use? U happy lar... I still haf 2 study :-(,ham
Nice talking to you! please dont forget my pix :) i want to see all of you...,ham
Err... Cud do. I'm going to  at 8pm. I haven't got a way to contact him until then.,ham
"Can you please ask macho what his price range is, does he want something new or used plus it he only interfued in the blackberry bold  &lt;#&gt;  or any bb",ham
FREE entry into our £250 weekly comp just send the word ENTER to 84128 NOW. 18 T&C www.textcomp.com cust care 08712405020.,spam
How many times i told in the stage all use to laugh. You not listen aha.,ham
"Got what it takes 2 take part in the WRC Rally in Oz? U can with Lucozade Energy! Text RALLY LE to 61200 (25p), see packs or lucozade.co.uk/wrc & itcould be u!",spam
About  &lt;#&gt; bucks. The banks fees are fixed. Better to call the bank and find out.,ham
Future is not what we planned for tomorrow.....! it is the result of what we do today...! Do the best in present... enjoy the future.,ham
"Babe ! How goes that day ? What are you doing ? Where are you ? I sip my cappuccino and think of you, my love ... I send a kiss to you from across the sea",ham
S s..first time..dhoni rocks...,ham
I'm at home n ready...,ham
"House-Maid is the murderer, coz the man was murdered on  &lt;#&gt; th January.. As public holiday all govt.instituitions are closed,including post office..",ham
Ok i shall talk to him,ham
"FREE RINGTONE text FIRST to 87131 for a poly or text GET to 87131 for a true tone! Help? 0845 2814032 16 after 1st free, tones are 3x£150pw to e£nd txt stop",spam
Should i send you naughty pix? :),ham
Okay. I've seen it. So i should pick it on friday?,ham
I am literally in bed and have been up for like  &lt;#&gt;  hours,ham
Eatin my lunch...,ham
Sending you greetings of joy and happiness. Do have a gr8 evening,ham
Hey... Why dont we just go watch x men and have lunch... Haha,ham
Why nothing. Ok anyway give me treat,ham
I'm also came to room.,ham
PRIVATE! Your 2003 Account Statement for shows 800 un-redeemed S. I. M. points. Call 08719899230 Identifier Code: 41685 Expires 07/11/04,spam
Hiya do u like the hlday pics looked horrible in them so took mo out! Hows the camp Amrca thing? Speak soon Serena:),ham
Ball is moving a lot.will spin in last :)so very difficult to bat:),ham
LORD OF THE RINGS:RETURN OF THE KING in store NOW!REPLY LOTR by 2 June 4 Chance 2 WIN LOTR soundtrack CDs StdTxtRate. Reply STOP to end txts,spam
Play w computer? Aiyah i tok 2 u lor?,ham
You know what hook up means right?,ham
Me too baby! I promise to treat you well! I bet you will take good care of me...,ham
Hey sexy buns! What of that day? No word from you this morning on YM ... :-( ... I think of you,ham
"XXXMobileMovieClub: To use your credit, click the WAP link in the next txt message or click here>> http://wap. xxxmobilemovieclub.com?n=QJKGIGHJJGCBL",spam
Yes I started to send requests to make it but pain came back so I'm back in bed. Double coins at the factory too. I gotta cash in all my nitros.,ham
How is your schedule next week? I am out of town this weekend.,ham
Dai i downloaded but there is only exe file which i can only run that exe after installing.,ham
"Probably not, I'm almost out of gas and I get some cash tomorrow",ham
"Congratulations! Thanks to a good friend U have WON the £2,000 Xmas prize. 2 claim is easy, just call 08718726978 NOW! Only 10p per minute. BT-national-rate",spam
Goin to workout lor... Muz lose e fats...,ham
Thats cool. i am a gentleman and will treat you with dignity and respect.,ham
Why tired what special there you had,ham
As in i want custom officer discount oh.,ham
Let me know how to contact you. I've you settled in a room. Lets know you are ok.,ham
Wait  &lt;#&gt;  min..,ham
"Dear Voucher Holder, To claim this weeks offer, at you PC please go to http://www.e-tlp.co.uk/expressoffer Ts&Cs apply. To stop texts, txt STOP to 80062",spam
"Its so common hearin How r u? Wat r u doing? How was ur day? So let me ask u something different. Did u smile today? If not, do it now.... Gud evng.",ham
Hi babe its me thanks for coming even though it didnt go that well!i just wanted my bed! Hope to see you soon love and kisses xxx,ham
No problem. How are you doing?,ham
Its like that hotel dusk game i think. You solve puzzles in a area thing,ham
Hi im having the most relaxing time ever! we have to get up at 7am every day! was the party good the other night? I get home tomorrow at 5ish.,ham
U still going to the mall?,ham
"Maybe westshore or hyde park village, the place near my house?",ham
You were supposed to wake ME up &gt;:(,ham
How about getting in touch with folks waiting for company? Just txt back your NAME and AGE to opt in! Enjoy the community (150p/SMS),spam
I'm going 2 orchard now laready me reaching soon. U reaching?,ham
You dont know you jabo me abi.,ham
Ya:)going for restaurant..,ham
"Dude u knw also telugu..thts gud..k, gud nyt..",ham
"""HEY BABE! FAR 2 SPUN-OUT 2 SPK AT DA MO... DEAD 2 DA WRLD. BEEN SLEEPING ON DA SOFA ALL DAY, HAD A COOL NYTHO, TX 4 FONIN HON, CALL 2MWEN IM BK FRMCLOUD 9! J X""",ham
So what about you. What do you remember,ham
Where @,ham
Are you at work right now ?,ham
Hello hun how ru? Its here by the way. Im good. Been on 2 dates with that guy i met in walkabout so far. We have to meet up soon. Hows everyone else?,ham
"In case you wake up wondering where I am, I forgot I have to take care of something for grandma today, should be done before the parade",ham
Meeting u is my work. . . Tel me when shall i do my work tomorrow,ham
S:-)if we have one good partnership going we will take lead:),ham
K...k...yesterday i was in cbe .,ham
Also where's the piece,ham
Actually i deleted my old website..now i m blogging at magicalsongs.blogspot.com,ham
U call me alter at 11 ok.,ham
"Okay, good, no problem, and thanx!",ham
"I can't speak, bcaz mobile have problem. I can listen you but you cann't listen my voice. So i calls you later.",ham
Sounds better than my evening im just doing my costume. Im not sure what time i finish tomorrow but i will txt you at the end.,ham
Near kalainar tv office.thenampet,ham
Call from 08702490080 - tells u 2 call 09066358152 to claim £5000 prize. U have 2 enter all ur mobile & personal details @ the prompts. Careful!,spam
LOL that would be awesome payback.,ham
"Thanks, I'll keep that in mind",ham
<Forwarded from 448712404000>Please CALL 08712404000 immediately as there is an urgent message waiting for you.,spam
Your pussy is perfect!,ham
I cant pick the phone right now. Pls send a message,ham
Great! So what attracts you to the brothas?,ham
o turns out i had stereo love on mi phone under the unknown album.,ham
He is world famamus....,ham
Of course. I guess god's just got me on hold right now.,ham
Don know..wait i will check it.,ham
Now i'm going for lunch.,ham
Sorry for the delay. Yes masters,ham
Why de. You looking good only:-)..,ham
"K I'm ready,  &lt;#&gt; ?",ham
"We spend our days waiting for the ideal path to appear in front of us.. But what we forget is.. ""paths are made by walking.. not by waiting.."" Goodnight!",ham
Where's my boytoy? I miss you ... What happened?,ham
Where is that one day training:-),ham
I know you are. Can you pls open the back?,ham
Get ur 1st RINGTONE FREE NOW! Reply to this msg with TONE. Gr8 TOP 20 tones to your phone every week just £1.50 per wk 2 opt out send STOP 08452810071 16,spam
That was random saw my old roomate on campus. He graduated,ham
"Alright, I'll head out in a few minutes, text me where to meet you",ham
He says hi and to get your ass back to south tampa (preferably at a kegger),ham
"Babe, I'm back ... Come back to me ...",ham
"No I'm good for the movie, is it ok if I leave in an hourish?",ham
I'm at bruce &amp; fowler now but I'm in my mom's car so I can't park (long story),ham
Okay same with me. Well thanks for the clarification,ham
No problem. Talk to you later,ham
Let me know how it changes in the next 6hrs. It can even be appendix but you are out of that age range. However its not impossible. So just chill and let me know in 6hrs,ham
I don't know jack shit about anything or i'd say/ask something helpful but if you want you can pretend that I did and just text me whatever in response to the hypotheticalhuagauahahuagahyuhagga,ham
U having lunch alone? I now so bored...,ham
Oooh bed ridden ey? What are YOU thinking of?,ham
Aight ill get on fb in a couple minutes,ham
Y she dun believe leh? I tot i told her it's true already. I thk she muz c us tog then she believe.,ham
Babe ? I lost you ... :-(,ham
The basket's gettin full so I might be by tonight,ham
"Actually nvm, got hella cash, we still on for  &lt;#&gt; ish?",ham
If we win its really no 1 side for long time.,ham
Cheers for the message Zogtorius. Ive been staring at my phone for an age deciding whether to text or not.,ham
Yes. Rent is very expensive so its the way we save.,ham
My sister going to earn more than me da.,ham
Nice.nice.how is it working?,ham
How are you. Wish you a great semester,ham
"Science tells that chocolate will melt under the sunlight. Please don't walk under the sunlight. BCoz,I don't want to loss a sweet friend.",ham
Roger that. We‘re probably going to rem in about 20,ham
There is no sense in my foot and penis.,ham
I will reach ur home in  &lt;#&gt;  minutes,ham
SO IS TH GOWER MATE WHICH IS WHERE I AM!?! HOW R U MAN? ALL IS GOOD IN WALES ILL B BACK MORROW. C U THIS WK? WHO WAS THE MSG 4?  RANDOM!,ham
My drive can only be read. I need to write,ham
Ringtone Club: Get the UK singles chart on your mobile each week and choose any top quality ringtone! This message is free of charge.,spam
"I‘ll leave around four, ok?",ham
Then. You are eldest know.,ham
No need to ke qi... Ü too bored izzit y suddenly thk of this...,ham
I thk 530 lor. But dunno can get tickets a not. Wat u doing now?,ham
U wake up already? Thanx 4 e tau sar piah it's quite nice.,ham
… and don‘t worry we‘ll have finished by march … ish!,ham
"For you information, IKEA is spelled with all caps. That is not yelling. when you thought i had left you, you were sitting on the bed among the mess when i came in. i said we were going after you got home from class. please don't try and bullshit me. It makes me want to listen to you less.",ham
Sorry about that this is my mates phone and i didnt write it love Kate,ham
"I keep seeing weird shit and bein all ""woah"" then realising it's actually reasonable and I'm all ""oh""",ham
What i told before i tell. Stupid hear after i wont tell anything to you. You dad called to my brother and spoken. Not with me.,ham
Urgent Please call 09066612661 from landline. £5000 cash or a luxury 4* Canary Islands Holiday await collection. T&Cs SAE award. 20M12AQ. 150ppm. 16+ “,spam
Ü v ma fan...,ham
Sexy Singles are waiting for you! Text your AGE followed by your GENDER as wither M or F E.G.23F. For gay men text your AGE followed by a G. e.g.23G.,spam
"Claim a 200 shopping spree, just call 08717895698 now! Have you won! MobStoreQuiz10ppm",spam
Not thought bout it... || Drink in tap & spile at seven. || Is that pub on gas st off broad st by canal. || Ok?,ham
Quite ok but a bit ex... U better go eat smth now else i'll feel guilty...,ham
Your next amazing xxx PICSFREE1 video will be sent to you enjoy! If one vid is not enough for 2day text back the keyword PICSFREE1 to get the next video.,spam
I not at home now lei...,ham
"Congrats! 1 year special cinema pass for 2 is yours. call 09061209465 now! C Suprman V, Matrix3, StarWars3, etc all 4 FREE! bx420-ip4-5we. 150pm. Dont miss out!",spam
"I'm an actor. When i work, i work in the evening and sleep late. Since i'm unemployed at the moment, i ALWAYS sleep late. When you're unemployed, every day is saturday.",ham
Webpage s not available!,ham
I am sorry it hurt you.,ham
Er mw im filled tuth is aight,ham
I love you both too :-),ham
If you r @ home then come down within 5 min,ham
You want to go?,ham
Sorry * was at the grocers.,ham
Then u ask darren go n pick u lor... But i oso sian tmr haf 2 meet lect...,ham
Tell me again what your address is,ham
We have pizza if u want,ham
Didn't you get hep b immunisation in nigeria.,ham
Lolnice. I went from a fish to ..water.?,ham
HI BABE IM AT HOME NOW WANNA DO SOMETHING? XX,ham
"Yeah there's quite a bit left, I'll swing by tomorrow when I get up",ham
You sure your neighbors didnt pick it up,ham
My sister got placed in birla soft da:-),ham
U say leh... Of course nothing happen lar. Not say v romantic jus a bit only lor. I thk e nite scenery not so nice leh.,ham
I'm wif him now buying tix lar...,ham
"Jay wants to work out first, how's 4 sound?",ham
"Aight text me when you're back at mu and I'll swing by, need somebody to get the door for me",ham
Boo I'm on my way to my moms. She's making tortilla soup. Yummmm,ham
I am back. Bit long cos of accident on a30. Had to divert via wadebridge.I had a brilliant weekend thanks. Speak soon. Lots of love,ham
Send me yetty's number pls.,ham
Anything is valuable in only 2 situations: First- Before getting it... Second- After loosing it...,ham
I know complain num only..bettr directly go to bsnl offc nd apply for it..,ham
"How long has it been since you screamed, princess?",ham
SORRY IM STIL FUCKED AFTER LAST NITE WENT TOBED AT 430 GOT UP 4 WORK AT 630,ham
My superior telling that friday is leave for all other department except ours:)so it will be leave for you:)any way call waheed fathima hr and conform it:),ham
"K, my roommate also wants a dubsack and another friend may also want some so plan on bringing extra, I'll tell you when they know for sure",ham
Haiyoh... Maybe your hamster was jealous of million,ham
You will go to walmart. I.ll stay.,ham
Yo! Howz u? girls never rang after india. L,ham
I got your back! Do you have any dislikes in bed?,ham
Nope but i'll b going 2 sch on fri quite early lor cos mys sis got paper in da morn :-),ham
In the end she might still vomit but its okay. Not everything will come out.,ham
No b4 Thursday,ham
Why must we sit around and wait for summer days to celebrate. Such a magical sight when the worlds dressed in white. Oooooh let there be snow.,ham
Free any day but i finish at 6 on mon n thurs...,ham
I'm in class. Did you get my text.,ham
Then u drive lor.,ham
Going thru a very different feeling.wavering decisions and coping up with the same is the same individual.time will heal everything i believe.,ham
You still coming tonight?,ham
"I sent you the prices and do you mean the  &lt;#&gt; g,",ham
UR awarded a City Break and could WIN a £200 Summer Shopping spree every WK. Txt STORE to 88039 . SkilGme. TsCs087147403231Winawk!Age16 £1.50perWKsub,spam
hi my darlin im on my way to London and we have just been smashed into by another driver! and have a big dent! im really missing u what have u been up to? xxx,ham
"If you want to mapquest it or something look up ""usf dogwood drive"", that's the tiny street where the parking lot is",ham
"Geeee ... I miss you already, you know ? Your all I can think about. Fuck, I can't wait till next year when we will be together ... *loving kiss*",ham
Thanx...,ham
Just normal only here :),ham
It has everything to do with the weather. Keep extra warm. Its a cold but nothing serious. Pls lots of vitamin c,ham
Nvm take ur time.,ham
I‘m going to try for 2 months ha ha only joking,ham
When did i use soc... I use it only at home... Ü dunno how 2 type it in word ar...,ham
"Aight no rush, I'll ask jay",ham
Will purchase d stuff today and mail to you. Do you have a po box number?,ham
LOL ... No just was busy,ham
"Orange brings you ringtones from all time Chart Heroes, with a free hit each week! Go to Ringtones & Pics on wap. To stop receiving these tips reply STOP.",spam
Get me out of this dump heap. My mom decided to come to lowes. BORING.,ham
"You are being contacted by our dating service by someone you know! To find out who it is, call from a land line 09050000878. PoBox45W2TG150P",spam
Wait 2 min..stand at bus stop,ham
"Sorry, I can't help you on this.",ham
"Short But Cute : "" Be a good person , but dont try to prove"" ..... Gud mrng...",ham
I probably won't eat at all today. I think I'm gonna pop. How was your weekend? Did u miss me?,ham
"New Mobiles from 2004, MUST GO! Txt: NOKIA to No: 89545 & collect yours today! From ONLY £1. www.4-tc.biz 2optout 087187262701.50gbp/mtmsg18 TXTAUCTION.",spam
"Chinatown got porridge, claypot rice, yam cake, fishhead beehoon... Either we eat cheap den go cafe n tok or go nydc or somethin...",ham
"Aight, I'll text you when I'm back",ham
What time should I tell my friend to be around?,ham
Happy new year. Hope you are having a good semester,ham
The guy did some bitching but I acted like i'd be interested in buying something else next week and he gave it to us for free,ham
Howz pain.it will come down today.do as i said ystrday.ice and medicine.,ham
Oh k k:)but he is not a big hitter.anyway good,ham
"Goodmorning, today i am late for 1hr.",ham
He telling not to tell any one. If so treat for me hi hi hi,ham
"Do 1 thing! Change that sentence into: ""Because i want 2 concentrate in my educational career im leaving here..""",ham
1Apple/Day=No Doctor. 1Tulsi Leaf/Day=No Cancer. 1Lemon/Day=No Fat. 1Cup Milk/day=No Bone Problms 3 Litres Watr/Day=No Diseases Snd ths 2 Whom U Care..:-),ham
hope things went well at 'doctors' ;) reminds me i still need 2go.did u c d little thing i left in the lounge?,ham
"Just checked out, heading out to drop off my stuff now",ham
I think steyn surely get one wicket:),ham
I love to wine and dine my lady!,ham
Mm not entirely sure i understood that text but hey. Ho. Which weekend?,ham
How did you find out in a way that didn't include all of these details,ham
Here got ur favorite oyster... N got my favorite sashimi... Ok lar i dun say already... Wait ur stomach start rumbling...,ham
Leave it de:-). Start Prepare for next:-)..,ham
Marvel Mobile Play the official Ultimate Spider-man game (£4.50) on ur mobile right now. Text SPIDER to 83338 for the game & we ll send u a FREE 8Ball wallpaper,spam
"""What are youdoing later? Sar xxx""",ham
You have 1 new message. Please call 08712400200.,spam
U GOIN OUT 2NITE?,ham
"""Speak only when you feel your words are better than the silence..."" Gud mrng:-)",ham
Hey sathya till now we dint meet not even a single time then how can i saw the situation sathya.,ham
"Mum, i've sent you many many messages since i got here. I just want to know that you are actually getting them. Do enjoy the rest of your day.",ham
FreeMsg Hi baby wow just got a new cam moby. Wanna C a hot pic? or Fancy a chat?Im w8in 4uTxt / rply CHAT to 82242 Hlp 08712317606 Msg150p 2rcv,spam
Ok. I only ask abt e movie. U wan ktv oso?,ham
"Gr8 Poly tones 4 ALL mobs direct 2u rply with POLY TITLE to 8007 eg POLY BREATHE1 Titles: CRAZYIN, SLEEPINGWITH, FINEST, YMCA :getzed.co.uk POBox365O4W45WQ 300p",spam
"U need my presnts always bcz U cant mis love. ""jeevithathile irulinae neekunna prakasamanu sneham"" prakasam ennal prabha 'That mns prabha is'LOVE' Got it. Dont mis me....",ham
"I noe la... U wana pei bf oso rite... K lor, other days den...",ham
"Hi, Mobile no.  &lt;#&gt;  has added you in their contact list on www.fullonsms.com It s a great place to send free sms to people For more visit fullonsms.com",ham
Yup. Izzit still raining heavily cos i'm in e mrt i can't c outside.,ham
So u gonna get deus ex?,ham
Dont hesitate. You know this is the second time she has had weakness like that. So keep i notebook of what she eat and did the day before or if anything changed the day before so that we can be sure its nothing,ham
At 4. Let's go to bill millers,ham
May b approve panalam...but it should have more posts..,ham
Ok i juz receive..,ham
"Living is very simple.. Loving is also simple.. Laughing is too simple.. Winning is tooo simple.. But, being 'SIMPLE' is very difficult.. Gud nte.:-",ham
Shb b ok lor... Thanx...,ham
URGENT! Your Mobile number has been awarded with a £2000 prize GUARANTEED. Call 09058094454 from land line. Claim 3030. Valid 12hrs only,spam
What's ur pin?,ham
"Oh my god! I've found your number again! I'm so glad, text me back xafter this msgs cst std ntwk chg £1.50",spam
<Forwarded from 88877>FREE entry into our £250 weekly comp just send the word ENTER to 88877 NOW. 18 T&C www.textcomp.com,spam
Do you think i can move  &lt;#&gt;  in a week,ham
"Honey, can you pls find out how much they sell Predicte in Nigeria. And how many times can it be used. Its very important to have a reply before monday",ham
HARD BUT TRUE: How much you show &amp;  express your love to someone....that much it will hurt when they leave you or you get seperated...!鈥┾??〨ud evening...,ham
I'm home. Ard wat time will u reach?,ham
Yes:)sura in sun tv.:)lol.,ham
U calling me right? Call my hand phone...,ham
"Abeg, make profit. But its a start. Are you using it to get sponsors for the next event?",ham
WOT STUDENT DISCOUNT CAN U GET ON BOOKS?,ham
"By the way, i've put a skip right outside the front of the house so you can see which house it is. Just pull up before it.",ham
Fine. Do you remember me.,ham
"Cool, text me when you're parked",ham
They will pick up and drop in car.so no problem..,ham
They just talking thats it de. They wont any other.,ham
"Fantasy Football is back on your TV. Go to Sky Gamestar on Sky Active and play £250k Dream Team. Scoring starts on Saturday, so register now!SKY OPT OUT to 88088",spam
This weekend is fine (an excuse not to do too much decorating),ham
Then get some cash together and I'll text jason,ham
You made my day. Do have a great day too.,ham
"Ill call u 2mrw at ninish, with my address that icky American freek wont stop callin me 2 bad Jen k eh?",ham
I can do that! I want to please you both inside and outside the bedroom...,ham
Hope this text meets you smiling. If not then let this text give you a reason to smile. Have a beautiful day.,ham
"0A$NETWORKS allow companies to bill for SMS, so they are responsible for their ""suppliers"", just as a shop has to give a guarantee on what they sell. B. G.",spam
Pls she needs to dat slowly or she will vomit more.,ham
Sir send to group mail check it.,ham
"Thanks for your ringtone order, ref number R836. Your mobile will be charged £4.50. Should your tone not arrive please call customer services on 09065069154",spam
"Call 09094100151 to use ur mins! Calls cast 10p/min (mob vary). Service provided by AOM, just GBP5/month. AOM Box61,M60 1ER until u stop. Ages 18+ only!",spam
Lol. Well quality aint bad at all so i aint complaining,ham
Hey darlin.. i can pick u up at college if u tell me wen & where 2 mt.. love Pete xx,ham
Thanks for this hope you had a good day today,ham
88800 and 89034 are premium phone services call 08718711108,spam
Sorry i now then c ur msg... Yar lor so poor thing... But only 4 one night... Tmr u'll have a brand new room 2 sleep in...,ham
Does she usually take fifteen fucking minutes to respond to a yes or no question,ham
"This weeks SavaMob member offers are now accessible. Just call 08709501522 for details! SavaMob, POBOX 139, LA3 2WU. Only £1.50/week. SavaMob - offers mobile!",spam
Ok. But i finish at 6.,ham
Sorry i missed your call. Can you please call back.,ham
"And stop wondering ""wow is she ever going to stop tm'ing me ?!"" because I will tm you whenever I want because you are MINE ... *laughs*",ham
Do you work all this week ?,ham
Did u receive my msg?,ham
Hanging out with my brother and his family,ham
"Japanese Proverb: If one Can do it, U too Can do it, If none Can do it,U must do it Indian version: If one Can do it, LET HIM DO it.. If none Can do it,LEAVE it!! And finally Kerala version: If one can do it, Stop him doing it.. If none can do it, Make a strike against it ...",ham
I want to see your pretty pussy...,ham
OK i'm waliking ard now... Do u wan me 2 buy anything go ur house?,ham
Send a logo 2 ur lover - 2 names joined by a heart. Txt LOVE NAME1 NAME2 MOBNO eg LOVE ADAM EVE 07123456789 to 87077 Yahoo! POBox36504W45WQ TxtNO 4 no ads 150p.,spam
You should get more chicken broth if you want ramen unless there's some I don't know about,ham
How much r ü willing to pay?,ham
Yetunde i'm in class can you not run water on it to make it ok. Pls now.,ham
"Cool, text me when you head out",ham
88066 FROM 88066 LOST 3POUND HELP,spam
Yay can't wait to party together!,ham
HI DARLIN HOW WAS WORK DID U GET INTO TROUBLE? IJUST TALKED TO YOUR MUM ALL MORNING! I HAD A REALLY GOOD TIME LAST NIGHT IM GOIN OUT SOON BUT CALL ME IF U CAN,ham
"Oh yes, why is it like torture watching england?",ham
Ok ill send you with in  &lt;DECIMAL&gt;  ok.,ham
yes baby! I need to stretch open your pussy!,ham
Yes.mum lookin strong:),ham
"Hmm... Dunno leh, mayb a bag 4 goigng out dat is not too small. Or jus anything except perfume, smth dat i can keep.",ham
"HELLOGORGEOUS, HOWS U? MY FONE WAS ON CHARGE LST NITW WEN U TEXD ME. HOPEU AD A NICE WKEND AS IM SURE U DID LOOKIN 4WARD 2 C-IN U 2MRW LUV JAZ",ham
Oh yeah clearly it's my fault,ham
Shall call now dear having food,ham
Well. Im computerless. Time to make some oreo truffles,ham
"We know someone who you know that fancies you. Call 09058097218 to find out who. POBox 6, LS15HB 150p",spam
I'm not driving... Raining! Then i'll get caught at e mrt station lor.,ham
Morning only i can ok.,ham
I told that am coming on wednesday.,ham
Sorry sent blank msg again. Yup but trying 2 do some serious studying now.,ham
Well welp is sort of a semiobscure internet thing,ham
"Oh... I was thkin of goin yogasana at 10 den no nd to go at 3 den can rush to parco 4 nb... Okie lor, u call me when ready...",ham
No that just means you have a fat head,ham
Went to ganesh dress shop,ham
Text BANNEDUK to 89555 to see! cost 150p textoperator g696ga 18+ XXX,spam
Thanx 4 sending me home...,ham
"U can WIN £100 of Music Gift Vouchers every week starting NOW Txt the word DRAW to 87066 TsCs www.ldew.com SkillGame,1Winaweek, age16.150ppermessSubscription",spam
No it was cancelled yeah baby! Well that sounds important so i understand my darlin give me a ring later on this fone love Kate x,ham
Today is ACCEPT DAY..U Accept me as? Brother Sister Lover Dear1 Best1 Clos1 Lvblefrnd Jstfrnd Cutefrnd Lifpartnr Belovd Swtheart Bstfrnd No rply means enemy,ham
"Lol ... Oh no babe, I wont be sliding into your place after midnight, but thanks for the invite",ham
But i juz remembered i gotta bathe my dog today..,ham
Ok i thk i got it. Then u wan me 2 come now or wat?,ham
"I get out of class in bsn in like  &lt;#&gt;  minutes, you know where advising is?",ham
soon you will have the real thing princess! Do i make you wet? :),ham
Hey you around? I've got enough for a half + the ten I owe you,ham
Its a valentine game. . . Send dis msg to all ur friends. .. If 5 answers r d same then someone really loves u. Ques- which colour suits me the best?rply me,ham
Hey morning what you come to ask:-) pa...,ham
"Christmas is An occasion that is Celebrated as a Reflection of UR... Values..., Desires..., Affections...&amp; Traditions.... Have an ideal Christmas...",ham
Ok lor...,ham
No pic. Please re-send.,ham
Hi Dear Call me its urgnt. I don't know whats your problem. You don't want to work or if you have any other problem at least tell me. Wating for your reply.,ham
Yes I posted a couple of pics on fb. There's still snow outside too. I'm just waking up :),ham
Alex says he's not ok with you not being ok with it,ham
"""Im at arestaurant eating squid! i will be out about 10:30 wanna dosomething or is that to late?""",ham
If u sending her home first it's ok lor. I'm not ready yet.,ham
2p per min to call Germany 08448350055 from your BT line. Just 2p per min. Check PlanetTalkInstant.com for info & T's & C's. Text stop to opt out,spam
Our records indicate u maybe entitled to 5000 pounds in compensation for the Accident you had. To claim 4 free reply with CLAIM to this msg. 2 stop txt STOP,spam
Have you got Xmas radio times. If not i will get it now,ham
Tell your friends what you plan to do on Valentines day @ &lt;URL&gt;,ham
I am not at all happy with what you saying or doing,ham
Ü mean it's confirmed... I tot they juz say oni... Ok then...,ham
I'm freezing and craving ice. Fml,ham
Ok no prob,ham
Anytime lor...,ham
"Will u meet ur dream partner soon? Is ur career off 2 a flyng start? 2 find out free, txt HORO followed by ur star sign, e. g. HORO ARIES",spam
gonna let me know cos comes bak from holiday that day.  is coming. Don't4get2text me  number.,ham
Eh u send wrongly lar...,ham
What happen dear. Why you silent. I am tensed,ham
"Ups which is 3days also, and the shipping company that takes 2wks. The other way is usps which takes a week but when it gets to lag you may have to bribe nipost to get your stuff.",ham
Glad it went well :) come over at 11 then we'll have plenty of time before claire goes to work.,ham
"And very importantly, all we discuss is between u and i only.",ham
Your gonna have to pick up a $1 burger for yourself on your way home. I can't even move. Pain is killing me.,ham
I was about to do it when i texted. I finished a long time ago and showered and er'ything!,ham
"K, text me when you're on the way",ham
Did you stitch his trouser,ham
HAPPY NEW YEAR MY NO.1 MAN,ham
Forgot to tell ü smth.. Can ü like number the sections so that it's clearer..,ham
I'm ok wif it cos i like 2 try new things. But i scared u dun like mah. Cos u said not too loud.,ham
"I'm in solihull, | do you want anything?",ham
Yeah do! Don‘t stand to close tho- you‘ll catch something!,ham
As one of our registered subscribers u can enter the draw 4 a 100 G.B. gift voucher by replying with ENTER. To unsubscribe text STOP,spam
"Honey ? Sweetheart ? Darling ? Sexy buns ? Sugar plum ? Loverboy ? I miss you, boytoy ... *smacks your ass* Did you go to the gym too ?",ham
The 2 oz guy is being kinda flaky but one friend is interested in picking up $ &lt;#&gt;  worth tonight if possible,ham
Pathaya enketa maraikara pa',ham
Y?WHERE U AT DOGBREATH? ITS JUST SOUNDING LIKE JAN C THATS AL!!!!!!!!!,ham
Wot is u up 2 then bitch?,ham
"Whats that coming over the hill..... Is it a monster! Hope you have a great day. Things r going fine here, busy though!",ham
Yunny... I'm goin to be late,ham
Free entry in 2 a wkly comp to win FA Cup final tkts 21st May 2005. Text FA to 87121 to receive entry question(std txt rate)T&C's apply 08452810075over18's,spam
"Dunno, my dad said he coming home 2 bring us out 4 lunch. Yup i go w u lor. I call u when i reach school lor...",ham
K..k:)how much does it cost?,ham
4mths half price Orange line rental & latest camera phones 4 FREE. Had your phone 11mths ? Call MobilesDirect free on 08000938767 to update now! or2stoptxt,spam
money!!! you r a lucky winner ! 2 claim your prize text money 2 88600 over £1million to give away ! ppt150x3+normal text rate box403 w1t1jy,spam
I wud never mind if u dont miss me or if u dont need me.. But u wil really hurt me wen u need me &amp; u dont tell me......... Take care:-),ham
Ok..,ham
Ur cash-balance is currently 500 pounds - to maximize ur cash-in now send GO to 86688 only 150p/msg. CC 08718720201 HG/Suite342/2Lands Row/W1J6HL,spam
Got it. Seventeen pounds for seven hundred ml – hope ok.,ham
Not getting anywhere with this damn job hunting over here!,ham
Haven't heard anything and he's not answering my texts so I'm guessing he flaked. That said the jb is fantastic,ham
She's good. How are you. Where r u working now,ham
URGENT! We are trying to contact you. Last weekends draw shows that you have won a £900 prize GUARANTEED. Call 09061701851. Claim code K61. Valid 12hours only,spam
I'm in inside office..still filling forms.don know when they leave me.,ham
Thanks 4 your continued support Your question this week will enter u in2 our draw 4 £100 cash. Name the NEW US President? txt ans to 80082,spam
Just nw i came to hme da..,ham
"Actually fuck that, just do whatever, do find an excuse to be in tampa at some point before january though",ham
Ok... Sweet dreams...,ham
"Me also da, i feel yesterday night  wait til 2day night dear.",ham
Ok lor ü reaching then message me.,ham
"[…] anyway, many good evenings to u! s",ham
SMS AUCTION - A BRAND NEW Nokia 7250 is up 4 auction today! Auction is FREE 2 join & take part! Txt NOKIA to 86021 now! HG/Suite342/2Lands Row/W1J6HL,spam
Lol for real. She told my dad I have cancer,ham
somewhere out there beneath the pale moon light someone think in of u some where out there where dreams come true... goodnite &amp; sweet dreams,ham
"It's cool, let me know before it kicks off around  &lt;#&gt; , I'll be out and about all day",ham
Me fine..absolutly fine,ham
And is there a way you can send shade's stuff to her. And she has been wonderful too.,ham
There are some nice pubs near here or there is Frankie n Bennys near the warner cinema?,ham
"Hurry up, I've been weed-deficient for like three days",ham
will you like to be spoiled? :),ham
FREE for 1st week! No1 Nokia tone 4 ur mobile every week just txt NOKIA to 8077 Get txting and tell ur mates. www.getzed.co.uk POBox 36504 W45WQ 16+ norm150p/tone,spam
"Hi frnd, which is best way to avoid missunderstding wit our beloved one's?",ham
"Sir, I need AXIS BANK account no and bank address.",ham
Don't fret. I'll buy the ovulation test strips and send them to you. You wont get them til like march. Can you send me your postal address.u'll be alright.Okay.,ham
"Yun ah.the ubi one say if ü wan call by tomorrow.call 67441233 look for irene.ere only got bus8,22,65,61,66,382. Ubi cres,ubi tech park.6ph for 1st 5wkg days.èn",ham
I couldn't say no as he is a dying man and I feel sad for him so I will go and I just wanted you to know I would probably be gone late into your night,ham
So u wan 2 come for our dinner tonight a not?,ham
Sounds great! Are you home now?,ham
"Im sorry bout last nite it wasnt ur fault it was me, spouse it was pmt or sumthin! U 4give me? I think u shldxxxx",ham
Yoyyooo u know how to change permissions for a drive in mac. My usb flash drive,ham
Erm. I thought the contract ran out the4th of october.,ham
I love you. You set my soul on fire. It is not just a spark. But it is a flame. A big rawring flame. XoXo,ham
Hey. You got any mail?,ham
Ugh I don't wanna get out of bed. It's so warm.,ham
"Actually, my mobile is full of msg. And i m doing a work online, where i need to send them  &lt;#&gt;  sent msg i wil explain u later.",ham
I've not sent it. He can send me.,ham
"""URGENT! This is the 2nd attempt to contact U!U have WON £1000CALL 09071512432 b4 300603t&csBCM4235WC1N3XX.callcost150ppmmobilesvary. max£7. 50""",spam
Have you been practising your curtsey?,ham
Please tell me not all of my car keys are in your purse,ham
Sian... Aft meeting supervisor got work 2 do liao... U working now?,ham
"Playin space poker, u?",ham
K..k:)where are you?how did you performed?,ham
"That's cool he'll be here all night, lemme know when you're around",ham
Actually i'm waiting for 2 weeks when they start putting ad.,ham
Ya i knw u vl giv..its ok thanks kano..anyway enjoy wit ur family wit 1st salary..:-);-),ham
I think if he rule tamilnadu..then its very tough for our people.,ham
My darling sister. How are you doing. When's school resuming. Is there a minimum wait period before you reapply? Do take care,ham
Yep get with the program. You're slacking.,ham
Thanks for looking out for me. I really appreciate.,ham
Thnx dude. u guys out 2nite?,ham
Will be out of class in a few hours. Sorry,ham
"How is my boy? No sweet words left for me this morning ... *sighs* ... How goes you day, my love ? Did you start your studying?",ham
"YOU VE WON! Your 4* Costa Del Sol Holiday or £5000 await collection. Call 09050090044 Now toClaim. SAE, TC s, POBox334, Stockport, SK38xh, Cost£1.50/pm, Max10mins",spam
"Turns out my friends are staying for the whole show and won't be back til ~ &lt;#&gt; , so feel free to go ahead and smoke that $ &lt;#&gt;  worth",ham
Double Mins & Double Txt & 1/2 price Linerental on Latest Orange Bluetooth mobiles. Call MobileUpd8 for the very latest offers. 08000839402 or call2optout/LF56,spam
Hasn't that been the pattern recently crap weekends?,ham
"Did I forget to tell you ? I want you , I need you, I crave you ... But most of all ... I love you my sweet Arabian steed ... Mmmmmm ... Yummy",ham
I'm awake oh. What's up.,ham
Dont think you need yellow card for uk travel. Ask someone that has gone before. If you do its just  &lt;#&gt; bucks,ham
In sch but neva mind u eat 1st lor..,ham
"If e timing can, then i go w u lor...",ham
No break time one... How... I come out n get my stuff fr ü?,ham
Your 2004 account for 07XXXXXXXXX shows 786 unredeemed points. To claim call 08719181259 Identifier code: XXXXX Expires 26.03.05,spam
Takin a shower now but yeah I'll leave when I'm done,ham
I'm working technical support :)voice process.,ham
We not leaving yet. Ok lor then we go elsewhere n eat. U thk...,ham
Ur TONEXS subscription has been renewed and you have been charged £4.50. You can choose 10 more polys this month. www.clubzed.co.uk *BILLING MSG*,spam
IM REALY SOZ IMAT MY MUMS 2NITE WHAT ABOUT 2MORO,ham
"3 FREE TAROT TEXTS! Find out about your love life now! TRY 3 FOR FREE! Text CHANCE to 85555 16 only! After 3 Free, Msgs £1.50 each",spam
"Good afternoon, my love! How goes that day ? I hope maybe you got some leads on a job. I think of you, boytoy and send you a passionate kiss from across the sea",ham
Ok then no need to tell me anything i am going to sleep good night,ham
Oh did you charge camera,ham
No probs hon! How u doinat the mo?,ham
Ok how you dear. Did you call chechi,ham
"Machan you go to gym tomorrow,  i wil come late goodnight.",ham
Anytime...,ham
"Yep, by the pretty sculpture",ham
In da car park,ham
Free entry in 2 a weekly comp for a chance to win an ipod. Txt POD to 80182 to get entry (std txt rate) T&C's apply 08452810073 for details 18+,spam
You said not now. No problem. When you can. Let me know.,ham
Good morning princess! Happy New Year!,ham
U should make a fb list,ham
PRIVATE! Your 2003 Account Statement for shows 800 un-redeemed S.I.M. points. Call 08715203685 Identifier Code:4xx26 Expires 13/10/04,spam
Went fast asleep dear.take care.,ham
Well i will watch shrek in 3D!!B),ham
"Hey Boys. Want hot XXX pics sent direct 2 ur phone? Txt PORN to 69855, 24Hrs free and then just 50p per day. To stop text STOPBCM SF WC1N3XX",spam
HI DARLIN ITS KATE ARE U UP FOR DOIN SOMETHIN TONIGHT? IM GOING TO A PUB CALLED THE SWAN OR SOMETHING WITH MY PARENTS FOR ONE DRINK SO PHONE ME IF U CAN,ham
Rofl. Its true to its name,ham
Dorothy@kiefer.com (Bank of Granite issues Strong-Buy) EXPLOSIVE PICK FOR OUR MEMBERS *****UP OVER 300% *********** Nasdaq Symbol CDGT That is a $5.00 per..,spam
U horrible gal... U knew dat i was going out wif him yest n u still come n ask me...,ham
* Am on a train back from northampton so i'm afraid not!,ham
"Good FRIENDS CaRE for each Other.. CLoSE Friends UNDERSTaND each Other... and TRUE Friends STaY forever beyond words, beyond time. Gud ni8",ham
No let me do the math. Your not good at it.,ham
"Oh... Haha... Den we shld had went today too... Gee, nvm la... Kaiez, i dun mind goin jazz oso... Scared hiphop open cant catch up...",ham
&lt;#&gt;  mins but i had to stop somewhere first.,ham
Ahhh. Work. I vaguely remember that! What does it feel like? Lol,ham
Yar... I tot u knew dis would happen long ago already.,ham
"Hi hope u r both ok, he said he would text and he hasn't, have u seen him, let me down gently please",ham
Reason is if the team budget is available at last they buy the unsold players for at base rate..,ham
Ugh my leg hurts. Musta overdid it on mon.,ham
Yup i thk so until e shop closes lor.,ham
K do I need a login or anything,ham
Can help u swoop by picking u up from wherever ur other birds r meeting if u want.,ham
Sorry de i went to shop.,ham
You are a big chic. Common. Declare,ham
Omg it could snow here tonite!,ham
I cant wait to see you! How were the photos were useful? :),ham
Ha... Both of us doing e same thing. But i got tv 2 watch. U can thk of where 2 go tonight or u already haf smth in mind...,ham
"Sir, I am waiting for your mail.",ham
"I know you are thinkin malaria. But relax, children cant handle malaria. She would have been worse and its gastroenteritis. If she takes enough to replace her loss her temp will reduce. And if you give her malaria meds now she will just vomit. Its a self limiting illness she has which means in a few days it will completely stop",ham
"Hi hope u get this txt~journey hasnt been gd,now about 50 mins late I think.",ham
Great. Have a safe trip. Dont panic surrender all.,ham
Not heard from U4 a while. Call 4 rude chat private line 01223585334 to cum. Wan 2C pics of me gettin shagged then text PIX to 8552. 2End send STOP 8552 SAM xxx,spam
I dont have any of your file in my bag..i was in work when you called me.i 'll tell you if i find anything in my room.,ham
"Nothing. I meant that once the money enters your account here, the bank will remove its flat rate. Someone transfered  &lt;#&gt;  to my account and  &lt;#&gt; dollars got removed. So the banks differ and charges also differ.be sure you trust the 9ja person you are sending account details to cos...",ham
"Yeah there's barely enough room for the two of us, x has too many fucking shoes. Sorry man, see you later",ham
Am i that much bad to avoid like this?,ham
What time you coming down later?,ham
5 nights...We nt staying at port step liao...Too ex,ham
"That's cool, I'll come by like  &lt;#&gt; ish",ham
R ü going 4 today's meeting?,ham
Xy trying smth now. U eat already? We havent...,ham
Allo! We have braved the buses and taken on the trains and triumphed. I mean we‘re in b‘ham. Have a jolly good rest of week,ham
R u here yet? I'm wearing blue shirt n black pants.,ham
What's your room number again? Wanna make sure I'm knocking on the right door,ham
Fffff. Can you text kadeem or are you too far gone,ham
HMM yeah if your not too grooved out! And im looking forward to my pound special :),ham
No no. I will check all rooms befor activities,ham
You are not bothering me but you have to trust my answers. Pls.,ham
From 5 to 2 only my work timing.,ham
You have been specially selected to receive a 2000 pound award! Call 08712402050 BEFORE the lines close. Cost 10ppm. 16+. T&Cs apply. AG Promo,spam
Mmm thats better now i got a roast down me! id b better if i had a few drinks down me 2! Good indian?,ham
R u sure they'll understand that! Wine * good idea just had a slurp!,ham
I liked your new house,ham
Aww that's the first time u said u missed me without asking if I missed u first. You DO love me! :),ham
Ok. No wahala. Just remember that a friend in need ...,ham
Ok i go change also...,ham
From here after The performance award is calculated every two month.not for current one month period..,ham
I didn't get the second half of that message,ham
Jay is snickering and tells me that x is totally fucking up the chords as we speak,ham
So there's a ring that comes with the guys costumes. It's there so they can gift their future yowifes. Hint hint,ham
Ultimately tor motive tui achieve korli.,ham
I surely dont forgot to come:)i will always be in touch in with you:-),ham
Good Morning my Dear........... Have a great &amp; successful day.,ham
She left it very vague. She just said she would inform the person in accounting about the delayed rent and that i should discuss with the housing agency about my renting another place. But checking online now and all places around usc are  &lt;#&gt;  and up,ham
Fuck babe ... What happened to you ? How come you never came back?,ham
No plm i will come da. On the way.,ham
There's someone here that has a year  &lt;#&gt;  toyota camry like mr olayiwola's own. Mileage is  &lt;#&gt; k.its clean but i need to know how much will it sell for. If i can raise the dough for it how soon after landing will it sell. Holla back.,ham
dont make ne plans for nxt wknd coz she wants us to come down then ok,ham
Yes. Last  practice,ham
Hmm thinking lor...,ham
Same. Wana plan a trip sometme then,ham
You only hate me. You can call any but you didnt accept even a single call of mine. Or even you messaged,ham
"I wasn't well babe, i have swollen glands at my throat ... What did you end up doing ?",ham
I am not having her number sir,ham
What year. And how many miles.,ham
My supervisor find 4 me one lor i thk his students. I havent ask her yet. Tell u aft i ask her.,ham
Can you call me plz. Your number shows out of coveragd area. I have urgnt call in vasai &amp; have to reach before 4'o clock so call me plz,ham
We can make a baby in yo tho,ham
I'll probably be around mu a lot,ham
One small prestige problem now.,ham
No drama Pls.i have had enough from you and family while i am struggling in the hot sun in a strange place.No reason why there should be an ego of not going 'IF NOT INVITED' when actually its necessity to go.wait for very serious reppurcussions.,ham
"Hello, my love ! How went your day ? Are you alright ? I think of you, my sweet and send a jolt to your heart to remind you ... I LOVE YOU! Can you hear it ? I screamed it across the sea for all the world to hear. Ahmad al Hallaq is loved ! and owned ! *possessive passionate kiss*",ham
"Sorry, went to bed early, nightnight",ham
Yup ü not comin :-(,ham
UR awarded a City Break and could WIN a £200 Summer Shopping spree every WK. Txt STORE to 88039.SkilGme.TsCs087147403231Winawk!Age16+£1.50perWKsub,spam
"Hey, can you tell me blake's address? Carlos wanted me to meet him there but I got lost and he's not answering his phone",ham
Love you aathi..love u lot..,ham
All boys made fun of me today. Ok i have no problem. I just sent one message just for fun,ham
"Yar lor he wan 2 go c horse racing today mah, so eat earlier lor. I ate chicken rice. U?",ham
Call him and say you not coming today ok and tell them not to fool me like this ok,ham
I take it the post has come then! You must have 1000s of texts now! Happy reading. My one from wiv hello caroline at the end is my favourite. Bless him,ham
Imagine Life WITHOUT ME... see.. How fast u are searching me?Don't worry.. l'm always there To disturb U.. Goodnoon..:),ham
In that case I guess I'll see you at campus lodge,ham
So lets make it saturday or monday as per convenience.,ham
Package all your programs well,ham
Are you unique enough? Find out from 30th August. www.areyouunique.co.uk,spam
Going to join tomorrow.,ham
S.i think he is waste for rr..,ham
Okey dokey swashbuckling stuff what oh.,ham
TBS/PERSOLVO. been chasing us since Sept for£38 definitely not paying now thanks to your information. We will ignore them. Kath. Manchester.,spam
"Night has ended for another day, morning has come in a special way. May you smile like the sunny rays and leaves your worries at the blue blue bay.",ham
Lol or I could just starve and lose a pound by the end of the day.,ham
And now electricity just went out fml.,ham
I've been barred from all B and Q stores for life!?This twat in orange dungerees came up to me and asked if I wanted decking? So I got the first punch in!!,ham
Ü go home liao? Ask dad to pick me up at 6...,ham
"SMS. ac sun0819 posts HELLO:""You seem cool, wanted to say hi. HI!!!"" Stop? Send STOP to 62468",spam
Guessin you ain't gonna be here before 9?,ham
I've been trying to reach him without success,ham
Yeah confirmed for you staying at  that weekend,ham
Camera - You are awarded a SiPix Digital Camera! call 09061221066 fromm landline. Delivery within 28 days.,spam
"""Keep ur problems in ur heart, b'coz nobody will fight for u. Only u &amp; u have to fight for ur self &amp; win the battle. -VIVEKANAND- G 9t.. SD..",ham
FROM 88066 LOST £12 HELP,spam
Hurt me... Tease me... Make me cry... But in the end of my life when i die plz keep one rose on my grave and say STUPID I MISS U.. HAVE A NICE DAY BSLVYL,ham
Guess who spent all last night phasing in and out of the fourth dimension,ham
Siva is in hostel aha:-.,ham
Sometimes Heart Remembrs someone Very much... Forgets someone soon... Bcoz Heart will not like everyone. But liked ones will be Remembered Everytime... BSLVYL,ham
SMS SERVICES For your inclusive text credits pls gotto www.comuk.net login 3qxj9 unsubscribe with STOP no extra charge help 08702840625 comuk.220cm2 9AE,spam
"not that I know of, most people up here are still out of town",ham
Sunshine Quiz Wkly Q! Win a top Sony DVD player if u know which country Liverpool played in mid week? Txt ansr to 82277. £1.50 SP:Tyrone,spam
"They can try! They can get lost, in fact. Tee hee",ham
"""Getting tickets 4 walsall tue 6 th march. My mate is getting me them on sat. ill pay my treat. Want 2 go. Txt bak .Terry""",ham
Ummmmmaah Many many happy returns of d day my dear sweet heart.. HAPPY BIRTHDAY dear,ham
2 laptop... I noe infra but too slow lar... I wan fast one,ham
Who u talking about?,ham
No i am not having not any movies in my laptop,ham
what I meant to say is cant wait to see u again getting bored of this bridgwater banter,ham
K.i will send in  &lt;#&gt;  min:),ham
"I'm nt goin, got somethin on, unless they meetin 4 dinner lor... Haha, i wonder who will go tis time...",ham
V nice! Off 2 sheffield tom 2 air my opinions on categories 2 b used 2 measure ethnicity in next census. Busy transcribing. :-),ham
Dear U've been invited to XCHAT. This is our final attempt to contact u! Txt CHAT to 86688,spam
I'm gonna say no. Sorry. I would but as normal am starting to panic about time. Sorry again! Are you seeing on Tuesday?,ham
I love u 2 my little pocy bell I am sorry but I love u,ham
Oh dang! I didn't mean o send that to you! Lol!,ham
"Think ur smart ? Win £200 this week in our weekly quiz, text PLAY to 85222 now!T&Cs WinnersClub PO BOX 84, M26 3UZ. 16+. GBP1.50/week",spam
Erutupalam thandiyachu,ham
I'm putting it on now. It should be ready for  &lt;TIME&gt;,ham
"You are a £1000 winner or Guaranteed Caller Prize, this is our Final attempt to contact you! To Claim Call 09071517866 Now! 150ppmPOBox10183BhamB64XE",spam
"I didnt get ur full msg..sometext is missing, send it again",ham
I.ll get there tomorrow and send it to you,ham
If you still havent collected the dough pls let me know so i can go to the place i sent it to get the control number,ham
Hey you still want to go for yogasana? Coz if we end at cine then can go bathe and hav the steam bath,ham
"Will do, you gonna be at blake's all night? I might be able to get out of here a little early",ham
"hey, looks like I was wrong and one of the kappa guys numbers is still on my phone, if you want I can text him and see if he's around",ham
"Hmm ok, i'll stay for like an hour cos my eye is really sore!",ham
Oh k.i think most of wi and nz players unsold.,ham
I'll meet you in the lobby,ham
"Call me, i am senthil from hsbc.",ham
Nothing lor... A bit bored too... Then y dun u go home early 2 sleep today...,ham
Hello beautiful r u ok? I've kinda ad a row wiv and he walked out the pub?? I wanted a night wiv u Miss u,ham
Was doing my test earlier. I appreciate you. Will call you tomorrow.,ham
Beerage?,ham
Don no da:)whats you plan?,ham
Purity of friendship between two is not about smiling after reading the forwarded message..Its about smiling just by seeing the name. Gud evng musthu,ham
Blank is Blank. But wat is blank? Lol,ham
You still around? I could use a half-8th,ham
great princess! I love giving and receiving oral. Doggy style is my fave position. How about you? I enjoy making love  &lt;#&gt;  times per night :),ham
I calls you later. Afternoon onwords mtnl service get problem in south mumbai. I can hear you but you cann't listen me.,ham
Don‘t give a flying monkeys wot they think and I certainly don‘t mind. Any friend of mine and all that!,ham
What r u cooking me for dinner?,ham
ELLO BABE U OK?,ham
"URGENT! Last weekend's draw shows that you have won £1000 cash or a Spanish holiday! CALL NOW 09050000332 to claim. T&C: RSTM, SW7 3SS. 150ppm",spam
"U've been selected to stay in 1 of 250 top British hotels - FOR NOTHING! Holiday valued at £350! Dial 08712300220 to claim - National Rate Call. Bx526, SW73SS",spam
Ok lor. I'm in town now lei.,ham
"Ha ha nan yalrigu heltini..Iyo kothi chikku, u shared many things wit me..so far i didn't told any body and even uttered a word abt u.. If ur trusting me so much how can i tell these to others.. Plz nxt time dont use those words to me..ok, chikku:-);-)B-)",ham
"Ask g or iouri, I've told the story like ten times already",ham
WHORE YOU ARE UNBELIEVABLE.,ham
"Height of Confidence: All the Aeronautics professors wer calld &amp; they wer askd 2 sit in an aeroplane. Aftr they sat they wer told dat the plane ws made by their students. Dey all hurried out of d plane.. Bt only 1 didnt move... He said:""if it is made by my students,this wont even start........ Datz confidence..",ham
URGENT! Your Mobile number has been awarded with a £2000 prize GUARANTEED. Call 09061790121 from land line. Claim 3030. Valid 12hrs only 150ppm,spam
Have you heard about that job? I'm going to that wildlife talk again tonight if u want2come. Its that2worzels and a wizzle or whatever it is?!,ham
"Although i told u dat i'm into baig face watches now but i really like e watch u gave cos it's fr u. Thanx 4 everything dat u've done today, i'm touched...",ham
I can take you at like noon,ham
1's reach home call me.,ham
Are you available for soiree on June 3rd?,ham
"Jay told me already, will do",ham
"Today's Offer! Claim ur £150 worth of discount vouchers! Text YES to 85023 now! SavaMob, member offers mobile! T Cs 08717898035. £3.00 Sub. 16 . Unsub reply X",spam
"Two fundamentals of cool life: ""Walk, like you are the KING""...! OR ""Walk like you Dont care,whoever is the KING""!... Gud nyt",ham
wamma get laid?want real doggin locations sent direct to your mobile? join the UKs largest dogging network. txt dogs to 69696 now!nyt. ec2a. 3lp £1.50/msg.,spam
Just got to  &lt;#&gt;,ham
Congratulations YOU'VE Won. You're a Winner in our August £1000 Prize Draw. Call 09066660100 NOW. Prize Code 2309.,spam
"You aren't coming home between class, right? I need to work out and shower!",ham
"GOD ASKED, ""What is forgiveness?"" A little child gave lovely reply, ""It is d wonderful fruit that a tree gives when it is being hurt by a stone.. Good night......",ham
"My friend, she's studying at warwick, we've planned to go shopping and to concert tmw, but it may be canceled, havn't seen  for ages, yeah we should get together sometime!",ham
Alex knows a guy who sells mids but he's down in south tampa and I don't think I could set it up before like 8,ham
"Dear Hero,i am leaving to qatar tonite for an apt opportunity.pls do keep in touch at  &lt;EMAIL&gt; ,kerala",ham
"She was supposed to be but couldn't make it, she's still in town though",ham
PLEASSSSSSSEEEEEE TEL ME V AVENT DONE SPORTSx,ham
Lul im gettin some juicy gossip at the hospital. Two nurses are talking about how fat they are gettin. And one thinks shes obese. Oyea.,ham
"Cool, text me when you're ready",ham
Ok... Let u noe when i leave my house.,ham
I emailed yifeng my part oredi.. Can ü get it fr him..,ham
"Good afternoon on this glorious anniversary day, my sweet J !! I hope this finds you happy and content, my Prey. I think of you and send a teasing kiss from across the sea coaxing images of fond souveniers ... You Cougar-Pen",ham
K.k.how is your business now?,ham
Now am free call me pa.,ham
Oh k:)after that placement there ah?,ham
FreeMsg:Feelin kinda lnly hope u like 2 keep me company! Jst got a cam moby wanna c my pic?Txt or reply DATE to 82242 Msg150p 2rcv Hlp 08712317606 stop to 82242,spam
Finish liao... U?,ham
Cause I'm not freaky lol,ham
Valentines Day Special! Win over £1000 in our quiz and take your partner on the trip of a lifetime! Send GO to 83600 now. 150p/msg rcvd. CustCare:08718720201.,spam
"Uh, heads up we don't have THAT much left",ham
Great. I was getting worried about you. Just know that a wonderful and caring person like you will have only the best in life. Know that u r wonderful and God's love is yours.,ham
Tmrw. Im finishing 9 doors,ham
K.k:)i'm going to tirunelvali this week to see my uncle ..i already spend the amount by taking dress .so only i want money.i will give it on feb 1,ham
"Sure thing big man. i have hockey elections at 6, shouldn‘t go on longer than an hour though",ham
"Got ur mail Dileep.thank you so muchand look forward to lots of support...very less contacts here,remember one venugopal you mentioned.tomorrow if not late,i shall try to come up till there.goodnight dear.",ham
Today my system sh get ready.all is well and i am also in the deep well,ham
Wrong phone! This phone! I answer this one but assume the other is people i don't well,ham
No problem with the renewal. I.ll do it right away but i dont know his details.,ham
So your telling me I coulda been your real Valentine and I wasn't? U never pick me for NOTHING!!,ham
"So anyways, you can just go to your gym or whatever, my love *smiles* I hope your ok and having a good day babe ... I miss you so much already",ham
Alrite jod hows the revision goin? Keris bin doin a smidgin. N e way u wanna cum over after college?xx,ham
Long beach lor. Expected... U having dinner now?,ham
That's the way you should stay oh.,ham
Rightio. 11.48 it is then. Well arent we all up bright and early this morning.,ham
"Sorry, it's a lot of friend-of-a-friend stuff, I'm just now about to talk to the actual guy who wants to buy",ham
Ok... Then r we meeting later?,ham
Alright took the morphine. Back in yo.,ham
"'An Amazing Quote'' - ""Sometimes in life its difficult to decide whats wrong!! a lie that brings a smile or the truth that brings a tear....""",ham
The greatest test of courage on earth is to bear defeat without losing heart....gn tc,ham
they released another Italian one today and it has a cosign option,ham
Dude we should go sup again,ham
"Sorry sir, i will call you tomorrow.  senthil.hsbc",ham
"Rose needs water, season needs change, poet needs imagination..My phone needs ur sms and i need ur lovely frndship forever....",ham
Doing project w frens lor.,ham
Later i guess. I needa do mcat study too.,ham
I just really need shit before tomorrow and I know you won't be awake before like 6,ham
"Sorry, I'll call later",ham
"Hi Jon, Pete here, Ive bin 2 Spain recently & hav sum dinero left, Bill said u or ur rents mayb interested in it, I hav 12,000pes, so around £48, tb, James.",ham
83039 62735=£450 UK Break AccommodationVouchers terms & conditions apply. 2 claim you mustprovide your claim number which is 15541,spam
Yes! How is a pretty lady like you single?,ham
Still at west coast... Haiz... Ü'll take forever to come back...,ham
HIYA STU WOT U UP 2.IM IN SO MUCH TRUBLE AT HOME AT MOMENT EVONE HATES ME EVEN U! WOT THE HELL AV I DONE NOW? Y WONT U JUST TELL ME TEXT BCK PLEASE LUV DAN,ham
URGENT This is our 2nd attempt to contact U. Your £900 prize from YESTERDAY is still awaiting collection. To claim CALL NOW 09061702893. ACL03530150PM,spam
So now my dad is gonna call after he gets out of work and ask all these crazy questions.,ham
"Aight that'll work, thanks",ham
But i dint slept in afternoon.,ham
I‘ll have a look at the frying pan in case it‘s cheap or a book perhaps. No that‘s silly a frying pan isn‘t likely to be a book,ham
Aiyah u did ok already lar. E nydc at wheellock?,ham
"Hello, hello, hi lou sorry it took so long 2 reply- I left mobile at friends in Lancaster, just got it bak Neway im sorry I couldnt make ur bday 2 hun!",ham
Thx. All will be well in a few months,ham
Love it! I want to flood that pretty pussy with cum...,ham
"One of best dialogue in cute reltnship..!! ""Wen i Die, Dont Come Near My Body..!! Bcoz My Hands May Not Come 2 Wipe Ur Tears Off That Time..!Gud ni8",ham
"Wow. I never realized that you were so embarassed by your accomodations. I thought you liked it, since i was doing the best i could and you always seemed so happy about ""the cave"". I'm sorry I didn't and don't have more to give. I'm sorry i offered. I'm sorry your room was so embarassing.",ham
I wish that I was with you. Holding you tightly. Making you see how important you are. How much you mean to me ... How much I need you ... In my life ...,ham
Same as u... Dun wan... Y u dun like me already ah... Wat u doing now? Still eating?,ham
Hey loverboy! I love you !! I had to tell ... I look at your picture and ache to feel you between my legs ... Fuck I want you ... I need you ... I crave you .,ham
URGENT! Your Mobile number has been awarded with a £2000 prize GUARANTEED. Call 09058094455 from land line. Claim 3030. Valid 12hrs only,spam
"Yeah we wouldn't leave for an hour at least, how's 4 sound?",ham
"I just got home babe, are you still awake ?",ham
Buy Space Invaders 4 a chance 2 win orig Arcade Game console. Press 0 for Games Arcade (std WAP charge) See o2.co.uk/games 4 Terms + settings. No purchase,spam
"SIX chances to win CASH! From 100 to 20,000 pounds txt> CSH11 and send to 87575. Cost 150p/day, 6days, 16+ TsandCs apply Reply HL 4 info",spam
Cool. So how come you havent been wined and dined before?,ham
MY NO. IN LUTON 0125698789 RING ME IF UR AROUND! H*,ham
IMPORTANT MESSAGE. This is a final contact attempt. You have important messages waiting out our customer claims dept. Expires 13/4/04. Call 08717507382 NOW!,spam
Hey i've booked the 2 lessons on sun liao...,ham
Lmao. Take a pic and send it to me.,ham
i can call in  &lt;#&gt;  min if thats ok,ham
I need... Coz i never go before,ham
&lt;#&gt;  in mca. But not conform.,ham
lyricalladie(21/F) is inviting you to be her friend. Reply YES-910 or NO-910. See her: www.SMS.ac/u/hmmross STOP? Send STOP FRND to 62468,spam
Ur HMV Quiz cash-balance is currently £500 - to maximize ur cash-in now send HMV1 to 86688 only 150p/msg,spam
"Just dropped em off, omw back now",ham
"No, I decided that only people who care about stuff vote and caring about stuff is for losers",ham
Goodmorning today i am late for  &lt;DECIMAL&gt; min.,ham
S.s:)i thinl role is like sachin.just standing. Others have to hit.,ham
"I know dat feelin had it with Pete! Wuld get with em , nuther place nuther time mayb?",ham
Love it! The girls at the office may wonder why you are smiling but sore...,ham
That's one of the issues but california is okay. No snow so its manageable,ham
Where are you ? You said you would be here when I woke ... :-(,ham
"Do whatever you want. You know what the rules are. We had a talk earlier this week about what had to start happening, you showing responsibility. Yet, every week it's can i bend the rule this way? What about that way? Do whatever. I'm tired of having thia same argument with you every week. And a  &lt;#&gt;  movie DOESNT inlude the previews. You're still getting in after 1.",ham
"came to look at the flat, seems ok, in his 50s? * Is away alot wiv work. Got woman coming at 6.30 too.",ham
"Do you ever notice that when you're driving, anyone going slower than you is an idiot and everyone driving faster than you is a maniac?",spam
Sorry da thangam.it's my mistake.,ham
No calls..messages..missed calls,ham
"No, but you told me you were going, before you got drunk!",ham
thanks for the temales it was wonderful. Thank. Have a great week.,ham
"Okey doke. I'm at home, but not dressed cos laying around ill! Speak to you later bout times and stuff.",ham
K.k..how is your sister kids?,ham
U come n search tat vid..not finishd..,ham
K.i did't see you.:)k:)where are you now?,ham
I don't quite know what to do. I still can't get hold of anyone. I cud pick you up bout 7.30pm and we can see if they're in the pub?,ham
"Camera quite good, 10.1mega pixels, 3optical and 5digital dooms. Have a lovely holiday, be safe and i hope you hav a good journey! Happy new year to you both! See you in a couple of weeks!",ham
"As a valued customer, I am pleased to advise you that following recent review of your Mob No. you are awarded with a £1500 Bonus Prize, call 09066364589",spam
;-) ok. I feel like john lennon.,ham
Yes princess! I want to please you every night. Your wish is my command...,ham
He's in lag. That's just the sad part but we keep in touch thanks to skype,ham
"I'm back, lemme know when you're ready",ham
I am in a marriage function,ham
"FREE2DAY sexy St George's Day pic of Jordan!Txt PIC to 89080 dont miss out, then every wk a saucy celeb!4 more pics c PocketBabe.co.uk 0870241182716 £3/wk",spam
Yes. They replied my mail. I'm going to the management office later. Plus will in to bank later also.or on wednesday.,ham
"Kind of. Just missed train cos of asthma attack, nxt one in half hr so driving in. not sure where to park.",ham
Yes we are chatting too.,ham
Ü called dad oredi...,ham
By monday next week. Give me the full gist,ham
"Go until jurong point, crazy.. Available only in bugis n great world la e buffet... Cine there got amore wat...",ham
Aight should I just plan to come up later tonight?,ham
Anyway holla at me whenever you're around because I need an excuse to go creep on people in sarasota,ham
Some of them told accenture is not confirm. Is it true.,ham
This is the 2nd time we have tried to contact u. U have won the £1450 prize to claim just call 09053750005 b4 310303. T&Cs/stop SMS 08718725756. 140ppm,spam
Ho ho - big belly laugh! See ya tomo,ham
So wat's da decision?,ham
DO U WANT 2 MEET UP 2MORRO,ham
WIN a year supply of CDs 4 a store of ur choice worth £500 & enter our £100 Weekly draw txt MUSIC to 87066 Ts&Cs www.Ldew.com.subs16+1win150ppmx3,spam
Ok i vl..do u know i got adsense approved..,ham
Esplanade lor. Where else...,ham
Hmmm.but you should give it on one day..,ham
Take something for pain. If it moves however to any side in the next 6hrs see a doctor.,ham
Ok thanx... Take care then...,ham
How long does it take to get it.,ham
What do U want for Xmas? How about 100 free text messages & a new video phone with half price line rental? Call free now on 0800 0721072 to find out more!,spam
No one interested. May be some business plan.,ham
"Enjoy the showers of possessiveness poured on u by ur loved ones, bcoz in this world of lies, it is a golden gift to be loved truly..",ham
Good evening! How are you?,ham
U coming back 4 dinner rite? Dad ask me so i re confirm wif u...,ham
"I am real, baby! I want to bring out your inner tigress...",ham
U can call now...,ham
All e best 4 ur driving tmr :-),ham
Ok.. Ü finishing soon?,ham
Wat r u doing now?,ham
Ladies first and genus second k .,ham
Oh yeah I forgot. U can only take 2 out shopping at once.,ham
U r too much close to my heart. If u go away i will be shattered. Plz stay with me.,ham
We tried to contact you re your reply to our offer of a Video Phone 750 anytime any network mins Half Price Line Rental Camcorder Reply or call 08000930705,spam
I dont know why she.s not getting your messages,ham
Anything lor. Juz both of us lor.,ham
Normally i use to drink more water daily:),ham
I think u have the wrong number.,ham
May i call You later Pls,ham
"""EY! CALM DOWNON THEACUSATIONS.. ITXT U COS IWANA KNOW WOTU R DOIN AT THEW/END... HAVENTCN U IN AGES..RING ME IF UR UP4 NETHING SAT.LOVE J XXX.""",ham
Sweet heart how are you?,ham
So how's the weather over there?,ham
If you were/are free i can give. Otherwise nalla adi entey nattil kittum,ham
Now that you have started dont stop. Just pray for more good ideas and anything i see that can help you guys i.ll forward you a link.,ham
"Hello, my love! How goes that day ? I wish your well and fine babe and hope that you find some job prospects. I miss you, boytoy ... *a teasing kiss*",ham
"Awesome, lemme know whenever you're around",ham
Then she buying today? Ü no need to c meh...,ham
Ok Chinese food on its way. When I get fat you're paying for my lipo.,ham
"I'm in a meeting, call me later at",ham
"Piggy, r u awake? I bet u're still sleeping. I'm going 4 lunch now...",ham
-PLS STOP bootydelious (32/F) is inviting you to be her friend. Reply YES-434 or NO-434 See her: www.SMS.ac/u/bootydelious STOP? Send STOP FRND to 62468,spam
here is my new address -apples&pairs&all that malarky,ham
"Urgent! call 09066350750 from your landline. Your complimentary 4* Ibiza Holiday or 10,000 cash await collection SAE T&Cs PO BOX 434 SK3 8WP 150 ppm 18+",spam
"I dont knw pa, i just drink milk..",ham
"Also sir, i sent you an email about how to log into the usc payment portal. I.ll send you another message that should explain how things are back home. Have a great weekend.",ham
todays vodafone numbers ending with 0089(my last four digits) are selected to received a £350 award. If your number matches please call 09063442151 to claim your £350 award,spam
"Hey ! I want you ! I crave you ! I miss you ! I need you ! I love you, Ahmad Saeed al Hallaq ...",ham
URGENT! We are trying to contact U. Todays draw shows that you have won a £800 prize GUARANTEED. Call 09050001295 from land line. Claim A21. Valid 12hrs only,spam
Oh unintentionally not bad timing. Great. Fingers  the trains play along! Will give fifteen min warning.,ham
Ok.ok ok..then..whats ur todays plan,ham
"K, I might come by tonight then if my class lets out early",ham
Bognor it is! Should be splendid at this time of year.,ham
Do u noe wat time e place dat sells 4d closes?,ham
Why don't you go tell your friend you're not sure you want to live with him because he smokes too much then spend hours begging him to come smoke,ham
2mro i am not coming to gym machan. Goodnight.,ham
R u still working now?,ham
Haha... Hope ü can hear the receipt sound... Gd luck!,ham
No screaming means shouting..,ham
Do u konw waht is rael FRIENDSHIP Im gving yuo an exmpel: Jsut ese tihs msg.. Evrey splleing of tihs msg is wrnog.. Bt sitll yuo can raed it wihtuot ayn mitsake.. GOODNIGHT &amp; HAVE A NICE SLEEP..SWEET DREAMS..,ham
Company is very good.environment is terrific and food is really nice:),ham
I love to cuddle! I want to hold you in my strong arms right now...,ham
"The table's occupied, I'm waiting by the tree",ham
WHITE FUDGE OREOS ARE IN STORES,ham
No da..today also i forgot..,ham
THANX 4 PUTTIN DA FONE DOWN ON ME!!,ham
Okie...,ham
Come aftr  &lt;DECIMAL&gt; ..now i m cleaning the house,ham
When i have stuff to sell i.ll tell you,ham
"I can. But it will tell quite long, cos i haven't finish my film yet...",ham
I taught that Ranjith sir called me. So only i sms like that. Becaus hes verifying about project. Prabu told today so only pa dont mistake me..,ham
Cos i was out shopping wif darren jus now n i called him 2 ask wat present he wan lor. Then he started guessing who i was wif n he finally guessed darren lor.,ham
Nope i waiting in sch 4 daddy...,ham
U definitely need a module from e humanities dis sem izzit? U wan 2 take other modules 1st?,ham
Haha okay... Today weekend leh...,ham
I don't run away frm u... I walk slowly &amp; it kills me that u don't care enough to stop me...,ham
I like dis sweater fr mango but no more my size already so irritating.,ham
Oh baby of the house. How come you dont have any new pictures on facebook,ham
"Babe, have you got enough money to pick up bread and milk ? And I'll give you it back when you get home ?",ham
Ok anyway no need to change with what you said,ham
"FreeMsg: Claim ur 250 SMS messages-Text OK to 84025 now!Use web2mobile 2 ur mates etc. Join Txt250.com for 1.50p/wk. T&C BOX139, LA32WU. 16 . Remove txtX or stop",spam
Ard 6 like dat lor.,ham
"Not yet chikku..going to room nw, i'm in bus..",ham
"Mmmmmm ... I love you,so much, Ahmad ... I can't wait for this year to begin as every second takes me closer to being at your side. Happy New Year, my love!!",ham
"And that's fine, I got enough bud to last most of the night at least",ham
I bought the test yesterday. Its something that lets you know the exact day u ovulate.when will get 2u in about 2 to 3wks. But pls pls dont fret. I know u r worried. Pls relax. Also is there anything in ur past history u need to tell me?,ham
A link to your picture has been sent. You can also use http://alto18.co.uk/wave/wave.asp?o=44345,spam
ALRITE SAM ITS NIC JUST CHECKIN THAT THIS IS UR NUMBER-SO IS IT?T.B*,ham
Am in film ill call you later.,ham
"""ME 2 BABE I FEEL THE SAME LETS JUST 4GET ABOUT IT+BOTH TRY +CHEER UP+NOT FIT SOO MUCHXXLOVE U LOCAXX""",ham
Gam gone after outstanding innings.,ham
Anything lar then ü not going home 4 dinner?,ham
"Yetunde, i'm sorry but moji and i seem too busy to be able to go shopping. Can you just please find some other way to get what you wanted us to get. Please forgive me. You can reply free via yahoo messenger.",ham
Ok lor.,ham
"Tick, tick, tick ... Babe",ham
Do u noe how 2 send files between 2 computers?,ham
Many more happy returns of the day. I wish you happy birthday.,ham
Ah poop. Looks like ill prob have to send in my laptop to get fixed cuz it has a gpu problem,ham
You also didnt get na hi hi hi hi hi,ham
I cant keep talking to people if am not sure i can pay them if they agree to price. So pls tell me what you want to really buy and how much you are willing to pay,ham
K..u also dont msg or reply to his msg..,ham
Happy birthday to you....dear.with lots of love.rakhesh NRI,ham
Watching ajith film ah?,ham
Ew are you one of them?,ham
"Sunshine Hols. To claim ur med holiday send a stamped self address envelope to Drinks on Us UK, PO Box 113, Bray, Wicklow, Eire. Quiz Starts Saturday! Unsub Stop",spam
I want to go to perumbavoor,ham
"WELL DONE! Your 4* Costa Del Sol Holiday or £5000 await collection. Call 09050090044 Now toClaim. SAE, TCs, POBox334, Stockport, SK38xh, Cost£1.50/pm, Max10mins",spam
"Download as many ringtones as u like no restrictions, 1000s 2 choose. U can even send 2 yr buddys. Txt Sir to 80082 £3",spam
URGENT! We are trying to contact U. Todays draw shows that you have won a £800 prize GUARANTEED. Call 09050001808 from land line. Claim M95. Valid12hrs only,spam
"What's up bruv, hope you had a great break. Do have a rewarding semester.",ham
Valentines Day Special! Win over £1000 in our quiz and take your partner on the trip of a lifetime! Send GO to 83600 now. 150p/msg rcvd. CustCare:08718720201,spam
Up to ü... Ü wan come then come lor... But i din c any stripes skirt...,ham
Did u fix the teeth?if not do it asap.ok take care.,ham
Do you want a New Nokia 3510i Colour Phone Delivered Tomorrow? With 200 FREE minutes to any mobile + 100 FREE text + FREE camcorder Reply or Call 08000930705,spam
"""HELLO U.CALL WEN U FINISH WRK.I FANCY MEETIN UP WIV U ALL TONITE AS I NEED A BREAK FROM DABOOKS. DID 4 HRS LAST NITE+2 TODAY OF WRK!""",ham
You are now unsubscribed all services. Get tons of sexy babes or hunks straight to your phone! go to http://gotbabes.co.uk. No subscriptions.,spam
U WILL SWITCH YOUR FONE ON DAMMIT!!,ham
Not able to do anything.,ham
Our ride equally uneventful - not too many of those pesky cyclists around at that time of night ;).,ham
Think I could stop by in like an hour or so? My roommate's looking to stock up for a trip,ham
I've reached home finally...,ham
Ok... I din get ur msg...,ham
I got to video tape pple type in message lor. U so free wan 2 help me? Hee... Cos i noe u wan 2 watch infernal affairs so ask u along. Asking shuhui oso.,ham
"URGENT! Your mobile No 07xxxxxxxxx won a £2,000 bonus caller prize on 02/06/03! this is the 2nd attempt to reach YOU! call 09066362231 ASAP! BOX97N7QP, 150PPM",spam
Hi here. have birth at on the  to  at 8lb 7oz. Mother and baby doing brilliantly.,ham
Does daddy have a bb now.,ham
Cab is available.they pick up and drop at door steps.,ham
Can U get 2 phone NOW? I wanna chat 2 set up meet Call me NOW on 09096102316 U can cum here 2moro Luv JANE xx Calls£1/minmoremobsEMSPOBox45PO139WA,spam
Yes:)here tv is always available in work place..,ham
If you're not in my car in an hour and a half I'm going apeshit,ham
"By march ending, i should be ready. But will call you for sure. The problem is that my capital never complete. How far with you. How's work and the ladies",ham
Its posible dnt live in  &lt;#&gt; century cm frwd n thnk different,ham
Hi ....My engagement has been fixd on  &lt;#&gt; th of next month. I know its really shocking bt....hmm njan vilikkam....t ws al of a sudn;-(.,ham
Send to someone else :-),ham
"Funny fact Nobody teaches volcanoes 2 erupt, tsunamis 2 arise, hurricanes 2 sway aroundn no 1 teaches hw 2 choose a wife Natural disasters just happens",ham
Santa Calling! Would your little ones like a call from Santa Xmas eve? Call 09058094583 to book your time.,spam
500 free text msgs. Just text ok to 80488 and we'll credit your account,spam
Oh ya ya. I remember da. .,ham
It does it on its own. Most of the time it fixes my spelling. But sometimes it gets a completely diff word. Go figure,ham
Are you driving or training?,ham
"Frnd s not juz a word.....not merely a relationship.....its a silent promise which says ... "" I will be with YOU "" Wherevr.. Whenevr.. Forevr... Gudnyt dear..",ham
"ou are guaranteed the latest Nokia Phone, a 40GB iPod MP3 player or a £500 prize! Txt word: COLLECT to No: 83355! IBHltd LdnW15H 150p/Mtmsgrcvd18",spam
Haven't left yet so probably gonna be here til dinner,ham
Well I'm going to be an aunty!,ham
"So many people seems to be special at first sight, But only very few will remain special to you till your last sight.. Maintain them till life ends.. take cr da",ham
Pass dis to all ur contacts n see wat u get! Red;i'm in luv wid u. Blue;u put a smile on my face. Purple;u r realy hot. Pink;u r so swt. Orange;i thnk i lyk u. Green;i realy wana go out wid u. Yelow;i wnt u bck. Black;i'm jealous of u. Brown;i miss you Nw plz giv me one color,ham
Oh k :)why you got job then whats up?,ham
"Romantic Paris. 2 nights, 2 flights from £79 Book now 4 next year. Call 08704439680Ts&Cs apply.",spam
The world's most happiest frnds never have the same characters... Dey just have the best understanding of their differences...,ham
Umma my life and vava umma love you lot dear,ham
"WIN: We have a winner! Mr. T. Foley won an iPod! More exciting prizes soon, so keep an eye on ur mobile or visit www.win-82050.co.uk",spam
A pure hearted person can have a wonderful smile that makes even his/her enemies to feel guilty for being an enemy.. So catch the world with your smile..:) GOODMORNING &amp; HAVE A SMILEY SUNDAY..:),ham
Hows the street where the end of library walk is?,ham
Would really appreciate if you call me. Just need someone to talk to.,ham
"Aight, I'm chillin in a friend's room so text me when you're on the way",ham
"Helloooo... Wake up..! ""Sweet"" ""morning"" ""welcomes"" ""You"" ""Enjoy"" ""This Day"" ""with full of joy"".. ""GUD MRNG"".",ham
LOL ... Have you made plans for new years?,ham
"I feel like a dick because I keep sleeping through your texts and facebook messages. Sup, you in town?",ham
I am late. I will be there at,ham
"Last Chance! Claim ur £150 worth of discount vouchers today! Text SHOP to 85023 now! SavaMob, offers mobile! T Cs SavaMob POBOX84, M263UZ. £3.00 Sub. 16",spam
"tddnewsletter@emc1.co.uk (More games from TheDailyDraw) Dear Helen, Dozens of Free Games - with great prizesWith..",spam
I love u 2 babe! R u sure everything is alrite. Is he being an idiot? Txt bak girlie,ham
Tell my  bad character which u Dnt lik in me. I'll try to change in  &lt;#&gt; . I ll add tat 2 my new year resolution. Waiting for ur reply.Be frank...good morning.,ham
Ok... Help me ask if she's working tmr a not?,ham
JADE ITS PAUL. Y DIDNT U TXT ME? DO U REMEMBER ME FROM BARMED? I WANT 2 TALK 2 U! TXT ME,ham
On the way to office da..,ham
"Wan2 win a Meet+Greet with Westlife 4 U or a m8? They are currently on what tour? 1)Unbreakable, 2)Untamed, 3)Unkempt. Text 1,2 or 3 to 83049. Cost 50p +std text",spam
Oh just getting even with u.... u?,ham
Dun need to use dial up juz open da browser n surf...,ham
I think you should go the honesty road. Call the bank tomorrow. Its the tough decisions that make us great people.,ham
"Yes but i dont care! I need you bad, princess!",ham
"Win the newest Harry Potter and the Order of the Phoenix (Book 5) reply HARRY, answer 5 questions - chance to be the first among readers!",spam
You do your studies alone without anyones help. If you cant no need to study.,ham
As per your request 'Maangalyam (Alaipayuthe)' has been set as your callertune for all Callers. Press *9 to copy your friends Callertune,ham
"Well am officially in a philosophical hole, so if u wanna call am at home ready to be saved!",ham
Studying. But i.ll be free next weekend.,ham
PRIVATE! Your 2003 Account Statement for 07753741225 shows 800 un-redeemed S. I. M. points. Call 08715203677 Identifier Code: 42478 Expires 24/10/04,spam
I always chat with you. In fact i need money can you raise me?,ham
Do you hide anythiing or keeping distance from me,ham
"you are sweet as well, princess. Please tell me your likes and dislikes in bed...",ham
Spending new years with my brother and his family. Lets plan to meet next week. Are you ready to be spoiled? :),ham
Yo you guys ever figure out how much we need for alcohol? Jay and I are trying to figure out how much we can safely spend on weed,ham
Crucify is c not s. You should have told me earlier.,ham
Yes! I am a one woman man! Please tell me your likes and dislikes in bed...,ham
Phony £350 award - Todays Voda numbers ending XXXX are selected to receive a £350 award. If you have a match please call 08712300220 quoting claim code 3100 standard rates app,spam
This girl does not stay in bed. This girl doesn't need recovery time. Id rather pass out while having fun then be cooped up in bed,ham
"URGENT! Your Mobile No. was awarded £2000 Bonus Caller Prize on 5/9/03 This is our final try to contact U! Call from Landline 09064019788 BOX42WR29C, 150PPM",spam
Hey are we going for the lo lesson or gym?,ham
Shall i start from hear.,ham
"K I'll head out in a few mins, see you there",ham
645,ham
Dear where you will be when i reach there,ham
I HAVE A DATE ON SUNDAY WITH WILL!!,ham
Man this bus is so so so slow. I think you're gonna get there before me,ham
Thought we could go out for dinner. I'll treat you! Seem ok?,ham
Thanks a lot for your wishes on my birthday. Thanks you for making my birthday truly memorable.,ham
You've always been the brainy one.,ham
"You know, wot people wear. T shirts, jumpers, hat, belt, is all we know. We r at Cribbs",ham
"I can probably come by, everybody's done around  &lt;#&gt;  right?",ham
Ok i am on the way to home hi hi,ham
Anything...,ham
I want to tell you how bad I feel that basically the only times I text you lately are when I need drugs,ham
That would be great. We'll be at the Guild. Could meet on Bristol road or somewhere - will get in touch over weekend. Our plans take flight! Have a good week,ham
I can't make it tonight,ham
We tried to contact you re your reply to our offer of a Video Handset? 750 anytime networks mins? UNLIMITED TEXT? Camcorder? Reply or call 08000930705 NOW,spam
New car and house for my parents.:)i have only new job in hand:),ham
Wat u doing there?,ham
Yes we were outside for like 2 hours. And I called my whole family to wake them up cause it started at 1 am,ham
1 in cbe. 2 in chennai.,ham
SMS AUCTION - A BRAND NEW Nokia 7250 is up 4 auction today! Auction is FREE 2 join & take part! Txt NOKIA to 86021 now!,spam
"The  &lt;#&gt; g that i saw a few days ago, the guy wants sell wifi only for  &lt;#&gt;  and with 3g for  &lt;#&gt; . That's why i blanked him.",ham
Let me know if you need anything else. Salad or desert or something... How many beers shall i get?,ham
Lol well don't do it without me. We could have a big sale together.,ham
Dear Voucher holder Have your next meal on us. Use the following link on your pc 2 enjoy a 2 4 1 dining experiencehttp://www.vouch4me.com/etlp/dining.asp,spam
"Well, i'm gonna finish my bath now. Have a good...fine night.",ham
Becoz its  &lt;#&gt;  jan whn al the post ofice is in holiday so she cn go fr the post ofice...got it duffer,ham
U sure u can't take any sick time?,ham
Check mail.i have mailed varma and kept copy to you regarding membership.take care.insha allah.,ham
"yeah, that's what I was thinking",ham
Nooooooo I'm gonna be bored to death all day. Cable and internet outage.,ham
"And that is the problem. You walk around in ""julianaland"" oblivious to what is going on around you. I say the same things constantly and they go in one ear and out the other while you go off doing whatever you want to do. It's not that you don't know why I'm upset--it's that you don't listen when i tell you WHAT is going to upset me. Then you want to be surprised when I'm mad.",ham
My friends use to call the same.,ham
We have new local dates in your area - Lots of new people registered in YOUR AREA. Reply DATE to start now! 18 only www.flirtparty.us REPLYS150,spam
I have had two more letters from . I will copy them for you cos one has a message for you. Speak soon,ham
So can collect ur laptop?,ham
Then any special there?,ham
I liked the new mobile,ham
Sunshine Quiz Wkly Q! Win a top Sony DVD player if u know which country the Algarve is in? Txt ansr to 82277. £1.50 SP:Tyrone,spam
And smile for me right now as you go and the world will wonder what you are smiling about and think your crazy and keep away from you ... *grins*,ham
Are you still playing with gautham?,ham
Those ducking chinchillas,ham
Lol boo I was hoping for a laugh,ham
We walked from my moms. Right on stagwood pass right on winterstone left on victors hill. Address is &lt;#&gt;,ham
"Sorry,in meeting I'll call later",ham
Yup next stop.,ham
If u dun drive then how i go 2 sch.,ham
"idc get over here, you are not weaseling your way out of this shit twice in a row",ham
K.k:)advance happy pongal.,ham
Ok. Me watching tv too.,ham
"Just got some gas money, any chance you and the gang want to go on a grand nature adventure?",ham
"FRAN I DECIDED 2 GO N E WAY IM COMPLETELY BROKE AN KNACKERED I GOT UP BOUT 3 C U 2MRW LOVE JANX P.S THIS IS MY DADS FONE, -NO CREDIT",ham
Please give it 2  or i will pick it up on Tuesday evening about 8 if that is ok.,ham
Got smaller capacity one? Quite ex...,ham
I wont do anything de.,ham
And also I've sorta blown him off a couple times recently so id rather not text him out of the blue looking for weed,ham
Mmmmmmm *snuggles into you* ...*deep contented sigh* ... *whispers* ... I fucking love you so much I can barely stand it ...,ham
Do you always celebrate NY's with your family ?,ham
Aight sorry I take ten years to shower. What's the plan?,ham
"Hey chief, can you give me a bell when you get this. Need to talk to you about this royal visit on the 1st june.",ham
Jus telling u dat i'll b leaving 4 shanghai on 21st instead so we'll haf more time 2 meet up cya...,ham
"Good! No, don‘t need any receipts—well done! (…) Yes, please tell . What‘s her number, i could ring her",ham
"Nah I don't think he goes to usf, he lives around here though",ham
Die... Now i have e toot fringe again...,ham
And pls pls drink plenty plenty water,ham
Lemme know when you're here,ham
"""CHEERS U TEX MECAUSE U WEREBORED! YEAH OKDEN HUNNY R UIN WK SAT?SOUNDS LIKEYOUR HAVIN GR8FUN J! KEEP UPDAT COUNTINLOTS OF LOVEME XXXXX.""",ham
NOT MUCH NO FIGHTS. IT WAS A GOOD NITE!!,ham
Yup... How ü noe leh...,ham
I don't want you to leave. But i'm barely doing what i can to stay sane. fighting with you constantly isn't helping.,ham
I anything lor...,ham
Dunno i juz askin cos i got a card got 20% off 4 a salon called hair sense so i tot it's da one ü cut ur hair.,ham
"URGENT! Your mobile No *********** WON a £2,000 Bonus Caller Prize on 02/06/03! This is the 2nd attempt to reach YOU! Call 09066362220 ASAP! BOX97N7QP, 150ppm",spam
"Damn, can you make it tonight or do you want to just wait til tomorrow",ham
URGENT! We are trying to contact U. Todays draw shows that you have won a £2000 prize GUARANTEED. Call 09066358361 from land line. Claim Y87. Valid 12hrs only,spam
Jokin only lar... :-) depends on which phone my father can get lor...,ham
Ok. C u then.,ham
"I don't know, same thing that's wrong everyso often, he panicks starts goin on bout not bein good enough …",ham
Super da:)good replacement for murali,ham
Hey pple...$700 or $900 for 5 nights...Excellent location wif breakfast hamper!!!,ham
I am in bus on the way to calicut,ham
Why she wants to talk to me,ham
"Can meh? Thgt some will clash... Really ah, i dun mind... I dun seen to have lost any weight... Gee...",ham
All done? All handed in? Celebrations in full swing yet?,ham
We tried to contact you re our offer of New Video Phone 750 anytime any network mins HALF PRICE Rental camcorder call 08000930705 or reply for delivery Wed,spam
You got job in wipro:)you will get every thing in life in 2 or 3 years.,ham
ZOE IT JUST HIT ME 2 IM FUCKING SHITIN MYSELF IL DEFO TRY MY HARDEST 2 CUM 2MOROW LUV U MILLIONS LEKDOG,ham
"I'm outside islands, head towards hard rock and you'll run into me",ham
Hows the pain dear?y r u smiling?,ham
"Hiya, probably coming home * weekend after next",ham
"Better than bb. If he wont use it, his wife will or them doctor",ham
Got meh... When?,ham
Simply sitting and watching match in office..,ham
"Fuck babe, I miss you sooooo much !! I wish you were here to sleep with me ... My bed is so lonely ... I go now, to sleep ... To dream of you, my love ...",ham
Babe ? I lost you ... Will you try rebooting ?,ham
"Good afternoon loverboy ! How goes you day ? Any luck come your way? I think of you, sweetie and send my love across the sea to make you smile and happy",ham
Whatsup there. Dont u want to sleep,ham
"Received, understood n acted upon!",ham
Its hard to believe things like this. All can say lie but think twice before saying anything to me.,ham
Lol your always so convincing.,ham
Dear we are going to our rubber place,ham
It only does simple arithmetic not percentages.,ham
"Nah can't help you there, I've never had an iphone",ham
Can not use foreign stamps in this country. Good lecture .,ham
"No we put party 7 days a week and study lightly, I think we need to draw in some custom checkboxes so they know we're hardcore",ham
*deep sigh* ... I miss you :-( ... I am really surprised you haven't gone to the net cafe yet to get to me ... Don't you miss me?,ham
"Wa, ur openin sentence very formal... Anyway, i'm fine too, juz tt i'm eatin too much n puttin on weight...Haha... So anythin special happened?",ham
"K will do, addie &amp; I are doing some art so I'll be here when you get home",ham
"Madam,regret disturbance.might receive a reference check from DLF Premarica.kindly be informed.Rgds,Rakhesh,Kerala.",ham
Id onluy matters when getting on from offcampus,ham
when you and derek done with class?,ham
Boy; I love u Grl: Hogolo Boy: gold chain kodstini Grl: Agalla Boy: necklace madstini Grl: agalla Boy: Hogli 1 mutai eerulli kodthini! Grl: I love U kano;-),ham
WINNER! As a valued network customer you hvae been selected to receive a £900 reward! To collect call 09061701444. Valid 24 hours only. ACL03530150PM,spam
True lov n care wil nevr go unrecognized. though somone often makes mistakes when valuing it. but they will definitly undrstnd once when they start missing it.,ham
R u over scratching it?,ham
Another month. I need chocolate weed and alcohol.,ham
Tell dear what happen to you. Why you talking to me like an alian,ham
Went to pay rent. So i had to go to the bank to authorise the payment.,ham
Oh is it? Send me the address,ham
Hey... Very inconvenient for your sis a not huh?,ham
CDs 4u: Congratulations ur awarded £500 of CD gift vouchers or £125 gift guaranteed & Freeentry 2 £100 wkly draw xt MUSIC to 87066 TnCs www.ldew.com1win150ppmx3age16,spam
Burger King - Wanna play footy at a top stadium? Get 2 Burger King before 1st Sept and go Large or Super with Coca-Cola and walk out a winner,spam
Quite lor. But dun tell him wait he get complacent...,ham
WHO ARE YOU SEEING?,ham
Don't look back at the building because you have no coat and i don't want you to get more sick. Just hurry home and wear a coat to the gym!!!,ham
"Pls send me a comprehensive mail about who i'm paying, when and how much.",ham
"Perhaps * is much easy give your account identification, so i will tomorrow at UNI",ham
"Get the door, I'm here",ham
"For ur chance to win a £250 cash every wk TXT: ACTION to 80608. T's&C's www.movietrivia.tv custcare 08712405022, 1x150p/wk.",spam
"I hope your alright babe? I worry that you might have felt a bit desparate when you learned the job was a fake ? I am here waiting when you come back, my love",ham
Ur cash-balance is currently 500 pounds - to maximize ur cash-in now send CASH to 86688 only 150p/msg. CC: 08708800282 HG/Suite342/2Lands Row/W1J6HL,spam
Text PASS to 69669 to collect your polyphonic ringtones. Normal gprs charges apply only. Enjoy your tones,spam
Can you do a mag meeting this avo at some point?,ham
Lol where do u come up with these ideas?,ham
"Just making dinner, you ?",ham
Mystery solved! Just opened my email and he's sent me another batch! Isn't he a sweetie,ham
Those cocksuckers. If it makes you feel better ipads are worthless garbage novelty items and you should feel bad for even wanting one,ham
"Feb  &lt;#&gt;  is ""I LOVE U"" day. Send dis to all ur ""VALUED FRNDS"" evn me. If 3 comes back u'll gt married d person u luv! If u ignore dis u will lose ur luv 4 Evr",ham
"I haven't forgotten you, i might have a couple bucks to send you tomorrow, k? I love ya too",ham
Love it! Daddy will make you scream with pleasure! I am going to slap your ass with my dick!,ham
on hen night. Going with a swing,ham
Is ur paper today in e morn or aft?,ham
Ok no problem... Yup i'm going to sch at 4 if i rem correctly...,ham
4 oclock at mine. Just to bash out a flat plan.,ham
You should know now. So how's anthony. Are you bringing money. I've school fees to pay and rent and stuff like that. Thats why i need your help. A friend in need....|,ham
"1.20 that call cost. Which i guess isnt bad. Miss ya, need ya, want ya, love ya",ham
Sent me ur email id soon,ham
If india win or level series means this is record:),ham
Where are you?when wil you reach here?,ham
Message from . I am at Truro Hospital on ext. You can phone me here. as I have a phone by my side,ham
Great. P diddy is my neighbor and comes for toothpaste every morning,ham
Wish i were with you now!,ham
I wanted to ask ü to wait 4 me to finish lect. Cos my lect finishes in an hour anyway.,ham
For many things its an antibiotic and it can be used for chest abdomen and gynae infections even bone infections.,ham
Home so we can always chat,ham
Thats cool! I am a gentleman and will treat you with dignity and respect.,ham
I don't know but I'm raping dudes at poker,ham
Yar lor actually we quite fast... Cos da ge slow wat... Haha...,ham
"That's fine, I'll bitch at you about it later then",ham
staff.science.nus.edu.sg/~phyhcmk/teaching/pc1323,ham
"Painful words- ""I thought being Happy was the most toughest thing on Earth... But, the toughest is acting Happy with all unspoken pain inside..""",ham
"Yup. Anything lor, if u dun wan it's ok...",ham
LMAO where's your fish memory when I need it?,ham
You are awarded a SiPix Digital Camera! call 09061221061 from landline. Delivery within 28days. T Cs Box177. M221BP. 2yr warranty. 150ppm. 16 . p p£3.99,spam
&lt;#&gt;  great loxahatchee xmas tree burning update: you can totally see stars here,ham
Cbe is really good nowadays:)lot of shop and showrooms:)city is shaping good.,ham
Don't make life too stressfull.. Always find time to Laugh.. It may not add years to your Life! But surely adds more life to ur years!! Gud ni8..swt dreams..,ham
Pls confirm the time to collect the cheque.,ham
"Nah it's straight, if you can just bring bud or drinks or something that's actually a little more useful than straight cash",ham
"Sir, waiting for your letter.",ham
S:)but he had some luck.2 catches put down:),ham
Hi did u decide wot 2 get 4 his bday if not ill prob jus get him a voucher frm virgin or sumfing,ham
In other news after hassling me to get him weed for a week andres has no money. HAUGHAIGHGTUJHYGUJ,ham
"Probably gonna be here for a while, see you later tonight &lt;)",ham
Why i come in between you people,ham
Sun ah... Thk mayb can if dun have anythin on... Thk have to book e lesson... E pilates is at orchard mrt u noe hor...,ham
Pls what's the full name of joke's school cos fees in university of florida seem to actually be  &lt;#&gt; k. Pls holla back,ham
"Come to me, slave. Your doing it again ... Going into your shell and unconsciously avoiding me ... You are making me unhappy :-(",ham
No need to buy lunch for me.. I eat maggi mee..,ham
Ugh hopefully the asus ppl dont randomly do a reformat.,ham
"Could you not read me, my Love ? I answered you",ham
"So you think i should actually talk to him? Not call his boss in the morning? I went to this place last year and he told me where i could go and get my car fixed cheaper. He kept telling me today how much he hoped i would come back in, how he always regretted not getting my number, etc.",ham
Any pain on urination any thing else?,ham
You flippin your shit yet?,ham
"FreeMsg Hey there darling it's been 3 week's now and no word back! I'd like some fun you up for it still? Tb ok! XxX std chgs to send, £1.50 to rcv",spam
Yes. I come to nyc for audiitions and am trying to relocate.,ham
Well boy am I glad G wasted all night at applebees for nothing,ham
Or i go home first lar ü wait 4 me lor.. I put down my stuff first..,ham
Will you come online today night,ham
Then ur sis how?,ham
A bloo bloo bloo I'll miss the first bowl,ham
Yeah so basically any time next week you can get away from your mom &amp; get up before 3,ham
Jus finished avatar nigro,ham
Thank you. I like you as well...,ham
Are you willing to go for apps class.,ham
I thk ü gotta go home by urself. Cos i'll b going out shopping 4 my frens present.,ham
R ü comin back for dinner?,ham
Oooh I got plenty of those!,ham
Who were those people ? Were you in a tour ? I thought you were doing that sofa thing you sent me ? Your curious sugar,ham
"Alright we're hooked up, where you guys at",ham
Hi happy birthday. Hi hi hi hi hi hi hi,ham
"Short But Cute: ""Be a good person, but dont try to prove it.."" .Gud noon....",ham
Ill call you evening ill some ideas.,ham
Please call our customer service representative on FREEPHONE 0808 145 4742 between 9am-11pm as you have WON a guaranteed £1000 cash or £5000 prize!,spam
Hello which the site to download songs its urgent pls,ham
"The last thing i ever wanted to do was hurt you. And i didn't think it would have. You'd laugh, be embarassed, delete the tag and keep going. But as far as i knew, it wasn't even up. The fact that you even felt like i would do it to hurt you shows you really don't know me at all. It was messy wednesday, but it wasn't bad. The problem i have with it is you HAVE the time to clean it, but you choose not to. You skype, you take pictures, you sleep, you want to go out. I don't mind a few things here and there, but when you don't make the bed, when you throw laundry on top of it, when i can't have a friend in the house because i'm embarassed that there's underwear and bras strewn on the bed, pillows on the floor, that's something else. You used to be good about at least making the bed.",ham
Please leave this topic..sorry for telling that..,ham
"Night sweet, sleep well! I've just been to see The Exorcism of Emily Rose and may never sleep again! Hugs and snogs!",ham
We're finally ready fyi,ham
"""Happy valentines day"" I know its early but i have hundreds of handsomes and beauties to wish. So i thought to finish off aunties and uncles 1st...",ham
"Beautiful Truth against Gravity.. Read carefully: ""Our heart feels light when someone is in it.. But it feels very heavy when someone leaves it.."" GOOD NIGHT",ham
"I think we're going to finn's now, come",ham
"The word ""Checkmate"" in chess comes from the Persian phrase ""Shah Maat"" which means; ""the king is dead.."" Goodmorning.. Have a good day..:)",ham
"Daddy, shu shu is looking 4 u... U wan me 2 tell him u're not in singapore or wat?",ham
Refused a loan? Secured or Unsecured? Can't get credit? Call free now 0800 195 6669 or text back 'help' & we will!,spam
Congratulations ur awarded either £500 of CD gift vouchers & Free entry 2 our £100 weekly draw txt MUSIC to 87066 TnCs www.Ldew.com1win150ppmx3age16,spam
I guess it is useless calling u 4 something important.,ham
Okay name ur price as long as its legal! Wen can I pick them up? Y u ave x ams xx,ham
"Oh right, ok. I'll make sure that i do loads of work during the day!  got a really nasty cough today and is dry n shot so that should really help it!",ham
Dear reached railway. What happen to you,ham
Fine i miss you very much.,ham
You unbelievable faglord,ham
If you are not coughing then its nothing,ham
how tall are you princess?,ham
Doing my masters. When will you buy a bb cos i have for sale and how's bf,ham
Hey what's up charles sorry about the late reply.,ham
Ok I'm gonna head up to usf in like fifteen minutes,ham
"life alle mone,eppolum oru pole allalo",ham
EASTENDERS TV Quiz. What FLOWER does DOT compare herself to? D= VIOLET E= TULIP F= LILY txt D E or F to 84025 NOW 4 chance 2 WIN £100 Cash WKENT/150P16+,spam
"Bored of speed dating? Try SPEEDCHAT, txt SPEEDCHAT to 80155, if you don't like em txt SWAP and get a new chatter! Chat80155 POBox36504W45WQ 150p/msg rcd 16",spam
HIYA COMIN 2 BRISTOL 1 ST WEEK IN APRIL. LES GOT OFF + RUDI ON NEW YRS EVE BUT I WAS SNORING.THEY WERE DRUNK! U BAK AT COLLEGE YET? MY WORK SENDS INK 2 BATH.,ham
Dunno lei... I thk mum lazy to go out... I neva ask her yet...,ham
Is there any training tomorrow?,ham
Hiya. How was last night? I've been naughty and bought myself clothes and very little ... Ready for more shopping tho! What kind of time do you wanna meet?,ham
do u think that any girl will propose u today by seing ur bloody funky shit fucking face...............asssssholeeee................,ham
Hey ! Don't forget ... You are MINE ... For ME ... My possession ... MY property ... MMM ... *childish smile* ...,ham
I was wondering if it would be okay for you to call uncle john and let him know that things are not the same in nigeria as they r here. That  &lt;#&gt;  dollars is 2years sent and that you know its a strain but i plan to pay back every dime he gives. Every dime so for me to expect anything from you is not practical. Something like that.,ham
I went to project centre,ham
We are okay. Going to sleep now. Later,ham
The wine is flowing and i'm i have nevering..,ham
Wen did you get so spiritual and deep. That's great,ham
Customer Loyalty Offer:The NEW Nokia6650 Mobile from ONLY £10 at TXTAUCTION! Txt word: START to No: 81151 & get yours Now! 4T&Ctxt TC 150p/MTmsg,spam
U still havent got urself a jacket ah?,ham
FREE camera phones with linerental from 4.49/month with 750 cross ntwk mins. 1/2 price txt bundle deals also avble. Call 08001950382 or call2optout/J MF,spam
Yavnt tried yet and never played original either,ham
"Isn't frnd a necesity in life? imagine urself witout a frnd.. hw'd u feel at ur colleg? wat'll u do wth ur cell? wat abt functions? thnk abt events espe'll cared, missed &amp; irritated u? 4wrd it to all those dear-loving frnds wthout whom u cant live.. I jst did it.. Takecare..:) GOODMORNING",ham
K k:) sms chat with me.,ham
We have to pick rayan macleran there.,ham
Should I tell my friend not to come round til like  &lt;#&gt; ish?,ham
Some are lasting as much as 2 hours. You might get lucky.,ham
Yeah sure I'll leave in a min,ham
Are you plans with your family set in stone ?,ham
"Superb Thought- ""Be grateful that u dont have everything u want. That means u still have an opportunity to be happier tomorrow than u are today."":-)",ham
You have won a guaranteed 32000 award or maybe even £1000 cash to claim ur award call free on 0800 ..... (18+). Its a legitimat efreefone number wat do u think???,spam
No. She's currently in scotland for that.,ham
"Sorry my roommates took forever, it ok if I come by now?",ham
No problem. We will be spending a lot of quality time together...,ham
"Hi, this is Mandy Sullivan calling from HOTMIX FM...you are chosen to receive £5000.00 in our Easter Prize draw.....Please telephone 09041940223 to claim before 29/03/05 or your prize will be transferred to someone else....",spam
Am watching house – very entertaining – am getting the whole hugh laurie thing – even with the stick – indeed especially with the stick.,ham
"The sign of maturity is not when we start saying big things.. But actually it is, when we start understanding small things... *HAVE A NICE EVENING* BSLVYL",ham
What I'm saying is if you haven't explicitly told nora I know someone I'm probably just not gonna bother,ham
I told your number to gautham..,ham
"Hey sweet, I was wondering when you had a moment if you might come to me ? I want to send a file to someone but it won't go over yahoo for them because their connection sucks, remember when you set up that page for me to go to and download the format disc ? Could you tell me how to do that ? Or do you know some other way to download big files ? Because they can download stuff directly from the internet. Any help would be great, my prey ... *teasing kiss*",ham
Just now saw your message.it k da:),ham
K:)i will give my kvb acc details:),ham
Just taste fish curry :-P,ham
Cramps stopped. Going back to sleep,ham
Have you seen who's back at Holby?!,ham
"Haha awesome, omw back now then",ham
Dear are you angry i was busy dear,ham
Ok no prob... I'll come after lunch then...,ham
"Thanks da thangam, i feel very very happy dear. I also miss you da.",ham
"I‘ve got some salt, you can rub it in my open wounds if you like!",ham
Where can download clear movies. Dvd copies.,ham
"Yo carlos, a few friends are already asking me about you, you working at all this weekend?",ham
Hello- thanx for taking that call. I got a job! Starts on monday!,ham
Po de :-):):-):-):-). No need job aha.,ham
Super msg da:)nalla timing.,ham
I might come to kerala for 2 days.so you can be prepared to take a leave once i finalise .dont plan any travel during my visit.need to finish urgent works.,ham
"Thanks for your ringtone order, ref number K718. Your mobile will be charged £4.50. Should your tone not arrive please call customer services on 09065069120",spam
Oh shut it. Omg yesterday I had a dream that I had 2 kids both boys. I was so pissed. Not only about the kids but them being boys. I even told mark in my dream that he was changing diapers cause I'm not getting owed in the face.,ham
Then i buy.,ham
Okie.. Thanx..,ham
Lol they were mad at first but then they woke up and gave in.,ham
If he started searching he will get job in few days.he have great potential and talent.,ham
Well if I'm that desperate I'll just call armand again,ham
"Me, i dont know again oh",ham
Genius what's up. How your brother. Pls send his number to my skype.,ham
You stayin out of trouble stranger!!saw Dave the other day hes sorted now!still with me bloke when u gona get a girl MR!ur mum still Thinks we will get 2GETHA!,ham
Nothing but we jus tot u would ask cos u ba gua... But we went mt faber yest... Yest jus went out already mah so today not going out... Jus call lor...,ham
Aight do you still want to get money,ham
Dad says hurry the hell up,ham
"URGENT! You have won a 1 week FREE membership in our £100,000 Prize Jackpot! Txt the word: CLAIM to No: 81010 T&C www.dbuk.net LCCLTD POBOX 4403LDNW1A7RW18",spam
Please ask mummy to call father,ham
Do you want a new Video handset? 750 any time any network mins? UNLIMITED TEXT? Camcorder? Reply or Call now 08000930705 for del Sat AM,spam
Thanks for your subscription to Ringtone UK your mobile will be charged £5/month Please confirm by replying YES or NO. If you reply NO you will not be charged,spam
Did he just say somebody is named tampa,ham
K.:)you are the only girl waiting in reception ah?,ham
"Call me da, i am waiting for your call.",ham
We don call like  &lt;#&gt;  times oh. No give us hypertension oh.,ham
"Ahhhh...just woken up!had a bad dream about u tho,so i dont like u right now :) i didnt know anything about comedy night but i guess im up for it.",ham
I don't think he has spatula hands!,ham
FREEMSG: Our records indicate you may be entitled to 3750 pounds for the Accident you had. To claim for free reply with YES to this msg. To opt out text STOP,spam
Pls pls find out from aunt nike.,ham
"Argh my 3g is spotty, anyway the only thing I remember from the research we did was that province and sterling were the only problem-free places we looked at",ham
"We made it! Eta at taunton is 12:30 as planned, hope that‘s still okday?! Good to see you! :-xx",ham
"(No promises on when though, haven't even gotten dinner yet)",ham
Just hopeing that wasn‘t too pissed up to remember and has gone off to his sisters or something!,ham
"Dizzamn, aight I'll ask my suitemates when I get back",ham
Yes when is the appt again?,ham
There bold 2  &lt;#&gt; . Is that yours,ham
1000's of girls many local 2 u who r virgins 2 this & r ready 2 4fil ur every sexual need. Can u 4fil theirs? text CUTE to 69911(£1.50p. m),spam
Bbq this sat at mine from 6ish. Ur welcome 2 come,ham
Oh for fuck's sake she's in like tallahassee,ham
PRIVATE! Your 2004 Account Statement for 07742676969 shows 786 unredeemed Bonus Points. To claim call 08719180248 Identifier Code: 45239 Expires,spam
Or maybe my fat fingers just press all these buttons and it doesn't know what to do.,ham
Come by our room at some point so we can iron out the plan for this weekend,ham
Will it help if we propose going back again tomorrow,ham
I have lost 10 kilos as of today!,ham
She told to hr that he want posting in chennai:)because i'm working here:),ham
U reach orchard already? U wan 2 go buy tickets first?,ham
East coast,ham
Speaking of does he have any cash yet?,ham
"I'm a guy, browsin is compulsory",ham
U too...,ham
Was actually about to send you a reminder today. Have a wonderful weekend,ham
Was gr8 to see that message. So when r u leaving? Congrats dear. What school and wat r ur plans.,ham
Uncle boye. I need movies oh. Guide me. Plus you know torrents are not particularly legal here. And the system is slowing down. What should i do. Have a gr8 day. Plus have you started cos i dont meet you online. How was the honey moon.,ham
I'm still looking for a car to buy. And have not gone 4the driving test yet.,ham
You are right though. I can't give you the space you want and need. This is really starting to become an issue. I was going to suggest setting a definite move out--if i'm still there-- after greece. But maybe you are ready and should do it now.,ham
Jus finish bathing...,ham
Maybe i could get book out tomo then return it immediately ..? Or something.,ham
Hey happy birthday...,ham
When is school starting. Where will you stay. What's the weather like. And the food. Do you have a social support system like friends in the school. All these things are important.,ham
Are you planning to come chennai?,ham
Realy sorry-i don't recognise this number and am now confused :) who r u please?!,ham
"New Theory: Argument wins d SITUATION, but loses the PERSON. So dont argue with ur friends just.. . . . kick them &amp; say, I'm always correct.!",ham
"I'm there and I can see you, but you can't see me ? Maybe you should reboot ym ? I seen the buzz",ham
Are you going to wipro interview today?,ham
Wat time ü finish?,ham
Then why you came to hostel.,ham
"URGENT, IMPORTANT INFORMATION FOR O2 USER. TODAY IS YOUR LUCKY DAY! 2 FIND OUT WHY LOG ONTO HTTP://WWW.URAWINNER.COM THERE IS A FANTASTIC SURPRISE AWAITING FOR YOU",spam
Nice line said by a broken heart- Plz don't cum 1 more times infront of me... Other wise once again I ll trust U... Good 9t:),ham
Wishing you a beautiful day. Each moment revealing even more things to keep you smiling. Do enjoy it.,ham
"I guess that's why you re worried. You must know that there's a way the body repairs itself. And i'm quite sure you shouldn't worry. We'll take it slow. First the tests, they will guide when your ovulation is then just relax. Nothing you've said is a reason to worry but i.ll keep on followin you up.",ham
Check wid corect speling i.e. Sarcasm,ham
I am going to sleep. I am tired of travel.,ham
It just seems like weird timing that the night that all you and g want is for me to come smoke is the same day as when a shitstorm is attributed to me always coming over and making everyone smoke,ham
", ,  and  picking them up from various points | going 2 yeovil | and they will do the motor project 4 3 hours | and then u take them home. || 12 2 5.30 max. || Very easy",ham
Yup he msg me: is tat yijue? Then i tot it's my group mate cos we meeting today mah... I'm askin if ü leaving earlier or wat mah cos mayb ü haf to walk v far...,ham
"Hey, I missed you tm of last night as my phone was on the charge ... *smiles* ... I am meeting a friend shortly",ham
Yes just finished watching days of our lives. I love it.,ham
Don't b floppy... b snappy & happy! Only gay chat service with photo upload call 08718730666 (10p/min). 2 stop our texts call 08712460324,spam
"Hi babe its Chloe, how r u? I was smashed on saturday night, it was great! How was your weekend? U been missing me? SP visionsms.com Text stop to stop 150p/text",spam
25p 4 alfie Moon's Children in need song on ur mob. Tell ur m8s. Txt Tone charity to 8007 for Nokias or Poly charity for polys: zed 08701417012 profit 2 charity.,spam
"Yeah I think my usual guy's still passed out from last night, if you get ahold of anybody let me know and I'll throw down",ham
